dataset,config,fold,seed,r,B,feasible,selected_alpha_total,selected_alpha_lie,test_q_truth,test_q_lie,a,alpha_truth,alpha_lie,sel_reject,sel_fn,sel_fp,sel_expected_cost,sel_q_truth,sel_q_lie,selected
SEUMLD,OADNet_text,0,7,3.0,0.5,False,0.3,0.09999999999999999,0.3844022750854492,0.8926396146416664,0.05,0.05,0.016666666666666666,0.9071428571428571,0.0,0.03977272727272727,0.4785714285714286,0.618990421295166,0.9823435824364424,0
SEUMLD,OADNet_text,0,7,3.0,0.5,False,0.3,0.09999999999999999,0.3844022750854492,0.8926396146416664,0.075,0.075,0.024999999999999998,0.8607142857142858,0.009615384615384616,0.06818181818181818,0.48392857142857143,0.45753055810928345,0.9821432009339333,0
SEUMLD,OADNet_text,0,7,3.0,0.5,False,0.3,0.09999999999999999,0.3844022750854492,0.8926396146416664,0.1,0.1,0.03333333333333333,0.8178571428571428,0.019230769230769232,0.09090909090909091,0.4875,0.3844022750854492,0.9798090439289808,0
SEUMLD,OADNet_text,0,7,3.0,0.5,False,0.3,0.09999999999999999,0.3844022750854492,0.8926396146416664,0.15,0.15,0.049999999999999996,0.7928571428571428,0.038461538461538464,0.09090909090909091,0.49642857142857144,0.3844022750854492,0.9750066045671701,0
SEUMLD,OADNet_text,0,7,3.0,0.5,False,0.3,0.09999999999999999,0.3844022750854492,0.8926396146416664,0.2,0.2,0.06666666666666667,0.7821428571428571,0.057692307692307696,0.09090909090909091,0.5125,0.3844022750854492,0.9729701019823551,0
SEUMLD,OADNet_text,0,7,3.0,0.5,False,0.3,0.09999999999999999,0.3844022750854492,0.8926396146416664,0.25,0.25,0.08333333333333333,0.7678571428571429,0.0673076923076923,0.09090909090909091,0.5160714285714286,0.3844022750854492,0.9709675926715136,0
SEUMLD,OADNet_text,0,7,3.0,0.5,False,0.3,0.09999999999999999,0.3844022750854492,0.8926396146416664,0.3,0.3,0.09999999999999999,0.6928571428571428,0.08653846153846154,0.09090909090909091,0.5,0.3844022750854492,0.9604747109115124,1
SEUMLD,OADNet_text,0,7,3.0,0.6,False,0.3,0.09999999999999999,0.3844022750854492,0.8926396146416664,0.05,0.05,0.016666666666666666,0.9071428571428571,0.0,0.03977272727272727,0.4785714285714286,0.618990421295166,0.9823435824364424,0
SEUMLD,OADNet_text,0,7,3.0,0.6,False,0.3,0.09999999999999999,0.3844022750854492,0.8926396146416664,0.075,0.075,0.024999999999999998,0.8607142857142858,0.009615384615384616,0.06818181818181818,0.48392857142857143,0.45753055810928345,0.9821432009339333,0
SEUMLD,OADNet_text,0,7,3.0,0.6,False,0.3,0.09999999999999999,0.3844022750854492,0.8926396146416664,0.1,0.1,0.03333333333333333,0.8178571428571428,0.019230769230769232,0.09090909090909091,0.4875,0.3844022750854492,0.9798090439289808,0
SEUMLD,OADNet_text,0,7,3.0,0.6,False,0.3,0.09999999999999999,0.3844022750854492,0.8926396146416664,0.15,0.15,0.049999999999999996,0.7928571428571428,0.038461538461538464,0.09090909090909091,0.49642857142857144,0.3844022750854492,0.9750066045671701,0
SEUMLD,OADNet_text,0,7,3.0,0.6,False,0.3,0.09999999999999999,0.3844022750854492,0.8926396146416664,0.2,0.2,0.06666666666666667,0.7821428571428571,0.057692307692307696,0.09090909090909091,0.5125,0.3844022750854492,0.9729701019823551,0
SEUMLD,OADNet_text,0,7,3.0,0.6,False,0.3,0.09999999999999999,0.3844022750854492,0.8926396146416664,0.25,0.25,0.08333333333333333,0.7678571428571429,0.0673076923076923,0.09090909090909091,0.5160714285714286,0.3844022750854492,0.9709675926715136,0
SEUMLD,OADNet_text,0,7,3.0,0.6,False,0.3,0.09999999999999999,0.3844022750854492,0.8926396146416664,0.3,0.3,0.09999999999999999,0.6928571428571428,0.08653846153846154,0.09090909090909091,0.5,0.3844022750854492,0.9604747109115124,1
SEUMLD,OADNet_text,0,7,3.0,0.7,True,0.3,0.09999999999999999,0.3844022750854492,0.8926396146416664,0.05,0.05,0.016666666666666666,0.9071428571428571,0.0,0.03977272727272727,0.4785714285714286,0.618990421295166,0.9823435824364424,0
SEUMLD,OADNet_text,0,7,3.0,0.7,True,0.3,0.09999999999999999,0.3844022750854492,0.8926396146416664,0.075,0.075,0.024999999999999998,0.8607142857142858,0.009615384615384616,0.06818181818181818,0.48392857142857143,0.45753055810928345,0.9821432009339333,0
SEUMLD,OADNet_text,0,7,3.0,0.7,True,0.3,0.09999999999999999,0.3844022750854492,0.8926396146416664,0.1,0.1,0.03333333333333333,0.8178571428571428,0.019230769230769232,0.09090909090909091,0.4875,0.3844022750854492,0.9798090439289808,0
SEUMLD,OADNet_text,0,7,3.0,0.7,True,0.3,0.09999999999999999,0.3844022750854492,0.8926396146416664,0.15,0.15,0.049999999999999996,0.7928571428571428,0.038461538461538464,0.09090909090909091,0.49642857142857144,0.3844022750854492,0.9750066045671701,0
SEUMLD,OADNet_text,0,7,3.0,0.7,True,0.3,0.09999999999999999,0.3844022750854492,0.8926396146416664,0.2,0.2,0.06666666666666667,0.7821428571428571,0.057692307692307696,0.09090909090909091,0.5125,0.3844022750854492,0.9729701019823551,0
SEUMLD,OADNet_text,0,7,3.0,0.7,True,0.3,0.09999999999999999,0.3844022750854492,0.8926396146416664,0.25,0.25,0.08333333333333333,0.7678571428571429,0.0673076923076923,0.09090909090909091,0.5160714285714286,0.3844022750854492,0.9709675926715136,0
SEUMLD,OADNet_text,0,7,3.0,0.7,True,0.3,0.09999999999999999,0.3844022750854492,0.8926396146416664,0.3,0.3,0.09999999999999999,0.6928571428571428,0.08653846153846154,0.09090909090909091,0.5,0.3844022750854492,0.9604747109115124,1
SEUMLD,OADNet_text,0,7,3.0,0.8,True,0.15,0.049999999999999996,0.5254870057106018,0.9466024748980999,0.05,0.05,0.016666666666666666,0.9071428571428571,0.0,0.03977272727272727,0.4785714285714286,0.618990421295166,0.9823435824364424,0
SEUMLD,OADNet_text,0,7,3.0,0.8,True,0.15,0.049999999999999996,0.5254870057106018,0.9466024748980999,0.075,0.075,0.024999999999999998,0.8607142857142858,0.009615384615384616,0.06818181818181818,0.48392857142857143,0.45753055810928345,0.9821432009339333,0
SEUMLD,OADNet_text,0,7,3.0,0.8,True,0.15,0.049999999999999996,0.5254870057106018,0.9466024748980999,0.1,0.1,0.03333333333333333,0.8178571428571428,0.019230769230769232,0.09090909090909091,0.4875,0.3844022750854492,0.9798090439289808,0
SEUMLD,OADNet_text,0,7,3.0,0.8,True,0.15,0.049999999999999996,0.5254870057106018,0.9466024748980999,0.15,0.15,0.049999999999999996,0.7928571428571428,0.038461538461538464,0.09090909090909091,0.49642857142857144,0.3844022750854492,0.9750066045671701,1
SEUMLD,OADNet_text,0,7,3.0,0.8,True,0.15,0.049999999999999996,0.5254870057106018,0.9466024748980999,0.2,0.2,0.06666666666666667,0.7821428571428571,0.057692307692307696,0.09090909090909091,0.5125,0.3844022750854492,0.9729701019823551,0
SEUMLD,OADNet_text,0,7,3.0,0.8,True,0.15,0.049999999999999996,0.5254870057106018,0.9466024748980999,0.25,0.25,0.08333333333333333,0.7678571428571429,0.0673076923076923,0.09090909090909091,0.5160714285714286,0.3844022750854492,0.9709675926715136,0
SEUMLD,OADNet_text,0,7,3.0,0.8,True,0.15,0.049999999999999996,0.5254870057106018,0.9466024748980999,0.3,0.3,0.09999999999999999,0.6928571428571428,0.08653846153846154,0.09090909090909091,0.5,0.3844022750854492,0.9604747109115124,0
SEUMLD,OADNet_text,0,42,3.0,0.5,False,0.3,0.09999999999999999,0.37399014830589294,0.8550840467214584,0.05,0.05,0.016666666666666666,0.8821428571428571,0.0,0.03409090909090909,0.4625,0.4593132734298706,0.9451616778969765,0
SEUMLD,OADNet_text,0,42,3.0,0.5,False,0.3,0.09999999999999999,0.37399014830589294,0.8550840467214584,0.075,0.075,0.024999999999999998,0.825,0.009615384615384616,0.06818181818181818,0.4660714285714286,0.3745955228805542,0.9292140230536461,0
SEUMLD,OADNet_text,0,42,3.0,0.5,False,0.3,0.09999999999999999,0.37399014830589294,0.8550840467214584,0.1,0.1,0.03333333333333333,0.7821428571428571,0.019230769230769232,0.07386363636363637,0.4589285714285714,0.37399014830589294,0.9205631241202354,0
SEUMLD,OADNet_text,0,42,3.0,0.5,False,0.3,0.09999999999999999,0.37399014830589294,0.8550840467214584,0.15,0.15,0.049999999999999996,0.775,0.038461538461538464,0.07386363636363637,0.4767857142857143,0.37399014830589294,0.9186091795563698,0
SEUMLD,OADNet_text,0,42,3.0,0.5,False,0.3,0.09999999999999999,0.37399014830589294,0.8550840467214584,0.2,0.2,0.06666666666666667,0.7321428571428571,0.057692307692307696,0.07386363636363637,0.4767857142857143,0.37399014830589294,0.90361487865448,0
SEUMLD,OADNet_text,0,42,3.0,0.5,False,0.3,0.09999999999999999,0.37399014830589294,0.8550840467214584,0.25,0.25,0.08333333333333333,0.7285714285714285,0.0673076923076923,0.07386363636363637,0.4857142857142857,0.37399014830589294,0.9008791446685791,0
SEUMLD,OADNet_text,0,42,3.0,0.5,False,0.3,0.09999999999999999,0.37399014830589294,0.8550840467214584,0.3,0.3,0.09999999999999999,0.6928571428571428,0.08653846153846154,0.07386363636363637,0.48928571428571427,0.37399014830589294,0.8915891423821449,1
SEUMLD,OADNet_text,0,42,3.0,0.6,False,0.3,0.09999999999999999,0.37399014830589294,0.8550840467214584,0.05,0.05,0.016666666666666666,0.8821428571428571,0.0,0.03409090909090909,0.4625,0.4593132734298706,0.9451616778969765,0
SEUMLD,OADNet_text,0,42,3.0,0.6,False,0.3,0.09999999999999999,0.37399014830589294,0.8550840467214584,0.075,0.075,0.024999999999999998,0.825,0.009615384615384616,0.06818181818181818,0.4660714285714286,0.3745955228805542,0.9292140230536461,0
SEUMLD,OADNet_text,0,42,3.0,0.6,False,0.3,0.09999999999999999,0.37399014830589294,0.8550840467214584,0.1,0.1,0.03333333333333333,0.7821428571428571,0.019230769230769232,0.07386363636363637,0.4589285714285714,0.37399014830589294,0.9205631241202354,0
SEUMLD,OADNet_text,0,42,3.0,0.6,False,0.3,0.09999999999999999,0.37399014830589294,0.8550840467214584,0.15,0.15,0.049999999999999996,0.775,0.038461538461538464,0.07386363636363637,0.4767857142857143,0.37399014830589294,0.9186091795563698,0
SEUMLD,OADNet_text,0,42,3.0,0.6,False,0.3,0.09999999999999999,0.37399014830589294,0.8550840467214584,0.2,0.2,0.06666666666666667,0.7321428571428571,0.057692307692307696,0.07386363636363637,0.4767857142857143,0.37399014830589294,0.90361487865448,0
SEUMLD,OADNet_text,0,42,3.0,0.6,False,0.3,0.09999999999999999,0.37399014830589294,0.8550840467214584,0.25,0.25,0.08333333333333333,0.7285714285714285,0.0673076923076923,0.07386363636363637,0.4857142857142857,0.37399014830589294,0.9008791446685791,0
SEUMLD,OADNet_text,0,42,3.0,0.6,False,0.3,0.09999999999999999,0.37399014830589294,0.8550840467214584,0.3,0.3,0.09999999999999999,0.6928571428571428,0.08653846153846154,0.07386363636363637,0.48928571428571427,0.37399014830589294,0.8915891423821449,1
SEUMLD,OADNet_text,0,42,3.0,0.7,True,0.3,0.09999999999999999,0.37399014830589294,0.8550840467214584,0.05,0.05,0.016666666666666666,0.8821428571428571,0.0,0.03409090909090909,0.4625,0.4593132734298706,0.9451616778969765,0
SEUMLD,OADNet_text,0,42,3.0,0.7,True,0.3,0.09999999999999999,0.37399014830589294,0.8550840467214584,0.075,0.075,0.024999999999999998,0.825,0.009615384615384616,0.06818181818181818,0.4660714285714286,0.3745955228805542,0.9292140230536461,0
SEUMLD,OADNet_text,0,42,3.0,0.7,True,0.3,0.09999999999999999,0.37399014830589294,0.8550840467214584,0.1,0.1,0.03333333333333333,0.7821428571428571,0.019230769230769232,0.07386363636363637,0.4589285714285714,0.37399014830589294,0.9205631241202354,0
SEUMLD,OADNet_text,0,42,3.0,0.7,True,0.3,0.09999999999999999,0.37399014830589294,0.8550840467214584,0.15,0.15,0.049999999999999996,0.775,0.038461538461538464,0.07386363636363637,0.4767857142857143,0.37399014830589294,0.9186091795563698,0
SEUMLD,OADNet_text,0,42,3.0,0.7,True,0.3,0.09999999999999999,0.37399014830589294,0.8550840467214584,0.2,0.2,0.06666666666666667,0.7321428571428571,0.057692307692307696,0.07386363636363637,0.4767857142857143,0.37399014830589294,0.90361487865448,0
SEUMLD,OADNet_text,0,42,3.0,0.7,True,0.3,0.09999999999999999,0.37399014830589294,0.8550840467214584,0.25,0.25,0.08333333333333333,0.7285714285714285,0.0673076923076923,0.07386363636363637,0.4857142857142857,0.37399014830589294,0.9008791446685791,0
SEUMLD,OADNet_text,0,42,3.0,0.7,True,0.3,0.09999999999999999,0.37399014830589294,0.8550840467214584,0.3,0.3,0.09999999999999999,0.6928571428571428,0.08653846153846154,0.07386363636363637,0.48928571428571427,0.37399014830589294,0.8915891423821449,1
SEUMLD,OADNet_text,0,42,3.0,0.8,True,0.1,0.03333333333333333,0.5423179864883423,0.8943343088030815,0.05,0.05,0.016666666666666666,0.8821428571428571,0.0,0.03409090909090909,0.4625,0.4593132734298706,0.9451616778969765,0
SEUMLD,OADNet_text,0,42,3.0,0.8,True,0.1,0.03333333333333333,0.5423179864883423,0.8943343088030815,0.075,0.075,0.024999999999999998,0.825,0.009615384615384616,0.06818181818181818,0.4660714285714286,0.3745955228805542,0.9292140230536461,0
SEUMLD,OADNet_text,0,42,3.0,0.8,True,0.1,0.03333333333333333,0.5423179864883423,0.8943343088030815,0.1,0.1,0.03333333333333333,0.7821428571428571,0.019230769230769232,0.07386363636363637,0.4589285714285714,0.37399014830589294,0.9205631241202354,1
SEUMLD,OADNet_text,0,42,3.0,0.8,True,0.1,0.03333333333333333,0.5423179864883423,0.8943343088030815,0.15,0.15,0.049999999999999996,0.775,0.038461538461538464,0.07386363636363637,0.4767857142857143,0.37399014830589294,0.9186091795563698,0
SEUMLD,OADNet_text,0,42,3.0,0.8,True,0.1,0.03333333333333333,0.5423179864883423,0.8943343088030815,0.2,0.2,0.06666666666666667,0.7321428571428571,0.057692307692307696,0.07386363636363637,0.4767857142857143,0.37399014830589294,0.90361487865448,0
SEUMLD,OADNet_text,0,42,3.0,0.8,True,0.1,0.03333333333333333,0.5423179864883423,0.8943343088030815,0.25,0.25,0.08333333333333333,0.7285714285714285,0.0673076923076923,0.07386363636363637,0.4857142857142857,0.37399014830589294,0.9008791446685791,0
SEUMLD,OADNet_text,0,42,3.0,0.8,True,0.1,0.03333333333333333,0.5423179864883423,0.8943343088030815,0.3,0.3,0.09999999999999999,0.6928571428571428,0.08653846153846154,0.07386363636363637,0.48928571428571427,0.37399014830589294,0.8915891423821449,0
SEUMLD,OADNet_text,0,123,3.0,0.5,False,0.3,0.09999999999999999,0.3932753801345825,0.8526470065116882,0.05,0.05,0.016666666666666666,0.8892857142857142,0.0,0.03977272727272727,0.46964285714285714,0.5212686657905579,0.9734196532517672,0
SEUMLD,OADNet_text,0,123,3.0,0.5,False,0.3,0.09999999999999999,0.3932753801345825,0.8526470065116882,0.075,0.075,0.024999999999999998,0.7964285714285714,0.009615384615384616,0.06818181818181818,0.4517857142857143,0.41251620650291443,0.9568813666701317,0
SEUMLD,OADNet_text,0,123,3.0,0.5,False,0.3,0.09999999999999999,0.3932753801345825,0.8526470065116882,0.1,0.1,0.03333333333333333,0.775,0.019230769230769232,0.07954545454545454,0.4589285714285714,0.3932753801345825,0.95528968796134,0
SEUMLD,OADNet_text,0,123,3.0,0.5,False,0.3,0.09999999999999999,0.3932753801345825,0.8526470065116882,0.15,0.15,0.049999999999999996,0.7678571428571429,0.038461538461538464,0.07954545454545454,0.4767857142857143,0.3932753801345825,0.950659453868866,0
SEUMLD,OADNet_text,0,123,3.0,0.5,False,0.3,0.09999999999999999,0.3932753801345825,0.8526470065116882,0.2,0.2,0.06666666666666667,0.725,0.057692307692307696,0.07954545454545454,0.4767857142857143,0.3932753801345825,0.94989949837327,0
SEUMLD,OADNet_text,0,123,3.0,0.5,False,0.3,0.09999999999999999,0.3932753801345825,0.8526470065116882,0.25,0.25,0.08333333333333333,0.7178571428571429,0.0673076923076923,0.07954545454545454,0.48392857142857143,0.3932753801345825,0.949349895119667,0
SEUMLD,OADNet_text,0,123,3.0,0.5,False,0.3,0.09999999999999999,0.3932753801345825,0.8526470065116882,0.3,0.3,0.09999999999999999,0.65,0.08653846153846154,0.07954545454545454,0.4714285714285714,0.3932753801345825,0.9291384145617485,1
SEUMLD,OADNet_text,0,123,3.0,0.6,False,0.3,0.09999999999999999,0.3932753801345825,0.8526470065116882,0.05,0.05,0.016666666666666666,0.8892857142857142,0.0,0.03977272727272727,0.46964285714285714,0.5212686657905579,0.9734196532517672,0
SEUMLD,OADNet_text,0,123,3.0,0.6,False,0.3,0.09999999999999999,0.3932753801345825,0.8526470065116882,0.075,0.075,0.024999999999999998,0.7964285714285714,0.009615384615384616,0.06818181818181818,0.4517857142857143,0.41251620650291443,0.9568813666701317,0
SEUMLD,OADNet_text,0,123,3.0,0.6,False,0.3,0.09999999999999999,0.3932753801345825,0.8526470065116882,0.1,0.1,0.03333333333333333,0.775,0.019230769230769232,0.07954545454545454,0.4589285714285714,0.3932753801345825,0.95528968796134,0
SEUMLD,OADNet_text,0,123,3.0,0.6,False,0.3,0.09999999999999999,0.3932753801345825,0.8526470065116882,0.15,0.15,0.049999999999999996,0.7678571428571429,0.038461538461538464,0.07954545454545454,0.4767857142857143,0.3932753801345825,0.950659453868866,0
SEUMLD,OADNet_text,0,123,3.0,0.6,False,0.3,0.09999999999999999,0.3932753801345825,0.8526470065116882,0.2,0.2,0.06666666666666667,0.725,0.057692307692307696,0.07954545454545454,0.4767857142857143,0.3932753801345825,0.94989949837327,0
SEUMLD,OADNet_text,0,123,3.0,0.6,False,0.3,0.09999999999999999,0.3932753801345825,0.8526470065116882,0.25,0.25,0.08333333333333333,0.7178571428571429,0.0673076923076923,0.07954545454545454,0.48392857142857143,0.3932753801345825,0.949349895119667,0
SEUMLD,OADNet_text,0,123,3.0,0.6,False,0.3,0.09999999999999999,0.3932753801345825,0.8526470065116882,0.3,0.3,0.09999999999999999,0.65,0.08653846153846154,0.07954545454545454,0.4714285714285714,0.3932753801345825,0.9291384145617485,1
SEUMLD,OADNet_text,0,123,3.0,0.7,True,0.3,0.09999999999999999,0.3932753801345825,0.8526470065116882,0.05,0.05,0.016666666666666666,0.8892857142857142,0.0,0.03977272727272727,0.46964285714285714,0.5212686657905579,0.9734196532517672,0
SEUMLD,OADNet_text,0,123,3.0,0.7,True,0.3,0.09999999999999999,0.3932753801345825,0.8526470065116882,0.075,0.075,0.024999999999999998,0.7964285714285714,0.009615384615384616,0.06818181818181818,0.4517857142857143,0.41251620650291443,0.9568813666701317,0
SEUMLD,OADNet_text,0,123,3.0,0.7,True,0.3,0.09999999999999999,0.3932753801345825,0.8526470065116882,0.1,0.1,0.03333333333333333,0.775,0.019230769230769232,0.07954545454545454,0.4589285714285714,0.3932753801345825,0.95528968796134,0
SEUMLD,OADNet_text,0,123,3.0,0.7,True,0.3,0.09999999999999999,0.3932753801345825,0.8526470065116882,0.15,0.15,0.049999999999999996,0.7678571428571429,0.038461538461538464,0.07954545454545454,0.4767857142857143,0.3932753801345825,0.950659453868866,0
SEUMLD,OADNet_text,0,123,3.0,0.7,True,0.3,0.09999999999999999,0.3932753801345825,0.8526470065116882,0.2,0.2,0.06666666666666667,0.725,0.057692307692307696,0.07954545454545454,0.4767857142857143,0.3932753801345825,0.94989949837327,0
SEUMLD,OADNet_text,0,123,3.0,0.7,True,0.3,0.09999999999999999,0.3932753801345825,0.8526470065116882,0.25,0.25,0.08333333333333333,0.7178571428571429,0.0673076923076923,0.07954545454545454,0.48392857142857143,0.3932753801345825,0.949349895119667,0
SEUMLD,OADNet_text,0,123,3.0,0.7,True,0.3,0.09999999999999999,0.3932753801345825,0.8526470065116882,0.3,0.3,0.09999999999999999,0.65,0.08653846153846154,0.07954545454545454,0.4714285714285714,0.3932753801345825,0.9291384145617485,1
SEUMLD,OADNet_text,0,123,3.0,0.8,True,0.075,0.024999999999999998,0.7153888940811157,0.968048881739378,0.05,0.05,0.016666666666666666,0.8892857142857142,0.0,0.03977272727272727,0.46964285714285714,0.5212686657905579,0.9734196532517672,0
SEUMLD,OADNet_text,0,123,3.0,0.8,True,0.075,0.024999999999999998,0.7153888940811157,0.968048881739378,0.075,0.075,0.024999999999999998,0.7964285714285714,0.009615384615384616,0.06818181818181818,0.4517857142857143,0.41251620650291443,0.9568813666701317,1
SEUMLD,OADNet_text,0,123,3.0,0.8,True,0.075,0.024999999999999998,0.7153888940811157,0.968048881739378,0.1,0.1,0.03333333333333333,0.775,0.019230769230769232,0.07954545454545454,0.4589285714285714,0.3932753801345825,0.95528968796134,0
SEUMLD,OADNet_text,0,123,3.0,0.8,True,0.075,0.024999999999999998,0.7153888940811157,0.968048881739378,0.15,0.15,0.049999999999999996,0.7678571428571429,0.038461538461538464,0.07954545454545454,0.4767857142857143,0.3932753801345825,0.950659453868866,0
SEUMLD,OADNet_text,0,123,3.0,0.8,True,0.075,0.024999999999999998,0.7153888940811157,0.968048881739378,0.2,0.2,0.06666666666666667,0.725,0.057692307692307696,0.07954545454545454,0.4767857142857143,0.3932753801345825,0.94989949837327,0
SEUMLD,OADNet_text,0,123,3.0,0.8,True,0.075,0.024999999999999998,0.7153888940811157,0.968048881739378,0.25,0.25,0.08333333333333333,0.7178571428571429,0.0673076923076923,0.07954545454545454,0.48392857142857143,0.3932753801345825,0.949349895119667,0
SEUMLD,OADNet_text,0,123,3.0,0.8,True,0.075,0.024999999999999998,0.7153888940811157,0.968048881739378,0.3,0.3,0.09999999999999999,0.65,0.08653846153846154,0.07954545454545454,0.4714285714285714,0.3932753801345825,0.9291384145617485,0
SEUMLD,OADNet_text,0,2024,3.0,0.5,False,0.3,0.09999999999999999,0.35621610283851624,0.7965532541275024,0.05,0.05,0.016666666666666666,0.9035714285714286,0.0,0.03977272727272727,0.4767857142857143,0.5048467516899109,0.9604747109115124,0
SEUMLD,OADNet_text,0,2024,3.0,0.5,False,0.3,0.09999999999999999,0.35621610283851624,0.7965532541275024,0.075,0.075,0.024999999999999998,0.8178571428571428,0.009615384615384616,0.06818181818181818,0.4625,0.41211602091789246,0.935374304652214,0
SEUMLD,OADNet_text,0,2024,3.0,0.5,False,0.3,0.09999999999999999,0.35621610283851624,0.7965532541275024,0.1,0.1,0.03333333333333333,0.7821428571428571,0.019230769230769232,0.09090909090909091,0.46964285714285714,0.3672569692134857,0.9274560958147049,0
SEUMLD,OADNet_text,0,2024,3.0,0.5,False,0.3,0.09999999999999999,0.35621610283851624,0.7965532541275024,0.15,0.15,0.049999999999999996,0.75,0.038461538461538464,0.10227272727272728,0.48214285714285715,0.35621610283851624,0.9206890761852264,0
SEUMLD,OADNet_text,0,2024,3.0,0.5,False,0.3,0.09999999999999999,0.35621610283851624,0.7965532541275024,0.2,0.2,0.06666666666666667,0.6964285714285714,0.057692307692307696,0.10227272727272728,0.4767857142857143,0.35621610283851624,0.9141195043921471,0
SEUMLD,OADNet_text,0,2024,3.0,0.5,False,0.3,0.09999999999999999,0.35621610283851624,0.7965532541275024,0.25,0.25,0.08333333333333333,0.6892857142857143,0.0673076923076923,0.10227272727272728,0.48392857142857143,0.35621610283851624,0.9135767892003059,0
SEUMLD,OADNet_text,0,2024,3.0,0.5,False,0.3,0.09999999999999999,0.35621610283851624,0.7965532541275024,0.3,0.3,0.09999999999999999,0.6821428571428572,0.08653846153846154,0.10227272727272728,0.5017857142857143,0.35621610283851624,0.9093118831515312,1
SEUMLD,OADNet_text,0,2024,3.0,0.6,False,0.3,0.09999999999999999,0.35621610283851624,0.7965532541275024,0.05,0.05,0.016666666666666666,0.9035714285714286,0.0,0.03977272727272727,0.4767857142857143,0.5048467516899109,0.9604747109115124,0
SEUMLD,OADNet_text,0,2024,3.0,0.6,False,0.3,0.09999999999999999,0.35621610283851624,0.7965532541275024,0.075,0.075,0.024999999999999998,0.8178571428571428,0.009615384615384616,0.06818181818181818,0.4625,0.41211602091789246,0.935374304652214,0
SEUMLD,OADNet_text,0,2024,3.0,0.6,False,0.3,0.09999999999999999,0.35621610283851624,0.7965532541275024,0.1,0.1,0.03333333333333333,0.7821428571428571,0.019230769230769232,0.09090909090909091,0.46964285714285714,0.3672569692134857,0.9274560958147049,0
SEUMLD,OADNet_text,0,2024,3.0,0.6,False,0.3,0.09999999999999999,0.35621610283851624,0.7965532541275024,0.15,0.15,0.049999999999999996,0.75,0.038461538461538464,0.10227272727272728,0.48214285714285715,0.35621610283851624,0.9206890761852264,0
SEUMLD,OADNet_text,0,2024,3.0,0.6,False,0.3,0.09999999999999999,0.35621610283851624,0.7965532541275024,0.2,0.2,0.06666666666666667,0.6964285714285714,0.057692307692307696,0.10227272727272728,0.4767857142857143,0.35621610283851624,0.9141195043921471,0
SEUMLD,OADNet_text,0,2024,3.0,0.6,False,0.3,0.09999999999999999,0.35621610283851624,0.7965532541275024,0.25,0.25,0.08333333333333333,0.6892857142857143,0.0673076923076923,0.10227272727272728,0.48392857142857143,0.35621610283851624,0.9135767892003059,0
SEUMLD,OADNet_text,0,2024,3.0,0.6,False,0.3,0.09999999999999999,0.35621610283851624,0.7965532541275024,0.3,0.3,0.09999999999999999,0.6821428571428572,0.08653846153846154,0.10227272727272728,0.5017857142857143,0.35621610283851624,0.9093118831515312,1
SEUMLD,OADNet_text,0,2024,3.0,0.7,True,0.2,0.06666666666666667,0.3690609037876129,0.8636218160390854,0.05,0.05,0.016666666666666666,0.9035714285714286,0.0,0.03977272727272727,0.4767857142857143,0.5048467516899109,0.9604747109115124,0
SEUMLD,OADNet_text,0,2024,3.0,0.7,True,0.2,0.06666666666666667,0.3690609037876129,0.8636218160390854,0.075,0.075,0.024999999999999998,0.8178571428571428,0.009615384615384616,0.06818181818181818,0.4625,0.41211602091789246,0.935374304652214,0
SEUMLD,OADNet_text,0,2024,3.0,0.7,True,0.2,0.06666666666666667,0.3690609037876129,0.8636218160390854,0.1,0.1,0.03333333333333333,0.7821428571428571,0.019230769230769232,0.09090909090909091,0.46964285714285714,0.3672569692134857,0.9274560958147049,0
SEUMLD,OADNet_text,0,2024,3.0,0.7,True,0.2,0.06666666666666667,0.3690609037876129,0.8636218160390854,0.15,0.15,0.049999999999999996,0.75,0.038461538461538464,0.10227272727272728,0.48214285714285715,0.35621610283851624,0.9206890761852264,0
SEUMLD,OADNet_text,0,2024,3.0,0.7,True,0.2,0.06666666666666667,0.3690609037876129,0.8636218160390854,0.2,0.2,0.06666666666666667,0.6964285714285714,0.057692307692307696,0.10227272727272728,0.4767857142857143,0.35621610283851624,0.9141195043921471,1
SEUMLD,OADNet_text,0,2024,3.0,0.7,True,0.2,0.06666666666666667,0.3690609037876129,0.8636218160390854,0.25,0.25,0.08333333333333333,0.6892857142857143,0.0673076923076923,0.10227272727272728,0.48392857142857143,0.35621610283851624,0.9135767892003059,0
SEUMLD,OADNet_text,0,2024,3.0,0.7,True,0.2,0.06666666666666667,0.3690609037876129,0.8636218160390854,0.3,0.3,0.09999999999999999,0.6821428571428572,0.08653846153846154,0.10227272727272728,0.5017857142857143,0.35621610283851624,0.9093118831515312,0
SEUMLD,OADNet_text,0,2024,3.0,0.8,True,0.1,0.03333333333333333,0.6282933950424194,0.9250230342149734,0.05,0.05,0.016666666666666666,0.9035714285714286,0.0,0.03977272727272727,0.4767857142857143,0.5048467516899109,0.9604747109115124,0
SEUMLD,OADNet_text,0,2024,3.0,0.8,True,0.1,0.03333333333333333,0.6282933950424194,0.9250230342149734,0.075,0.075,0.024999999999999998,0.8178571428571428,0.009615384615384616,0.06818181818181818,0.4625,0.41211602091789246,0.935374304652214,0
SEUMLD,OADNet_text,0,2024,3.0,0.8,True,0.1,0.03333333333333333,0.6282933950424194,0.9250230342149734,0.1,0.1,0.03333333333333333,0.7821428571428571,0.019230769230769232,0.09090909090909091,0.46964285714285714,0.3672569692134857,0.9274560958147049,1
SEUMLD,OADNet_text,0,2024,3.0,0.8,True,0.1,0.03333333333333333,0.6282933950424194,0.9250230342149734,0.15,0.15,0.049999999999999996,0.75,0.038461538461538464,0.10227272727272728,0.48214285714285715,0.35621610283851624,0.9206890761852264,0
SEUMLD,OADNet_text,0,2024,3.0,0.8,True,0.1,0.03333333333333333,0.6282933950424194,0.9250230342149734,0.2,0.2,0.06666666666666667,0.6964285714285714,0.057692307692307696,0.10227272727272728,0.4767857142857143,0.35621610283851624,0.9141195043921471,0
SEUMLD,OADNet_text,0,2024,3.0,0.8,True,0.1,0.03333333333333333,0.6282933950424194,0.9250230342149734,0.25,0.25,0.08333333333333333,0.6892857142857143,0.0673076923076923,0.10227272727272728,0.48392857142857143,0.35621610283851624,0.9135767892003059,0
SEUMLD,OADNet_text,0,2024,3.0,0.8,True,0.1,0.03333333333333333,0.6282933950424194,0.9250230342149734,0.3,0.3,0.09999999999999999,0.6821428571428572,0.08653846153846154,0.10227272727272728,0.5017857142857143,0.35621610283851624,0.9093118831515312,0
SEUMLD,OADNet_text,0,2026,3.0,0.5,False,0.3,0.09999999999999999,0.34163418412208557,0.8942800387740135,0.05,0.05,0.016666666666666666,0.925,0.0,0.03977272727272727,0.4875,0.6302700042724609,0.978204132989049,0
SEUMLD,OADNet_text,0,2026,3.0,0.5,False,0.3,0.09999999999999999,0.34163418412208557,0.8942800387740135,0.075,0.075,0.024999999999999998,0.8821428571428571,0.009615384615384616,0.06818181818181818,0.49464285714285716,0.5414623022079468,0.9724824354052544,0
SEUMLD,OADNet_text,0,2026,3.0,0.5,False,0.3,0.09999999999999999,0.34163418412208557,0.8942800387740135,0.1,0.1,0.03333333333333333,0.8214285714285714,0.019230769230769232,0.09090909090909091,0.48928571428571427,0.39509299397468567,0.9689600002020597,0
SEUMLD,OADNet_text,0,2026,3.0,0.5,False,0.3,0.09999999999999999,0.34163418412208557,0.8942800387740135,0.15,0.15,0.049999999999999996,0.7357142857142858,0.038461538461538464,0.10227272727272728,0.475,0.34163418412208557,0.9620991982519627,0
SEUMLD,OADNet_text,0,2026,3.0,0.5,False,0.3,0.09999999999999999,0.34163418412208557,0.8942800387740135,0.2,0.2,0.06666666666666667,0.6821428571428572,0.057692307692307696,0.10227272727272728,0.46964285714285714,0.34163418412208557,0.9549943469464779,0
SEUMLD,OADNet_text,0,2026,3.0,0.5,False,0.3,0.09999999999999999,0.34163418412208557,0.8942800387740135,0.25,0.25,0.08333333333333333,0.675,0.0673076923076923,0.10227272727272728,0.4767857142857143,0.34163418412208557,0.9524077624082565,0
SEUMLD,OADNet_text,0,2026,3.0,0.5,False,0.3,0.09999999999999999,0.34163418412208557,0.8942800387740135,0.3,0.3,0.09999999999999999,0.6428571428571429,0.08653846153846154,0.10227272727272728,0.48214285714285715,0.34163418412208557,0.9408409334719181,1
SEUMLD,OADNet_text,0,2026,3.0,0.6,False,0.3,0.09999999999999999,0.34163418412208557,0.8942800387740135,0.05,0.05,0.016666666666666666,0.925,0.0,0.03977272727272727,0.4875,0.6302700042724609,0.978204132989049,0
SEUMLD,OADNet_text,0,2026,3.0,0.6,False,0.3,0.09999999999999999,0.34163418412208557,0.8942800387740135,0.075,0.075,0.024999999999999998,0.8821428571428571,0.009615384615384616,0.06818181818181818,0.49464285714285716,0.5414623022079468,0.9724824354052544,0
SEUMLD,OADNet_text,0,2026,3.0,0.6,False,0.3,0.09999999999999999,0.34163418412208557,0.8942800387740135,0.1,0.1,0.03333333333333333,0.8214285714285714,0.019230769230769232,0.09090909090909091,0.48928571428571427,0.39509299397468567,0.9689600002020597,0
SEUMLD,OADNet_text,0,2026,3.0,0.6,False,0.3,0.09999999999999999,0.34163418412208557,0.8942800387740135,0.15,0.15,0.049999999999999996,0.7357142857142858,0.038461538461538464,0.10227272727272728,0.475,0.34163418412208557,0.9620991982519627,0
SEUMLD,OADNet_text,0,2026,3.0,0.6,False,0.3,0.09999999999999999,0.34163418412208557,0.8942800387740135,0.2,0.2,0.06666666666666667,0.6821428571428572,0.057692307692307696,0.10227272727272728,0.46964285714285714,0.34163418412208557,0.9549943469464779,0
SEUMLD,OADNet_text,0,2026,3.0,0.6,False,0.3,0.09999999999999999,0.34163418412208557,0.8942800387740135,0.25,0.25,0.08333333333333333,0.675,0.0673076923076923,0.10227272727272728,0.4767857142857143,0.34163418412208557,0.9524077624082565,0
SEUMLD,OADNet_text,0,2026,3.0,0.6,False,0.3,0.09999999999999999,0.34163418412208557,0.8942800387740135,0.3,0.3,0.09999999999999999,0.6428571428571429,0.08653846153846154,0.10227272727272728,0.48214285714285715,0.34163418412208557,0.9408409334719181,1
SEUMLD,OADNet_text,0,2026,3.0,0.7,True,0.2,0.06666666666666667,0.3846401870250702,0.9143447205424309,0.05,0.05,0.016666666666666666,0.925,0.0,0.03977272727272727,0.4875,0.6302700042724609,0.978204132989049,0
SEUMLD,OADNet_text,0,2026,3.0,0.7,True,0.2,0.06666666666666667,0.3846401870250702,0.9143447205424309,0.075,0.075,0.024999999999999998,0.8821428571428571,0.009615384615384616,0.06818181818181818,0.49464285714285716,0.5414623022079468,0.9724824354052544,0
SEUMLD,OADNet_text,0,2026,3.0,0.7,True,0.2,0.06666666666666667,0.3846401870250702,0.9143447205424309,0.1,0.1,0.03333333333333333,0.8214285714285714,0.019230769230769232,0.09090909090909091,0.48928571428571427,0.39509299397468567,0.9689600002020597,0
SEUMLD,OADNet_text,0,2026,3.0,0.7,True,0.2,0.06666666666666667,0.3846401870250702,0.9143447205424309,0.15,0.15,0.049999999999999996,0.7357142857142858,0.038461538461538464,0.10227272727272728,0.475,0.34163418412208557,0.9620991982519627,0
SEUMLD,OADNet_text,0,2026,3.0,0.7,True,0.2,0.06666666666666667,0.3846401870250702,0.9143447205424309,0.2,0.2,0.06666666666666667,0.6821428571428572,0.057692307692307696,0.10227272727272728,0.46964285714285714,0.34163418412208557,0.9549943469464779,1
SEUMLD,OADNet_text,0,2026,3.0,0.7,True,0.2,0.06666666666666667,0.3846401870250702,0.9143447205424309,0.25,0.25,0.08333333333333333,0.675,0.0673076923076923,0.10227272727272728,0.4767857142857143,0.34163418412208557,0.9524077624082565,0
SEUMLD,OADNet_text,0,2026,3.0,0.7,True,0.2,0.06666666666666667,0.3846401870250702,0.9143447205424309,0.3,0.3,0.09999999999999999,0.6428571428571429,0.08653846153846154,0.10227272727272728,0.48214285714285715,0.34163418412208557,0.9408409334719181,0
SEUMLD,OADNet_text,0,2026,3.0,0.8,True,0.2,0.06666666666666667,0.3846401870250702,0.9143447205424309,0.05,0.05,0.016666666666666666,0.925,0.0,0.03977272727272727,0.4875,0.6302700042724609,0.978204132989049,0
SEUMLD,OADNet_text,0,2026,3.0,0.8,True,0.2,0.06666666666666667,0.3846401870250702,0.9143447205424309,0.075,0.075,0.024999999999999998,0.8821428571428571,0.009615384615384616,0.06818181818181818,0.49464285714285716,0.5414623022079468,0.9724824354052544,0
SEUMLD,OADNet_text,0,2026,3.0,0.8,True,0.2,0.06666666666666667,0.3846401870250702,0.9143447205424309,0.1,0.1,0.03333333333333333,0.8214285714285714,0.019230769230769232,0.09090909090909091,0.48928571428571427,0.39509299397468567,0.9689600002020597,0
SEUMLD,OADNet_text,0,2026,3.0,0.8,True,0.2,0.06666666666666667,0.3846401870250702,0.9143447205424309,0.15,0.15,0.049999999999999996,0.7357142857142858,0.038461538461538464,0.10227272727272728,0.475,0.34163418412208557,0.9620991982519627,0
SEUMLD,OADNet_text,0,2026,3.0,0.8,True,0.2,0.06666666666666667,0.3846401870250702,0.9143447205424309,0.2,0.2,0.06666666666666667,0.6821428571428572,0.057692307692307696,0.10227272727272728,0.46964285714285714,0.34163418412208557,0.9549943469464779,1
SEUMLD,OADNet_text,0,2026,3.0,0.8,True,0.2,0.06666666666666667,0.3846401870250702,0.9143447205424309,0.25,0.25,0.08333333333333333,0.675,0.0673076923076923,0.10227272727272728,0.4767857142857143,0.34163418412208557,0.9524077624082565,0
SEUMLD,OADNet_text,0,2026,3.0,0.8,True,0.2,0.06666666666666667,0.3846401870250702,0.9143447205424309,0.3,0.3,0.09999999999999999,0.6428571428571429,0.08653846153846154,0.10227272727272728,0.48214285714285715,0.34163418412208557,0.9408409334719181,0
SEUMLD,OADNet_text,1,7,3.0,0.5,True,0.3,0.09999999999999999,0.3091832101345062,0.9283400401473045,0.05,0.05,0.016666666666666666,0.9446064139941691,0.00819672131147541,0.03167420814479638,0.5014577259475219,0.6729388236999512,0.9860600885003805,0
SEUMLD,OADNet_text,1,7,3.0,0.5,True,0.3,0.09999999999999999,0.3091832101345062,0.9283400401473045,0.075,0.075,0.024999999999999998,0.8833819241982507,0.01639344262295082,0.06787330316742081,0.5029154518950437,0.5461561679840088,0.9830468334257603,0
SEUMLD,OADNet_text,1,7,3.0,0.5,True,0.3,0.09999999999999999,0.3091832101345062,0.9283400401473045,0.1,0.1,0.03333333333333333,0.8338192419825073,0.02459016393442623,0.09502262443438914,0.5043731778425656,0.44877395033836365,0.9780813213437796,0
SEUMLD,OADNet_text,1,7,3.0,0.5,True,0.3,0.09999999999999999,0.3091832101345062,0.9283400401473045,0.15,0.15,0.049999999999999996,0.7638483965014577,0.03278688524590164,0.14027149321266968,0.5072886297376094,0.3551628887653351,0.9766063131392002,0
SEUMLD,OADNet_text,1,7,3.0,0.5,True,0.3,0.09999999999999999,0.3091832101345062,0.9283400401473045,0.2,0.2,0.06666666666666667,0.6326530612244898,0.05737704918032787,0.19457013574660634,0.5029154518950437,0.35161876678466797,0.9633361771702766,0
SEUMLD,OADNet_text,1,7,3.0,0.5,True,0.3,0.09999999999999999,0.3091832101345062,0.9283400401473045,0.25,0.25,0.08333333333333333,0.5364431486880467,0.07377049180327869,0.23076923076923078,0.4956268221574344,0.3055754005908966,0.945547454059124,0
SEUMLD,OADNet_text,1,7,3.0,0.5,True,0.3,0.09999999999999999,0.3091832101345062,0.9283400401473045,0.3,0.3,0.09999999999999999,0.4489795918367347,0.09016393442622951,0.29411764705882354,0.5102040816326531,0.24507437646389008,0.9441102035343647,1
SEUMLD,OADNet_text,1,7,3.0,0.6,True,0.25,0.08333333333333333,0.3551628887653351,0.9411280378699303,0.05,0.05,0.016666666666666666,0.9446064139941691,0.00819672131147541,0.03167420814479638,0.5014577259475219,0.6729388236999512,0.9860600885003805,0
SEUMLD,OADNet_text,1,7,3.0,0.6,True,0.25,0.08333333333333333,0.3551628887653351,0.9411280378699303,0.075,0.075,0.024999999999999998,0.8833819241982507,0.01639344262295082,0.06787330316742081,0.5029154518950437,0.5461561679840088,0.9830468334257603,0
SEUMLD,OADNet_text,1,7,3.0,0.6,True,0.25,0.08333333333333333,0.3551628887653351,0.9411280378699303,0.1,0.1,0.03333333333333333,0.8338192419825073,0.02459016393442623,0.09502262443438914,0.5043731778425656,0.44877395033836365,0.9780813213437796,0
SEUMLD,OADNet_text,1,7,3.0,0.6,True,0.25,0.08333333333333333,0.3551628887653351,0.9411280378699303,0.15,0.15,0.049999999999999996,0.7638483965014577,0.03278688524590164,0.14027149321266968,0.5072886297376094,0.3551628887653351,0.9766063131392002,0
SEUMLD,OADNet_text,1,7,3.0,0.6,True,0.25,0.08333333333333333,0.3551628887653351,0.9411280378699303,0.2,0.2,0.06666666666666667,0.6326530612244898,0.05737704918032787,0.19457013574660634,0.5029154518950437,0.35161876678466797,0.9633361771702766,0
SEUMLD,OADNet_text,1,7,3.0,0.6,True,0.25,0.08333333333333333,0.3551628887653351,0.9411280378699303,0.25,0.25,0.08333333333333333,0.5364431486880467,0.07377049180327869,0.23076923076923078,0.4956268221574344,0.3055754005908966,0.945547454059124,1
SEUMLD,OADNet_text,1,7,3.0,0.6,True,0.25,0.08333333333333333,0.3551628887653351,0.9411280378699303,0.3,0.3,0.09999999999999999,0.4489795918367347,0.09016393442622951,0.29411764705882354,0.5102040816326531,0.24507437646389008,0.9441102035343647,0
SEUMLD,OADNet_text,1,7,3.0,0.7,True,0.25,0.08333333333333333,0.3551628887653351,0.9411280378699303,0.05,0.05,0.016666666666666666,0.9446064139941691,0.00819672131147541,0.03167420814479638,0.5014577259475219,0.6729388236999512,0.9860600885003805,0
SEUMLD,OADNet_text,1,7,3.0,0.7,True,0.25,0.08333333333333333,0.3551628887653351,0.9411280378699303,0.075,0.075,0.024999999999999998,0.8833819241982507,0.01639344262295082,0.06787330316742081,0.5029154518950437,0.5461561679840088,0.9830468334257603,0
SEUMLD,OADNet_text,1,7,3.0,0.7,True,0.25,0.08333333333333333,0.3551628887653351,0.9411280378699303,0.1,0.1,0.03333333333333333,0.8338192419825073,0.02459016393442623,0.09502262443438914,0.5043731778425656,0.44877395033836365,0.9780813213437796,0
SEUMLD,OADNet_text,1,7,3.0,0.7,True,0.25,0.08333333333333333,0.3551628887653351,0.9411280378699303,0.15,0.15,0.049999999999999996,0.7638483965014577,0.03278688524590164,0.14027149321266968,0.5072886297376094,0.3551628887653351,0.9766063131392002,0
SEUMLD,OADNet_text,1,7,3.0,0.7,True,0.25,0.08333333333333333,0.3551628887653351,0.9411280378699303,0.2,0.2,0.06666666666666667,0.6326530612244898,0.05737704918032787,0.19457013574660634,0.5029154518950437,0.35161876678466797,0.9633361771702766,0
SEUMLD,OADNet_text,1,7,3.0,0.7,True,0.25,0.08333333333333333,0.3551628887653351,0.9411280378699303,0.25,0.25,0.08333333333333333,0.5364431486880467,0.07377049180327869,0.23076923076923078,0.4956268221574344,0.3055754005908966,0.945547454059124,1
SEUMLD,OADNet_text,1,7,3.0,0.7,True,0.25,0.08333333333333333,0.3551628887653351,0.9411280378699303,0.3,0.3,0.09999999999999999,0.4489795918367347,0.09016393442622951,0.29411764705882354,0.5102040816326531,0.24507437646389008,0.9441102035343647,0
SEUMLD,OADNet_text,1,7,3.0,0.8,True,0.25,0.08333333333333333,0.3551628887653351,0.9411280378699303,0.05,0.05,0.016666666666666666,0.9446064139941691,0.00819672131147541,0.03167420814479638,0.5014577259475219,0.6729388236999512,0.9860600885003805,0
SEUMLD,OADNet_text,1,7,3.0,0.8,True,0.25,0.08333333333333333,0.3551628887653351,0.9411280378699303,0.075,0.075,0.024999999999999998,0.8833819241982507,0.01639344262295082,0.06787330316742081,0.5029154518950437,0.5461561679840088,0.9830468334257603,0
SEUMLD,OADNet_text,1,7,3.0,0.8,True,0.25,0.08333333333333333,0.3551628887653351,0.9411280378699303,0.1,0.1,0.03333333333333333,0.8338192419825073,0.02459016393442623,0.09502262443438914,0.5043731778425656,0.44877395033836365,0.9780813213437796,0
SEUMLD,OADNet_text,1,7,3.0,0.8,True,0.25,0.08333333333333333,0.3551628887653351,0.9411280378699303,0.15,0.15,0.049999999999999996,0.7638483965014577,0.03278688524590164,0.14027149321266968,0.5072886297376094,0.3551628887653351,0.9766063131392002,0
SEUMLD,OADNet_text,1,7,3.0,0.8,True,0.25,0.08333333333333333,0.3551628887653351,0.9411280378699303,0.2,0.2,0.06666666666666667,0.6326530612244898,0.05737704918032787,0.19457013574660634,0.5029154518950437,0.35161876678466797,0.9633361771702766,0
SEUMLD,OADNet_text,1,7,3.0,0.8,True,0.25,0.08333333333333333,0.3551628887653351,0.9411280378699303,0.25,0.25,0.08333333333333333,0.5364431486880467,0.07377049180327869,0.23076923076923078,0.4956268221574344,0.3055754005908966,0.945547454059124,1
SEUMLD,OADNet_text,1,7,3.0,0.8,True,0.25,0.08333333333333333,0.3551628887653351,0.9411280378699303,0.3,0.3,0.09999999999999999,0.4489795918367347,0.09016393442622951,0.29411764705882354,0.5102040816326531,0.24507437646389008,0.9441102035343647,0
SEUMLD,OADNet_text,1,42,3.0,0.5,True,0.3,0.09999999999999999,0.3057582974433899,0.8823205381631851,0.05,0.05,0.016666666666666666,0.8979591836734694,0.00819672131147541,0.04072398190045249,0.4839650145772595,0.5564846396446228,0.9586015976965427,0
SEUMLD,OADNet_text,1,42,3.0,0.5,True,0.3,0.09999999999999999,0.3057582974433899,0.8823205381631851,0.075,0.075,0.024999999999999998,0.8454810495626822,0.01639344262295082,0.06787330316742081,0.4839650145772595,0.5261315107345581,0.9443823844194412,0
SEUMLD,OADNet_text,1,42,3.0,0.5,True,0.3,0.09999999999999999,0.3057582974433899,0.8823205381631851,0.1,0.1,0.03333333333333333,0.8192419825072886,0.01639344262295082,0.09502262443438914,0.48833819241982507,0.47434288263320923,0.9443823844194412,0
SEUMLD,OADNet_text,1,42,3.0,0.5,True,0.3,0.09999999999999999,0.3057582974433899,0.8823205381631851,0.15,0.15,0.049999999999999996,0.6909620991253644,0.040983606557377046,0.14479638009049775,0.48250728862973763,0.36249780654907227,0.9297411888837814,0
SEUMLD,OADNet_text,1,42,3.0,0.5,True,0.3,0.09999999999999999,0.3057582974433899,0.8823205381631851,0.2,0.2,0.06666666666666667,0.60932944606414,0.05737704918032787,0.19457013574660634,0.4912536443148688,0.3230282664299011,0.9211075082421303,0
SEUMLD,OADNet_text,1,42,3.0,0.5,True,0.3,0.09999999999999999,0.3057582974433899,0.8823205381631851,0.25,0.25,0.08333333333333333,0.5451895043731778,0.07377049180327869,0.21266968325791855,0.48833819241982507,0.3057582974433899,0.9049078673124313,0
SEUMLD,OADNet_text,1,42,3.0,0.5,True,0.3,0.09999999999999999,0.3057582974433899,0.8823205381631851,0.3,0.3,0.09999999999999999,0.4489795918367347,0.09016393442622951,0.29411764705882354,0.5102040816326531,0.27903038263320923,0.8976002931594849,1
SEUMLD,OADNet_text,1,42,3.0,0.6,True,0.25,0.08333333333333333,0.3057582974433899,0.8903054520487785,0.05,0.05,0.016666666666666666,0.8979591836734694,0.00819672131147541,0.04072398190045249,0.4839650145772595,0.5564846396446228,0.9586015976965427,0
SEUMLD,OADNet_text,1,42,3.0,0.6,True,0.25,0.08333333333333333,0.3057582974433899,0.8903054520487785,0.075,0.075,0.024999999999999998,0.8454810495626822,0.01639344262295082,0.06787330316742081,0.4839650145772595,0.5261315107345581,0.9443823844194412,0
SEUMLD,OADNet_text,1,42,3.0,0.6,True,0.25,0.08333333333333333,0.3057582974433899,0.8903054520487785,0.1,0.1,0.03333333333333333,0.8192419825072886,0.01639344262295082,0.09502262443438914,0.48833819241982507,0.47434288263320923,0.9443823844194412,0
SEUMLD,OADNet_text,1,42,3.0,0.6,True,0.25,0.08333333333333333,0.3057582974433899,0.8903054520487785,0.15,0.15,0.049999999999999996,0.6909620991253644,0.040983606557377046,0.14479638009049775,0.48250728862973763,0.36249780654907227,0.9297411888837814,0
SEUMLD,OADNet_text,1,42,3.0,0.6,True,0.25,0.08333333333333333,0.3057582974433899,0.8903054520487785,0.2,0.2,0.06666666666666667,0.60932944606414,0.05737704918032787,0.19457013574660634,0.4912536443148688,0.3230282664299011,0.9211075082421303,0
SEUMLD,OADNet_text,1,42,3.0,0.6,True,0.25,0.08333333333333333,0.3057582974433899,0.8903054520487785,0.25,0.25,0.08333333333333333,0.5451895043731778,0.07377049180327869,0.21266968325791855,0.48833819241982507,0.3057582974433899,0.9049078673124313,1
SEUMLD,OADNet_text,1,42,3.0,0.6,True,0.25,0.08333333333333333,0.3057582974433899,0.8903054520487785,0.3,0.3,0.09999999999999999,0.4489795918367347,0.09016393442622951,0.29411764705882354,0.5102040816326531,0.27903038263320923,0.8976002931594849,0
SEUMLD,OADNet_text,1,42,3.0,0.7,True,0.15,0.049999999999999996,0.3057582974433899,0.9088370576500893,0.05,0.05,0.016666666666666666,0.8979591836734694,0.00819672131147541,0.04072398190045249,0.4839650145772595,0.5564846396446228,0.9586015976965427,0
SEUMLD,OADNet_text,1,42,3.0,0.7,True,0.15,0.049999999999999996,0.3057582974433899,0.9088370576500893,0.075,0.075,0.024999999999999998,0.8454810495626822,0.01639344262295082,0.06787330316742081,0.4839650145772595,0.5261315107345581,0.9443823844194412,0
SEUMLD,OADNet_text,1,42,3.0,0.7,True,0.15,0.049999999999999996,0.3057582974433899,0.9088370576500893,0.1,0.1,0.03333333333333333,0.8192419825072886,0.01639344262295082,0.09502262443438914,0.48833819241982507,0.47434288263320923,0.9443823844194412,0
SEUMLD,OADNet_text,1,42,3.0,0.7,True,0.15,0.049999999999999996,0.3057582974433899,0.9088370576500893,0.15,0.15,0.049999999999999996,0.6909620991253644,0.040983606557377046,0.14479638009049775,0.48250728862973763,0.36249780654907227,0.9297411888837814,1
SEUMLD,OADNet_text,1,42,3.0,0.7,True,0.15,0.049999999999999996,0.3057582974433899,0.9088370576500893,0.2,0.2,0.06666666666666667,0.60932944606414,0.05737704918032787,0.19457013574660634,0.4912536443148688,0.3230282664299011,0.9211075082421303,0
SEUMLD,OADNet_text,1,42,3.0,0.7,True,0.15,0.049999999999999996,0.3057582974433899,0.9088370576500893,0.25,0.25,0.08333333333333333,0.5451895043731778,0.07377049180327869,0.21266968325791855,0.48833819241982507,0.3057582974433899,0.9049078673124313,0
SEUMLD,OADNet_text,1,42,3.0,0.7,True,0.15,0.049999999999999996,0.3057582974433899,0.9088370576500893,0.3,0.3,0.09999999999999999,0.4489795918367347,0.09016393442622951,0.29411764705882354,0.5102040816326531,0.27903038263320923,0.8976002931594849,0
SEUMLD,OADNet_text,1,42,3.0,0.8,True,0.15,0.049999999999999996,0.3057582974433899,0.9088370576500893,0.05,0.05,0.016666666666666666,0.8979591836734694,0.00819672131147541,0.04072398190045249,0.4839650145772595,0.5564846396446228,0.9586015976965427,0
SEUMLD,OADNet_text,1,42,3.0,0.8,True,0.15,0.049999999999999996,0.3057582974433899,0.9088370576500893,0.075,0.075,0.024999999999999998,0.8454810495626822,0.01639344262295082,0.06787330316742081,0.4839650145772595,0.5261315107345581,0.9443823844194412,0
SEUMLD,OADNet_text,1,42,3.0,0.8,True,0.15,0.049999999999999996,0.3057582974433899,0.9088370576500893,0.1,0.1,0.03333333333333333,0.8192419825072886,0.01639344262295082,0.09502262443438914,0.48833819241982507,0.47434288263320923,0.9443823844194412,0
SEUMLD,OADNet_text,1,42,3.0,0.8,True,0.15,0.049999999999999996,0.3057582974433899,0.9088370576500893,0.15,0.15,0.049999999999999996,0.6909620991253644,0.040983606557377046,0.14479638009049775,0.48250728862973763,0.36249780654907227,0.9297411888837814,1
SEUMLD,OADNet_text,1,42,3.0,0.8,True,0.15,0.049999999999999996,0.3057582974433899,0.9088370576500893,0.2,0.2,0.06666666666666667,0.60932944606414,0.05737704918032787,0.19457013574660634,0.4912536443148688,0.3230282664299011,0.9211075082421303,0
SEUMLD,OADNet_text,1,42,3.0,0.8,True,0.15,0.049999999999999996,0.3057582974433899,0.9088370576500893,0.25,0.25,0.08333333333333333,0.5451895043731778,0.07377049180327869,0.21266968325791855,0.48833819241982507,0.3057582974433899,0.9049078673124313,0
SEUMLD,OADNet_text,1,42,3.0,0.8,True,0.15,0.049999999999999996,0.3057582974433899,0.9088370576500893,0.3,0.3,0.09999999999999999,0.4489795918367347,0.09016393442622951,0.29411764705882354,0.5102040816326531,0.27903038263320923,0.8976002931594849,0
SEUMLD,OADNet_text,1,123,3.0,0.5,True,0.3,0.09999999999999999,0.37256231904029846,0.8244785517454147,0.05,0.05,0.016666666666666666,0.8746355685131195,0.00819672131147541,0.04524886877828054,0.4752186588921283,0.5506375432014465,0.9089322090148926,0
SEUMLD,OADNet_text,1,123,3.0,0.5,True,0.3,0.09999999999999999,0.37256231904029846,0.8244785517454147,0.075,0.075,0.024999999999999998,0.8075801749271136,0.01639344262295082,0.06787330316742081,0.4650145772594752,0.4712912142276764,0.8927496746182442,0
SEUMLD,OADNet_text,1,123,3.0,0.5,True,0.3,0.09999999999999999,0.37256231904029846,0.8244785517454147,0.1,0.1,0.03333333333333333,0.760932944606414,0.02459016393442623,0.09502262443438914,0.4679300291545189,0.4394342601299286,0.8891217410564423,0
SEUMLD,OADNet_text,1,123,3.0,0.5,True,0.3,0.09999999999999999,0.37256231904029846,0.8244785517454147,0.15,0.15,0.049999999999999996,0.7084548104956269,0.03278688524590164,0.12217194570135746,0.4679300291545189,0.3969479203224182,0.8851534947752953,0
SEUMLD,OADNet_text,1,123,3.0,0.5,True,0.3,0.09999999999999999,0.37256231904029846,0.8244785517454147,0.2,0.2,0.06666666666666667,0.6005830903790087,0.05737704918032787,0.19457013574660634,0.4868804664723032,0.38487812876701355,0.8604795336723328,0
SEUMLD,OADNet_text,1,123,3.0,0.5,True,0.3,0.09999999999999999,0.37256231904029846,0.8244785517454147,0.25,0.25,0.08333333333333333,0.5131195335276968,0.07377049180327869,0.24434389140271492,0.49271137026239065,0.3533560037612915,0.8395638018846512,0
SEUMLD,OADNet_text,1,123,3.0,0.5,True,0.3,0.09999999999999999,0.37256231904029846,0.8244785517454147,0.3,0.3,0.09999999999999999,0.446064139941691,0.09016393442622951,0.29411764705882354,0.5087463556851312,0.33552372455596924,0.8300599753856659,1
SEUMLD,OADNet_text,1,123,3.0,0.6,True,0.25,0.08333333333333333,0.3969479203224182,0.8398730754852295,0.05,0.05,0.016666666666666666,0.8746355685131195,0.00819672131147541,0.04524886877828054,0.4752186588921283,0.5506375432014465,0.9089322090148926,0
SEUMLD,OADNet_text,1,123,3.0,0.6,True,0.25,0.08333333333333333,0.3969479203224182,0.8398730754852295,0.075,0.075,0.024999999999999998,0.8075801749271136,0.01639344262295082,0.06787330316742081,0.4650145772594752,0.4712912142276764,0.8927496746182442,0
SEUMLD,OADNet_text,1,123,3.0,0.6,True,0.25,0.08333333333333333,0.3969479203224182,0.8398730754852295,0.1,0.1,0.03333333333333333,0.760932944606414,0.02459016393442623,0.09502262443438914,0.4679300291545189,0.4394342601299286,0.8891217410564423,0
SEUMLD,OADNet_text,1,123,3.0,0.6,True,0.25,0.08333333333333333,0.3969479203224182,0.8398730754852295,0.15,0.15,0.049999999999999996,0.7084548104956269,0.03278688524590164,0.12217194570135746,0.4679300291545189,0.3969479203224182,0.8851534947752953,0
SEUMLD,OADNet_text,1,123,3.0,0.6,True,0.25,0.08333333333333333,0.3969479203224182,0.8398730754852295,0.2,0.2,0.06666666666666667,0.6005830903790087,0.05737704918032787,0.19457013574660634,0.4868804664723032,0.38487812876701355,0.8604795336723328,0
SEUMLD,OADNet_text,1,123,3.0,0.6,True,0.25,0.08333333333333333,0.3969479203224182,0.8398730754852295,0.25,0.25,0.08333333333333333,0.5131195335276968,0.07377049180327869,0.24434389140271492,0.49271137026239065,0.3533560037612915,0.8395638018846512,1
SEUMLD,OADNet_text,1,123,3.0,0.6,True,0.25,0.08333333333333333,0.3969479203224182,0.8398730754852295,0.3,0.3,0.09999999999999999,0.446064139941691,0.09016393442622951,0.29411764705882354,0.5087463556851312,0.33552372455596924,0.8300599753856659,0
SEUMLD,OADNet_text,1,123,3.0,0.7,True,0.2,0.06666666666666667,0.3969479203224182,0.8509064018726349,0.05,0.05,0.016666666666666666,0.8746355685131195,0.00819672131147541,0.04524886877828054,0.4752186588921283,0.5506375432014465,0.9089322090148926,0
SEUMLD,OADNet_text,1,123,3.0,0.7,True,0.2,0.06666666666666667,0.3969479203224182,0.8509064018726349,0.075,0.075,0.024999999999999998,0.8075801749271136,0.01639344262295082,0.06787330316742081,0.4650145772594752,0.4712912142276764,0.8927496746182442,0
SEUMLD,OADNet_text,1,123,3.0,0.7,True,0.2,0.06666666666666667,0.3969479203224182,0.8509064018726349,0.1,0.1,0.03333333333333333,0.760932944606414,0.02459016393442623,0.09502262443438914,0.4679300291545189,0.4394342601299286,0.8891217410564423,0
SEUMLD,OADNet_text,1,123,3.0,0.7,True,0.2,0.06666666666666667,0.3969479203224182,0.8509064018726349,0.15,0.15,0.049999999999999996,0.7084548104956269,0.03278688524590164,0.12217194570135746,0.4679300291545189,0.3969479203224182,0.8851534947752953,0
SEUMLD,OADNet_text,1,123,3.0,0.7,True,0.2,0.06666666666666667,0.3969479203224182,0.8509064018726349,0.2,0.2,0.06666666666666667,0.6005830903790087,0.05737704918032787,0.19457013574660634,0.4868804664723032,0.38487812876701355,0.8604795336723328,1
SEUMLD,OADNet_text,1,123,3.0,0.7,True,0.2,0.06666666666666667,0.3969479203224182,0.8509064018726349,0.25,0.25,0.08333333333333333,0.5131195335276968,0.07377049180327869,0.24434389140271492,0.49271137026239065,0.3533560037612915,0.8395638018846512,0
SEUMLD,OADNet_text,1,123,3.0,0.7,True,0.2,0.06666666666666667,0.3969479203224182,0.8509064018726349,0.3,0.3,0.09999999999999999,0.446064139941691,0.09016393442622951,0.29411764705882354,0.5087463556851312,0.33552372455596924,0.8300599753856659,0
SEUMLD,OADNet_text,1,123,3.0,0.8,True,0.15,0.049999999999999996,0.3969479203224182,0.8726285547018051,0.05,0.05,0.016666666666666666,0.8746355685131195,0.00819672131147541,0.04524886877828054,0.4752186588921283,0.5506375432014465,0.9089322090148926,0
SEUMLD,OADNet_text,1,123,3.0,0.8,True,0.15,0.049999999999999996,0.3969479203224182,0.8726285547018051,0.075,0.075,0.024999999999999998,0.8075801749271136,0.01639344262295082,0.06787330316742081,0.4650145772594752,0.4712912142276764,0.8927496746182442,0
SEUMLD,OADNet_text,1,123,3.0,0.8,True,0.15,0.049999999999999996,0.3969479203224182,0.8726285547018051,0.1,0.1,0.03333333333333333,0.760932944606414,0.02459016393442623,0.09502262443438914,0.4679300291545189,0.4394342601299286,0.8891217410564423,0
SEUMLD,OADNet_text,1,123,3.0,0.8,True,0.15,0.049999999999999996,0.3969479203224182,0.8726285547018051,0.15,0.15,0.049999999999999996,0.7084548104956269,0.03278688524590164,0.12217194570135746,0.4679300291545189,0.3969479203224182,0.8851534947752953,1
SEUMLD,OADNet_text,1,123,3.0,0.8,True,0.15,0.049999999999999996,0.3969479203224182,0.8726285547018051,0.2,0.2,0.06666666666666667,0.6005830903790087,0.05737704918032787,0.19457013574660634,0.4868804664723032,0.38487812876701355,0.8604795336723328,0
SEUMLD,OADNet_text,1,123,3.0,0.8,True,0.15,0.049999999999999996,0.3969479203224182,0.8726285547018051,0.25,0.25,0.08333333333333333,0.5131195335276968,0.07377049180327869,0.24434389140271492,0.49271137026239065,0.3533560037612915,0.8395638018846512,0
SEUMLD,OADNet_text,1,123,3.0,0.8,True,0.15,0.049999999999999996,0.3969479203224182,0.8726285547018051,0.3,0.3,0.09999999999999999,0.446064139941691,0.09016393442622951,0.29411764705882354,0.5087463556851312,0.33552372455596924,0.8300599753856659,0
SEUMLD,OADNet_text,1,2024,3.0,0.5,True,0.3,0.09999999999999999,0.3317561745643616,0.821802482008934,0.05,0.05,0.016666666666666666,0.8746355685131195,0.00819672131147541,0.04524886877828054,0.4752186588921283,0.46766963601112366,0.8726924061775208,0
SEUMLD,OADNet_text,1,2024,3.0,0.5,True,0.3,0.09999999999999999,0.3317561745643616,0.821802482008934,0.075,0.075,0.024999999999999998,0.8134110787172012,0.01639344262295082,0.06787330316742081,0.4679300291545189,0.40011492371559143,0.8659058958292007,0
SEUMLD,OADNet_text,1,2024,3.0,0.5,True,0.3,0.09999999999999999,0.3317561745643616,0.821802482008934,0.1,0.1,0.03333333333333333,0.7551020408163265,0.02459016393442623,0.09502262443438914,0.4650145772594752,0.36672309041023254,0.8558653295040131,0
SEUMLD,OADNet_text,1,2024,3.0,0.5,True,0.3,0.09999999999999999,0.3317561745643616,0.821802482008934,0.15,0.15,0.049999999999999996,0.7551020408163265,0.02459016393442623,0.09502262443438914,0.4650145772594752,0.36672309041023254,0.8558653295040131,0
SEUMLD,OADNet_text,1,2024,3.0,0.5,True,0.3,0.09999999999999999,0.3317561745643616,0.821802482008934,0.2,0.2,0.06666666666666667,0.6064139941690962,0.05737704918032787,0.19457013574660634,0.4897959183673469,0.32523053884506226,0.8518513143062592,0
SEUMLD,OADNet_text,1,2024,3.0,0.5,True,0.3,0.09999999999999999,0.3317561745643616,0.821802482008934,0.25,0.25,0.08333333333333333,0.5160349854227405,0.07377049180327869,0.24434389140271492,0.49416909620991256,0.30484455823898315,0.84263476729393,0
SEUMLD,OADNet_text,1,2024,3.0,0.5,True,0.3,0.09999999999999999,0.3317561745643616,0.821802482008934,0.3,0.3,0.09999999999999999,0.4227405247813411,0.09016393442622951,0.29411764705882354,0.4970845481049563,0.2990931570529938,0.830221951007843,1
SEUMLD,OADNet_text,1,2024,3.0,0.6,True,0.25,0.08333333333333333,0.36672309041023254,0.824312224984169,0.05,0.05,0.016666666666666666,0.8746355685131195,0.00819672131147541,0.04524886877828054,0.4752186588921283,0.46766963601112366,0.8726924061775208,0
SEUMLD,OADNet_text,1,2024,3.0,0.6,True,0.25,0.08333333333333333,0.36672309041023254,0.824312224984169,0.075,0.075,0.024999999999999998,0.8134110787172012,0.01639344262295082,0.06787330316742081,0.4679300291545189,0.40011492371559143,0.8659058958292007,0
SEUMLD,OADNet_text,1,2024,3.0,0.6,True,0.25,0.08333333333333333,0.36672309041023254,0.824312224984169,0.1,0.1,0.03333333333333333,0.7551020408163265,0.02459016393442623,0.09502262443438914,0.4650145772594752,0.36672309041023254,0.8558653295040131,0
SEUMLD,OADNet_text,1,2024,3.0,0.6,True,0.25,0.08333333333333333,0.36672309041023254,0.824312224984169,0.15,0.15,0.049999999999999996,0.7551020408163265,0.02459016393442623,0.09502262443438914,0.4650145772594752,0.36672309041023254,0.8558653295040131,0
SEUMLD,OADNet_text,1,2024,3.0,0.6,True,0.25,0.08333333333333333,0.36672309041023254,0.824312224984169,0.2,0.2,0.06666666666666667,0.6064139941690962,0.05737704918032787,0.19457013574660634,0.4897959183673469,0.32523053884506226,0.8518513143062592,0
SEUMLD,OADNet_text,1,2024,3.0,0.6,True,0.25,0.08333333333333333,0.36672309041023254,0.824312224984169,0.25,0.25,0.08333333333333333,0.5160349854227405,0.07377049180327869,0.24434389140271492,0.49416909620991256,0.30484455823898315,0.84263476729393,1
SEUMLD,OADNet_text,1,2024,3.0,0.6,True,0.25,0.08333333333333333,0.36672309041023254,0.824312224984169,0.3,0.3,0.09999999999999999,0.4227405247813411,0.09016393442622951,0.29411764705882354,0.4970845481049563,0.2990931570529938,0.830221951007843,0
SEUMLD,OADNet_text,1,2024,3.0,0.7,True,0.2,0.06666666666666667,0.36672309041023254,0.8267940580844879,0.05,0.05,0.016666666666666666,0.8746355685131195,0.00819672131147541,0.04524886877828054,0.4752186588921283,0.46766963601112366,0.8726924061775208,0
SEUMLD,OADNet_text,1,2024,3.0,0.7,True,0.2,0.06666666666666667,0.36672309041023254,0.8267940580844879,0.075,0.075,0.024999999999999998,0.8134110787172012,0.01639344262295082,0.06787330316742081,0.4679300291545189,0.40011492371559143,0.8659058958292007,0
SEUMLD,OADNet_text,1,2024,3.0,0.7,True,0.2,0.06666666666666667,0.36672309041023254,0.8267940580844879,0.1,0.1,0.03333333333333333,0.7551020408163265,0.02459016393442623,0.09502262443438914,0.4650145772594752,0.36672309041023254,0.8558653295040131,0
SEUMLD,OADNet_text,1,2024,3.0,0.7,True,0.2,0.06666666666666667,0.36672309041023254,0.8267940580844879,0.15,0.15,0.049999999999999996,0.7551020408163265,0.02459016393442623,0.09502262443438914,0.4650145772594752,0.36672309041023254,0.8558653295040131,0
SEUMLD,OADNet_text,1,2024,3.0,0.7,True,0.2,0.06666666666666667,0.36672309041023254,0.8267940580844879,0.2,0.2,0.06666666666666667,0.6064139941690962,0.05737704918032787,0.19457013574660634,0.4897959183673469,0.32523053884506226,0.8518513143062592,1
SEUMLD,OADNet_text,1,2024,3.0,0.7,True,0.2,0.06666666666666667,0.36672309041023254,0.8267940580844879,0.25,0.25,0.08333333333333333,0.5160349854227405,0.07377049180327869,0.24434389140271492,0.49416909620991256,0.30484455823898315,0.84263476729393,0
SEUMLD,OADNet_text,1,2024,3.0,0.7,True,0.2,0.06666666666666667,0.36672309041023254,0.8267940580844879,0.3,0.3,0.09999999999999999,0.4227405247813411,0.09016393442622951,0.29411764705882354,0.4970845481049563,0.2990931570529938,0.830221951007843,0
SEUMLD,OADNet_text,1,2024,3.0,0.8,True,0.1,0.03333333333333333,0.36672309041023254,0.856501892209053,0.05,0.05,0.016666666666666666,0.8746355685131195,0.00819672131147541,0.04524886877828054,0.4752186588921283,0.46766963601112366,0.8726924061775208,0
SEUMLD,OADNet_text,1,2024,3.0,0.8,True,0.1,0.03333333333333333,0.36672309041023254,0.856501892209053,0.075,0.075,0.024999999999999998,0.8134110787172012,0.01639344262295082,0.06787330316742081,0.4679300291545189,0.40011492371559143,0.8659058958292007,0
SEUMLD,OADNet_text,1,2024,3.0,0.8,True,0.1,0.03333333333333333,0.36672309041023254,0.856501892209053,0.1,0.1,0.03333333333333333,0.7551020408163265,0.02459016393442623,0.09502262443438914,0.4650145772594752,0.36672309041023254,0.8558653295040131,1
SEUMLD,OADNet_text,1,2024,3.0,0.8,True,0.1,0.03333333333333333,0.36672309041023254,0.856501892209053,0.15,0.15,0.049999999999999996,0.7551020408163265,0.02459016393442623,0.09502262443438914,0.4650145772594752,0.36672309041023254,0.8558653295040131,0
SEUMLD,OADNet_text,1,2024,3.0,0.8,True,0.1,0.03333333333333333,0.36672309041023254,0.856501892209053,0.2,0.2,0.06666666666666667,0.6064139941690962,0.05737704918032787,0.19457013574660634,0.4897959183673469,0.32523053884506226,0.8518513143062592,0
SEUMLD,OADNet_text,1,2024,3.0,0.8,True,0.1,0.03333333333333333,0.36672309041023254,0.856501892209053,0.25,0.25,0.08333333333333333,0.5160349854227405,0.07377049180327869,0.24434389140271492,0.49416909620991256,0.30484455823898315,0.84263476729393,0
SEUMLD,OADNet_text,1,2024,3.0,0.8,True,0.1,0.03333333333333333,0.36672309041023254,0.856501892209053,0.3,0.3,0.09999999999999999,0.4227405247813411,0.09016393442622951,0.29411764705882354,0.4970845481049563,0.2990931570529938,0.830221951007843,0
SEUMLD,OADNet_text,1,2026,3.0,0.5,True,0.3,0.09999999999999999,0.37493208050727844,0.8394089788198471,0.05,0.05,0.016666666666666666,0.9096209912536443,0.00819672131147541,0.04072398190045249,0.4897959183673469,0.6374026536941528,0.9306364580988884,0
SEUMLD,OADNet_text,1,2026,3.0,0.5,True,0.3,0.09999999999999999,0.37493208050727844,0.8394089788198471,0.075,0.075,0.024999999999999998,0.8134110787172012,0.01639344262295082,0.06787330316742081,0.4679300291545189,0.5191628336906433,0.9214408099651337,0
SEUMLD,OADNet_text,1,2026,3.0,0.5,True,0.3,0.09999999999999999,0.37493208050727844,0.8394089788198471,0.1,0.1,0.03333333333333333,0.7784256559766763,0.01639344262295082,0.09502262443438914,0.4679300291545189,0.4738326668739319,0.9214408099651337,0
SEUMLD,OADNet_text,1,2026,3.0,0.5,True,0.3,0.09999999999999999,0.37493208050727844,0.8394089788198471,0.15,0.15,0.049999999999999996,0.7259475218658892,0.040983606557377046,0.11312217194570136,0.47959183673469385,0.44825223088264465,0.9125278890132904,0
SEUMLD,OADNet_text,1,2026,3.0,0.5,True,0.3,0.09999999999999999,0.37493208050727844,0.8394089788198471,0.2,0.2,0.06666666666666667,0.6064139941690962,0.05737704918032787,0.19457013574660634,0.4897959183673469,0.4049157202243805,0.8985467851161957,0
SEUMLD,OADNet_text,1,2026,3.0,0.5,True,0.3,0.09999999999999999,0.37493208050727844,0.8394089788198471,0.25,0.25,0.08333333333333333,0.5072886297376094,0.07377049180327869,0.24434389140271492,0.4897959183673469,0.3534216582775116,0.884450875222683,0
SEUMLD,OADNet_text,1,2026,3.0,0.5,True,0.3,0.09999999999999999,0.37493208050727844,0.8394089788198471,0.3,0.3,0.09999999999999999,0.4489795918367347,0.09016393442622951,0.27601809954751133,0.49854227405247814,0.3144219219684601,0.8813628479838371,1
SEUMLD,OADNet_text,1,2026,3.0,0.6,True,0.25,0.08333333333333333,0.44768401980400085,0.8601343631744385,0.05,0.05,0.016666666666666666,0.9096209912536443,0.00819672131147541,0.04072398190045249,0.4897959183673469,0.6374026536941528,0.9306364580988884,0
SEUMLD,OADNet_text,1,2026,3.0,0.6,True,0.25,0.08333333333333333,0.44768401980400085,0.8601343631744385,0.075,0.075,0.024999999999999998,0.8134110787172012,0.01639344262295082,0.06787330316742081,0.4679300291545189,0.5191628336906433,0.9214408099651337,0
SEUMLD,OADNet_text,1,2026,3.0,0.6,True,0.25,0.08333333333333333,0.44768401980400085,0.8601343631744385,0.1,0.1,0.03333333333333333,0.7784256559766763,0.01639344262295082,0.09502262443438914,0.4679300291545189,0.4738326668739319,0.9214408099651337,0
SEUMLD,OADNet_text,1,2026,3.0,0.6,True,0.25,0.08333333333333333,0.44768401980400085,0.8601343631744385,0.15,0.15,0.049999999999999996,0.7259475218658892,0.040983606557377046,0.11312217194570136,0.47959183673469385,0.44825223088264465,0.9125278890132904,0
SEUMLD,OADNet_text,1,2026,3.0,0.6,True,0.25,0.08333333333333333,0.44768401980400085,0.8601343631744385,0.2,0.2,0.06666666666666667,0.6064139941690962,0.05737704918032787,0.19457013574660634,0.4897959183673469,0.4049157202243805,0.8985467851161957,0
SEUMLD,OADNet_text,1,2026,3.0,0.6,True,0.25,0.08333333333333333,0.44768401980400085,0.8601343631744385,0.25,0.25,0.08333333333333333,0.5072886297376094,0.07377049180327869,0.24434389140271492,0.4897959183673469,0.3534216582775116,0.884450875222683,1
SEUMLD,OADNet_text,1,2026,3.0,0.6,True,0.25,0.08333333333333333,0.44768401980400085,0.8601343631744385,0.3,0.3,0.09999999999999999,0.4489795918367347,0.09016393442622951,0.27601809954751133,0.49854227405247814,0.3144219219684601,0.8813628479838371,0
SEUMLD,OADNet_text,1,2026,3.0,0.7,True,0.25,0.08333333333333333,0.44768401980400085,0.8601343631744385,0.05,0.05,0.016666666666666666,0.9096209912536443,0.00819672131147541,0.04072398190045249,0.4897959183673469,0.6374026536941528,0.9306364580988884,0
SEUMLD,OADNet_text,1,2026,3.0,0.7,True,0.25,0.08333333333333333,0.44768401980400085,0.8601343631744385,0.075,0.075,0.024999999999999998,0.8134110787172012,0.01639344262295082,0.06787330316742081,0.4679300291545189,0.5191628336906433,0.9214408099651337,0
SEUMLD,OADNet_text,1,2026,3.0,0.7,True,0.25,0.08333333333333333,0.44768401980400085,0.8601343631744385,0.1,0.1,0.03333333333333333,0.7784256559766763,0.01639344262295082,0.09502262443438914,0.4679300291545189,0.4738326668739319,0.9214408099651337,0
SEUMLD,OADNet_text,1,2026,3.0,0.7,True,0.25,0.08333333333333333,0.44768401980400085,0.8601343631744385,0.15,0.15,0.049999999999999996,0.7259475218658892,0.040983606557377046,0.11312217194570136,0.47959183673469385,0.44825223088264465,0.9125278890132904,0
SEUMLD,OADNet_text,1,2026,3.0,0.7,True,0.25,0.08333333333333333,0.44768401980400085,0.8601343631744385,0.2,0.2,0.06666666666666667,0.6064139941690962,0.05737704918032787,0.19457013574660634,0.4897959183673469,0.4049157202243805,0.8985467851161957,0
SEUMLD,OADNet_text,1,2026,3.0,0.7,True,0.25,0.08333333333333333,0.44768401980400085,0.8601343631744385,0.25,0.25,0.08333333333333333,0.5072886297376094,0.07377049180327869,0.24434389140271492,0.4897959183673469,0.3534216582775116,0.884450875222683,1
SEUMLD,OADNet_text,1,2026,3.0,0.7,True,0.25,0.08333333333333333,0.44768401980400085,0.8601343631744385,0.3,0.3,0.09999999999999999,0.4489795918367347,0.09016393442622951,0.27601809954751133,0.49854227405247814,0.3144219219684601,0.8813628479838371,0
SEUMLD,OADNet_text,1,2026,3.0,0.8,True,0.1,0.03333333333333333,0.44825223088264465,0.8920325487852097,0.05,0.05,0.016666666666666666,0.9096209912536443,0.00819672131147541,0.04072398190045249,0.4897959183673469,0.6374026536941528,0.9306364580988884,0
SEUMLD,OADNet_text,1,2026,3.0,0.8,True,0.1,0.03333333333333333,0.44825223088264465,0.8920325487852097,0.075,0.075,0.024999999999999998,0.8134110787172012,0.01639344262295082,0.06787330316742081,0.4679300291545189,0.5191628336906433,0.9214408099651337,0
SEUMLD,OADNet_text,1,2026,3.0,0.8,True,0.1,0.03333333333333333,0.44825223088264465,0.8920325487852097,0.1,0.1,0.03333333333333333,0.7784256559766763,0.01639344262295082,0.09502262443438914,0.4679300291545189,0.4738326668739319,0.9214408099651337,1
SEUMLD,OADNet_text,1,2026,3.0,0.8,True,0.1,0.03333333333333333,0.44825223088264465,0.8920325487852097,0.15,0.15,0.049999999999999996,0.7259475218658892,0.040983606557377046,0.11312217194570136,0.47959183673469385,0.44825223088264465,0.9125278890132904,0
SEUMLD,OADNet_text,1,2026,3.0,0.8,True,0.1,0.03333333333333333,0.44825223088264465,0.8920325487852097,0.2,0.2,0.06666666666666667,0.6064139941690962,0.05737704918032787,0.19457013574660634,0.4897959183673469,0.4049157202243805,0.8985467851161957,0
SEUMLD,OADNet_text,1,2026,3.0,0.8,True,0.1,0.03333333333333333,0.44825223088264465,0.8920325487852097,0.25,0.25,0.08333333333333333,0.5072886297376094,0.07377049180327869,0.24434389140271492,0.4897959183673469,0.3534216582775116,0.884450875222683,0
SEUMLD,OADNet_text,1,2026,3.0,0.8,True,0.1,0.03333333333333333,0.44825223088264465,0.8920325487852097,0.3,0.3,0.09999999999999999,0.4489795918367347,0.09016393442622951,0.27601809954751133,0.49854227405247814,0.3144219219684601,0.8813628479838371,0
SEUMLD,OADNet_text,2,7,3.0,0.5,True,0.3,0.09999999999999999,0.2803613543510437,0.9474096707999706,0.05,0.05,0.016666666666666666,0.8593272171253823,0.0,0.04329004329004329,0.4602446483180428,0.5139805674552917,0.9717032872140408,0
SEUMLD,OADNet_text,2,7,3.0,0.5,True,0.3,0.09999999999999999,0.2803613543510437,0.9474096707999706,0.075,0.075,0.024999999999999998,0.6972477064220184,0.010416666666666666,0.06926406926406926,0.40672782874617736,0.44833436608314514,0.9599479921162128,0
SEUMLD,OADNet_text,2,7,3.0,0.5,True,0.3,0.09999999999999999,0.2803613543510437,0.9474096707999706,0.1,0.1,0.03333333333333333,0.6513761467889908,0.020833333333333332,0.09523809523809523,0.41131498470948014,0.36107197403907776,0.958097156137228,0
SEUMLD,OADNet_text,2,7,3.0,0.5,True,0.3,0.09999999999999999,0.2803613543510437,0.9474096707999706,0.15,0.15,0.049999999999999996,0.5779816513761468,0.03125,0.14285714285714285,0.41743119266055045,0.28256869316101074,0.9532340727746487,0
SEUMLD,OADNet_text,2,7,3.0,0.5,True,0.3,0.09999999999999999,0.2803613543510437,0.9474096707999706,0.2,0.2,0.06666666666666667,0.5657492354740061,0.052083333333333336,0.1471861471861472,0.4327217125382263,0.2803613543510437,0.9489061236381531,0
SEUMLD,OADNet_text,2,7,3.0,0.5,True,0.3,0.09999999999999999,0.2803613543510437,0.9474096707999706,0.25,0.25,0.08333333333333333,0.5382262996941896,0.07291666666666667,0.1471861471861472,0.43730886850152906,0.2803613543510437,0.9449528828263283,0
SEUMLD,OADNet_text,2,7,3.0,0.5,True,0.3,0.09999999999999999,0.2803613543510437,0.9474096707999706,0.3,0.3,0.09999999999999999,0.4954128440366973,0.08333333333333333,0.1471861471861472,0.42507645259938837,0.2803613543510437,0.9149277731776237,1
SEUMLD,OADNet_text,2,7,3.0,0.6,True,0.15,0.049999999999999996,0.4250471293926239,0.9631327427923679,0.05,0.05,0.016666666666666666,0.8593272171253823,0.0,0.04329004329004329,0.4602446483180428,0.5139805674552917,0.9717032872140408,0
SEUMLD,OADNet_text,2,7,3.0,0.6,True,0.15,0.049999999999999996,0.4250471293926239,0.9631327427923679,0.075,0.075,0.024999999999999998,0.6972477064220184,0.010416666666666666,0.06926406926406926,0.40672782874617736,0.44833436608314514,0.9599479921162128,0
SEUMLD,OADNet_text,2,7,3.0,0.6,True,0.15,0.049999999999999996,0.4250471293926239,0.9631327427923679,0.1,0.1,0.03333333333333333,0.6513761467889908,0.020833333333333332,0.09523809523809523,0.41131498470948014,0.36107197403907776,0.958097156137228,0
SEUMLD,OADNet_text,2,7,3.0,0.6,True,0.15,0.049999999999999996,0.4250471293926239,0.9631327427923679,0.15,0.15,0.049999999999999996,0.5779816513761468,0.03125,0.14285714285714285,0.41743119266055045,0.28256869316101074,0.9532340727746487,1
SEUMLD,OADNet_text,2,7,3.0,0.6,True,0.15,0.049999999999999996,0.4250471293926239,0.9631327427923679,0.2,0.2,0.06666666666666667,0.5657492354740061,0.052083333333333336,0.1471861471861472,0.4327217125382263,0.2803613543510437,0.9489061236381531,0
SEUMLD,OADNet_text,2,7,3.0,0.6,True,0.15,0.049999999999999996,0.4250471293926239,0.9631327427923679,0.25,0.25,0.08333333333333333,0.5382262996941896,0.07291666666666667,0.1471861471861472,0.43730886850152906,0.2803613543510437,0.9449528828263283,0
SEUMLD,OADNet_text,2,7,3.0,0.6,True,0.15,0.049999999999999996,0.4250471293926239,0.9631327427923679,0.3,0.3,0.09999999999999999,0.4954128440366973,0.08333333333333333,0.1471861471861472,0.42507645259938837,0.2803613543510437,0.9149277731776237,0
SEUMLD,OADNet_text,2,7,3.0,0.7,True,0.075,0.024999999999999998,0.7144522666931152,0.9656565524637699,0.05,0.05,0.016666666666666666,0.8593272171253823,0.0,0.04329004329004329,0.4602446483180428,0.5139805674552917,0.9717032872140408,0
SEUMLD,OADNet_text,2,7,3.0,0.7,True,0.075,0.024999999999999998,0.7144522666931152,0.9656565524637699,0.075,0.075,0.024999999999999998,0.6972477064220184,0.010416666666666666,0.06926406926406926,0.40672782874617736,0.44833436608314514,0.9599479921162128,1
SEUMLD,OADNet_text,2,7,3.0,0.7,True,0.075,0.024999999999999998,0.7144522666931152,0.9656565524637699,0.1,0.1,0.03333333333333333,0.6513761467889908,0.020833333333333332,0.09523809523809523,0.41131498470948014,0.36107197403907776,0.958097156137228,0
SEUMLD,OADNet_text,2,7,3.0,0.7,True,0.075,0.024999999999999998,0.7144522666931152,0.9656565524637699,0.15,0.15,0.049999999999999996,0.5779816513761468,0.03125,0.14285714285714285,0.41743119266055045,0.28256869316101074,0.9532340727746487,0
SEUMLD,OADNet_text,2,7,3.0,0.7,True,0.075,0.024999999999999998,0.7144522666931152,0.9656565524637699,0.2,0.2,0.06666666666666667,0.5657492354740061,0.052083333333333336,0.1471861471861472,0.4327217125382263,0.2803613543510437,0.9489061236381531,0
SEUMLD,OADNet_text,2,7,3.0,0.7,True,0.075,0.024999999999999998,0.7144522666931152,0.9656565524637699,0.25,0.25,0.08333333333333333,0.5382262996941896,0.07291666666666667,0.1471861471861472,0.43730886850152906,0.2803613543510437,0.9449528828263283,0
SEUMLD,OADNet_text,2,7,3.0,0.7,True,0.075,0.024999999999999998,0.7144522666931152,0.9656565524637699,0.3,0.3,0.09999999999999999,0.4954128440366973,0.08333333333333333,0.1471861471861472,0.42507645259938837,0.2803613543510437,0.9149277731776237,0
SEUMLD,OADNet_text,2,7,3.0,0.8,True,0.075,0.024999999999999998,0.7144522666931152,0.9656565524637699,0.05,0.05,0.016666666666666666,0.8593272171253823,0.0,0.04329004329004329,0.4602446483180428,0.5139805674552917,0.9717032872140408,0
SEUMLD,OADNet_text,2,7,3.0,0.8,True,0.075,0.024999999999999998,0.7144522666931152,0.9656565524637699,0.075,0.075,0.024999999999999998,0.6972477064220184,0.010416666666666666,0.06926406926406926,0.40672782874617736,0.44833436608314514,0.9599479921162128,1
SEUMLD,OADNet_text,2,7,3.0,0.8,True,0.075,0.024999999999999998,0.7144522666931152,0.9656565524637699,0.1,0.1,0.03333333333333333,0.6513761467889908,0.020833333333333332,0.09523809523809523,0.41131498470948014,0.36107197403907776,0.958097156137228,0
SEUMLD,OADNet_text,2,7,3.0,0.8,True,0.075,0.024999999999999998,0.7144522666931152,0.9656565524637699,0.15,0.15,0.049999999999999996,0.5779816513761468,0.03125,0.14285714285714285,0.41743119266055045,0.28256869316101074,0.9532340727746487,0
SEUMLD,OADNet_text,2,7,3.0,0.8,True,0.075,0.024999999999999998,0.7144522666931152,0.9656565524637699,0.2,0.2,0.06666666666666667,0.5657492354740061,0.052083333333333336,0.1471861471861472,0.4327217125382263,0.2803613543510437,0.9489061236381531,0
SEUMLD,OADNet_text,2,7,3.0,0.8,True,0.075,0.024999999999999998,0.7144522666931152,0.9656565524637699,0.25,0.25,0.08333333333333333,0.5382262996941896,0.07291666666666667,0.1471861471861472,0.43730886850152906,0.2803613543510437,0.9449528828263283,0
SEUMLD,OADNet_text,2,7,3.0,0.8,True,0.075,0.024999999999999998,0.7144522666931152,0.9656565524637699,0.3,0.3,0.09999999999999999,0.4954128440366973,0.08333333333333333,0.1471861471861472,0.42507645259938837,0.2803613543510437,0.9149277731776237,0
SEUMLD,OADNet_text,2,42,3.0,0.5,True,0.25,0.08333333333333333,0.25520169734954834,0.9541473910212517,0.05,0.05,0.016666666666666666,0.8501529051987767,0.0,0.04329004329004329,0.45565749235474007,0.47395798563957214,0.9703458789736032,0
SEUMLD,OADNet_text,2,42,3.0,0.5,True,0.25,0.08333333333333333,0.25520169734954834,0.9541473910212517,0.075,0.075,0.024999999999999998,0.7247706422018348,0.010416666666666666,0.06926406926406926,0.42048929663608564,0.3835190534591675,0.9632549360394478,0
SEUMLD,OADNet_text,2,42,3.0,0.5,True,0.25,0.08333333333333333,0.25520169734954834,0.9541473910212517,0.1,0.1,0.03333333333333333,0.6697247706422018,0.020833333333333332,0.09523809523809523,0.42048929663608564,0.32826337218284607,0.9601682759821415,0
SEUMLD,OADNet_text,2,42,3.0,0.5,True,0.25,0.08333333333333333,0.25520169734954834,0.9541473910212517,0.15,0.15,0.049999999999999996,0.5749235474006116,0.03125,0.13852813852813853,0.41284403669724773,0.25520169734954834,0.9552405998110771,0
SEUMLD,OADNet_text,2,42,3.0,0.5,True,0.25,0.08333333333333333,0.25520169734954834,0.9541473910212517,0.2,0.2,0.06666666666666667,0.5565749235474006,0.052083333333333336,0.13852813852813853,0.42201834862385323,0.25520169734954834,0.9518316276371479,0
SEUMLD,OADNet_text,2,42,3.0,0.5,True,0.25,0.08333333333333333,0.25520169734954834,0.9541473910212517,0.25,0.25,0.08333333333333333,0.45565749235474007,0.07291666666666667,0.22943722943722944,0.4541284403669725,0.2159142792224884,0.9427924193441868,1
SEUMLD,OADNet_text,2,42,3.0,0.5,True,0.25,0.08333333333333333,0.25520169734954834,0.9541473910212517,0.3,0.3,0.09999999999999999,0.4434250764525994,0.08333333333333333,0.22943722943722944,0.45718654434250766,0.2159142792224884,0.9323953986167908,0
SEUMLD,OADNet_text,2,42,3.0,0.6,True,0.15,0.049999999999999996,0.37550437450408936,0.9596821144223213,0.05,0.05,0.016666666666666666,0.8501529051987767,0.0,0.04329004329004329,0.45565749235474007,0.47395798563957214,0.9703458789736032,0
SEUMLD,OADNet_text,2,42,3.0,0.6,True,0.15,0.049999999999999996,0.37550437450408936,0.9596821144223213,0.075,0.075,0.024999999999999998,0.7247706422018348,0.010416666666666666,0.06926406926406926,0.42048929663608564,0.3835190534591675,0.9632549360394478,0
SEUMLD,OADNet_text,2,42,3.0,0.6,True,0.15,0.049999999999999996,0.37550437450408936,0.9596821144223213,0.1,0.1,0.03333333333333333,0.6697247706422018,0.020833333333333332,0.09523809523809523,0.42048929663608564,0.32826337218284607,0.9601682759821415,0
SEUMLD,OADNet_text,2,42,3.0,0.6,True,0.15,0.049999999999999996,0.37550437450408936,0.9596821144223213,0.15,0.15,0.049999999999999996,0.5749235474006116,0.03125,0.13852813852813853,0.41284403669724773,0.25520169734954834,0.9552405998110771,1
SEUMLD,OADNet_text,2,42,3.0,0.6,True,0.15,0.049999999999999996,0.37550437450408936,0.9596821144223213,0.2,0.2,0.06666666666666667,0.5565749235474006,0.052083333333333336,0.13852813852813853,0.42201834862385323,0.25520169734954834,0.9518316276371479,0
SEUMLD,OADNet_text,2,42,3.0,0.6,True,0.15,0.049999999999999996,0.37550437450408936,0.9596821144223213,0.25,0.25,0.08333333333333333,0.45565749235474007,0.07291666666666667,0.22943722943722944,0.4541284403669725,0.2159142792224884,0.9427924193441868,0
SEUMLD,OADNet_text,2,42,3.0,0.6,True,0.15,0.049999999999999996,0.37550437450408936,0.9596821144223213,0.3,0.3,0.09999999999999999,0.4434250764525994,0.08333333333333333,0.22943722943722944,0.45718654434250766,0.2159142792224884,0.9323953986167908,0
SEUMLD,OADNet_text,2,42,3.0,0.7,True,0.15,0.049999999999999996,0.37550437450408936,0.9596821144223213,0.05,0.05,0.016666666666666666,0.8501529051987767,0.0,0.04329004329004329,0.45565749235474007,0.47395798563957214,0.9703458789736032,0
SEUMLD,OADNet_text,2,42,3.0,0.7,True,0.15,0.049999999999999996,0.37550437450408936,0.9596821144223213,0.075,0.075,0.024999999999999998,0.7247706422018348,0.010416666666666666,0.06926406926406926,0.42048929663608564,0.3835190534591675,0.9632549360394478,0
SEUMLD,OADNet_text,2,42,3.0,0.7,True,0.15,0.049999999999999996,0.37550437450408936,0.9596821144223213,0.1,0.1,0.03333333333333333,0.6697247706422018,0.020833333333333332,0.09523809523809523,0.42048929663608564,0.32826337218284607,0.9601682759821415,0
SEUMLD,OADNet_text,2,42,3.0,0.7,True,0.15,0.049999999999999996,0.37550437450408936,0.9596821144223213,0.15,0.15,0.049999999999999996,0.5749235474006116,0.03125,0.13852813852813853,0.41284403669724773,0.25520169734954834,0.9552405998110771,1
SEUMLD,OADNet_text,2,42,3.0,0.7,True,0.15,0.049999999999999996,0.37550437450408936,0.9596821144223213,0.2,0.2,0.06666666666666667,0.5565749235474006,0.052083333333333336,0.13852813852813853,0.42201834862385323,0.25520169734954834,0.9518316276371479,0
SEUMLD,OADNet_text,2,42,3.0,0.7,True,0.15,0.049999999999999996,0.37550437450408936,0.9596821144223213,0.25,0.25,0.08333333333333333,0.45565749235474007,0.07291666666666667,0.22943722943722944,0.4541284403669725,0.2159142792224884,0.9427924193441868,0
SEUMLD,OADNet_text,2,42,3.0,0.7,True,0.15,0.049999999999999996,0.37550437450408936,0.9596821144223213,0.3,0.3,0.09999999999999999,0.4434250764525994,0.08333333333333333,0.22943722943722944,0.45718654434250766,0.2159142792224884,0.9323953986167908,0
SEUMLD,OADNet_text,2,42,3.0,0.8,True,0.15,0.049999999999999996,0.37550437450408936,0.9596821144223213,0.05,0.05,0.016666666666666666,0.8501529051987767,0.0,0.04329004329004329,0.45565749235474007,0.47395798563957214,0.9703458789736032,0
SEUMLD,OADNet_text,2,42,3.0,0.8,True,0.15,0.049999999999999996,0.37550437450408936,0.9596821144223213,0.075,0.075,0.024999999999999998,0.7247706422018348,0.010416666666666666,0.06926406926406926,0.42048929663608564,0.3835190534591675,0.9632549360394478,0
SEUMLD,OADNet_text,2,42,3.0,0.8,True,0.15,0.049999999999999996,0.37550437450408936,0.9596821144223213,0.1,0.1,0.03333333333333333,0.6697247706422018,0.020833333333333332,0.09523809523809523,0.42048929663608564,0.32826337218284607,0.9601682759821415,0
SEUMLD,OADNet_text,2,42,3.0,0.8,True,0.15,0.049999999999999996,0.37550437450408936,0.9596821144223213,0.15,0.15,0.049999999999999996,0.5749235474006116,0.03125,0.13852813852813853,0.41284403669724773,0.25520169734954834,0.9552405998110771,1
SEUMLD,OADNet_text,2,42,3.0,0.8,True,0.15,0.049999999999999996,0.37550437450408936,0.9596821144223213,0.2,0.2,0.06666666666666667,0.5565749235474006,0.052083333333333336,0.13852813852813853,0.42201834862385323,0.25520169734954834,0.9518316276371479,0
SEUMLD,OADNet_text,2,42,3.0,0.8,True,0.15,0.049999999999999996,0.37550437450408936,0.9596821144223213,0.25,0.25,0.08333333333333333,0.45565749235474007,0.07291666666666667,0.22943722943722944,0.4541284403669725,0.2159142792224884,0.9427924193441868,0
SEUMLD,OADNet_text,2,42,3.0,0.8,True,0.15,0.049999999999999996,0.37550437450408936,0.9596821144223213,0.3,0.3,0.09999999999999999,0.4434250764525994,0.08333333333333333,0.22943722943722944,0.45718654434250766,0.2159142792224884,0.9323953986167908,0
SEUMLD,OADNet_text,2,123,3.0,0.5,True,0.25,0.08333333333333333,0.35499846935272217,0.9342541620135307,0.05,0.05,0.016666666666666666,0.8532110091743119,0.0,0.04329004329004329,0.45718654434250766,0.5376893877983093,0.9489617981016636,0
SEUMLD,OADNet_text,2,123,3.0,0.5,True,0.25,0.08333333333333333,0.35499846935272217,0.9342541620135307,0.075,0.075,0.024999999999999998,0.8073394495412844,0.010416666666666666,0.06060606060606061,0.45565749235474007,0.4727139174938202,0.9476666748523712,0
SEUMLD,OADNet_text,2,123,3.0,0.5,True,0.25,0.08333333333333333,0.35499846935272217,0.9342541620135307,0.1,0.1,0.03333333333333333,0.7370030581039755,0.020833333333333332,0.09523809523809523,0.4541284403669725,0.4389611482620239,0.9432861283421516,0
SEUMLD,OADNet_text,2,123,3.0,0.5,True,0.25,0.08333333333333333,0.35499846935272217,0.9342541620135307,0.15,0.15,0.049999999999999996,0.6422018348623854,0.03125,0.13852813852813853,0.44648318042813456,0.35499846935272217,0.9384300671517849,0
SEUMLD,OADNet_text,2,123,3.0,0.5,True,0.25,0.08333333333333333,0.35499846935272217,0.9342541620135307,0.2,0.2,0.06666666666666667,0.5565749235474006,0.052083333333333336,0.13852813852813853,0.42201834862385323,0.35499846935272217,0.9142546877264977,0
SEUMLD,OADNet_text,2,123,3.0,0.5,True,0.25,0.08333333333333333,0.35499846935272217,0.9342541620135307,0.25,0.25,0.08333333333333333,0.43730886850152906,0.07291666666666667,0.24675324675324675,0.45718654434250766,0.2953733801841736,0.8988605365157127,1
SEUMLD,OADNet_text,2,123,3.0,0.5,True,0.25,0.08333333333333333,0.35499846935272217,0.9342541620135307,0.3,0.3,0.09999999999999999,0.4036697247706422,0.08333333333333333,0.2813852813852814,0.4740061162079511,0.26987987756729126,0.8977585732936859,0
SEUMLD,OADNet_text,2,123,3.0,0.6,True,0.2,0.06666666666666667,0.3730827867984772,0.9438976645469666,0.05,0.05,0.016666666666666666,0.8532110091743119,0.0,0.04329004329004329,0.45718654434250766,0.5376893877983093,0.9489617981016636,0
SEUMLD,OADNet_text,2,123,3.0,0.6,True,0.2,0.06666666666666667,0.3730827867984772,0.9438976645469666,0.075,0.075,0.024999999999999998,0.8073394495412844,0.010416666666666666,0.06060606060606061,0.45565749235474007,0.4727139174938202,0.9476666748523712,0
SEUMLD,OADNet_text,2,123,3.0,0.6,True,0.2,0.06666666666666667,0.3730827867984772,0.9438976645469666,0.1,0.1,0.03333333333333333,0.7370030581039755,0.020833333333333332,0.09523809523809523,0.4541284403669725,0.4389611482620239,0.9432861283421516,0
SEUMLD,OADNet_text,2,123,3.0,0.6,True,0.2,0.06666666666666667,0.3730827867984772,0.9438976645469666,0.15,0.15,0.049999999999999996,0.6422018348623854,0.03125,0.13852813852813853,0.44648318042813456,0.35499846935272217,0.9384300671517849,0
SEUMLD,OADNet_text,2,123,3.0,0.6,True,0.2,0.06666666666666667,0.3730827867984772,0.9438976645469666,0.2,0.2,0.06666666666666667,0.5565749235474006,0.052083333333333336,0.13852813852813853,0.42201834862385323,0.35499846935272217,0.9142546877264977,1
SEUMLD,OADNet_text,2,123,3.0,0.6,True,0.2,0.06666666666666667,0.3730827867984772,0.9438976645469666,0.25,0.25,0.08333333333333333,0.43730886850152906,0.07291666666666667,0.24675324675324675,0.45718654434250766,0.2953733801841736,0.8988605365157127,0
SEUMLD,OADNet_text,2,123,3.0,0.6,True,0.2,0.06666666666666667,0.3730827867984772,0.9438976645469666,0.3,0.3,0.09999999999999999,0.4036697247706422,0.08333333333333333,0.2813852813852814,0.4740061162079511,0.26987987756729126,0.8977585732936859,0
SEUMLD,OADNet_text,2,123,3.0,0.7,True,0.2,0.06666666666666667,0.3730827867984772,0.9438976645469666,0.05,0.05,0.016666666666666666,0.8532110091743119,0.0,0.04329004329004329,0.45718654434250766,0.5376893877983093,0.9489617981016636,0
SEUMLD,OADNet_text,2,123,3.0,0.7,True,0.2,0.06666666666666667,0.3730827867984772,0.9438976645469666,0.075,0.075,0.024999999999999998,0.8073394495412844,0.010416666666666666,0.06060606060606061,0.45565749235474007,0.4727139174938202,0.9476666748523712,0
SEUMLD,OADNet_text,2,123,3.0,0.7,True,0.2,0.06666666666666667,0.3730827867984772,0.9438976645469666,0.1,0.1,0.03333333333333333,0.7370030581039755,0.020833333333333332,0.09523809523809523,0.4541284403669725,0.4389611482620239,0.9432861283421516,0
SEUMLD,OADNet_text,2,123,3.0,0.7,True,0.2,0.06666666666666667,0.3730827867984772,0.9438976645469666,0.15,0.15,0.049999999999999996,0.6422018348623854,0.03125,0.13852813852813853,0.44648318042813456,0.35499846935272217,0.9384300671517849,0
SEUMLD,OADNet_text,2,123,3.0,0.7,True,0.2,0.06666666666666667,0.3730827867984772,0.9438976645469666,0.2,0.2,0.06666666666666667,0.5565749235474006,0.052083333333333336,0.13852813852813853,0.42201834862385323,0.35499846935272217,0.9142546877264977,1
SEUMLD,OADNet_text,2,123,3.0,0.7,True,0.2,0.06666666666666667,0.3730827867984772,0.9438976645469666,0.25,0.25,0.08333333333333333,0.43730886850152906,0.07291666666666667,0.24675324675324675,0.45718654434250766,0.2953733801841736,0.8988605365157127,0
SEUMLD,OADNet_text,2,123,3.0,0.7,True,0.2,0.06666666666666667,0.3730827867984772,0.9438976645469666,0.3,0.3,0.09999999999999999,0.4036697247706422,0.08333333333333333,0.2813852813852814,0.4740061162079511,0.26987987756729126,0.8977585732936859,0
SEUMLD,OADNet_text,2,123,3.0,0.8,True,0.2,0.06666666666666667,0.3730827867984772,0.9438976645469666,0.05,0.05,0.016666666666666666,0.8532110091743119,0.0,0.04329004329004329,0.45718654434250766,0.5376893877983093,0.9489617981016636,0
SEUMLD,OADNet_text,2,123,3.0,0.8,True,0.2,0.06666666666666667,0.3730827867984772,0.9438976645469666,0.075,0.075,0.024999999999999998,0.8073394495412844,0.010416666666666666,0.06060606060606061,0.45565749235474007,0.4727139174938202,0.9476666748523712,0
SEUMLD,OADNet_text,2,123,3.0,0.8,True,0.2,0.06666666666666667,0.3730827867984772,0.9438976645469666,0.1,0.1,0.03333333333333333,0.7370030581039755,0.020833333333333332,0.09523809523809523,0.4541284403669725,0.4389611482620239,0.9432861283421516,0
SEUMLD,OADNet_text,2,123,3.0,0.8,True,0.2,0.06666666666666667,0.3730827867984772,0.9438976645469666,0.15,0.15,0.049999999999999996,0.6422018348623854,0.03125,0.13852813852813853,0.44648318042813456,0.35499846935272217,0.9384300671517849,0
SEUMLD,OADNet_text,2,123,3.0,0.8,True,0.2,0.06666666666666667,0.3730827867984772,0.9438976645469666,0.2,0.2,0.06666666666666667,0.5565749235474006,0.052083333333333336,0.13852813852813853,0.42201834862385323,0.35499846935272217,0.9142546877264977,1
SEUMLD,OADNet_text,2,123,3.0,0.8,True,0.2,0.06666666666666667,0.3730827867984772,0.9438976645469666,0.25,0.25,0.08333333333333333,0.43730886850152906,0.07291666666666667,0.24675324675324675,0.45718654434250766,0.2953733801841736,0.8988605365157127,0
SEUMLD,OADNet_text,2,123,3.0,0.8,True,0.2,0.06666666666666667,0.3730827867984772,0.9438976645469666,0.3,0.3,0.09999999999999999,0.4036697247706422,0.08333333333333333,0.2813852813852814,0.4740061162079511,0.26987987756729126,0.8977585732936859,0
SEUMLD,OADNet_text,2,2024,3.0,0.5,False,0.3,0.09999999999999999,0.29825085401535034,0.9059898182749748,0.05,0.05,0.016666666666666666,0.8103975535168195,0.0,0.04329004329004329,0.43577981651376146,0.5263463258743286,0.949128482490778,0
SEUMLD,OADNet_text,2,2024,3.0,0.5,False,0.3,0.09999999999999999,0.29825085401535034,0.9059898182749748,0.075,0.075,0.024999999999999998,0.7155963302752294,0.010416666666666666,0.06926406926406926,0.41590214067278286,0.4816460907459259,0.9315944164991379,0
SEUMLD,OADNet_text,2,2024,3.0,0.5,False,0.3,0.09999999999999999,0.29825085401535034,0.9059898182749748,0.1,0.1,0.03333333333333333,0.6483180428134556,0.020833333333333332,0.09523809523809523,0.40978593272171254,0.4049157202243805,0.92381901293993,0
SEUMLD,OADNet_text,2,2024,3.0,0.5,False,0.3,0.09999999999999999,0.29825085401535034,0.9059898182749748,0.15,0.15,0.049999999999999996,0.5749235474006116,0.03125,0.14285714285714285,0.41590214067278286,0.3033856749534607,0.9231696426868439,0
SEUMLD,OADNet_text,2,2024,3.0,0.5,False,0.3,0.09999999999999999,0.29825085401535034,0.9059898182749748,0.2,0.2,0.06666666666666667,0.5535168195718655,0.052083333333333336,0.1471861471861472,0.42660550458715596,0.29825085401535034,0.9176592826843262,0
SEUMLD,OADNet_text,2,2024,3.0,0.5,False,0.3,0.09999999999999999,0.29825085401535034,0.9059898182749748,0.25,0.25,0.08333333333333333,0.5382262996941896,0.07291666666666667,0.1471861471861472,0.43730886850152906,0.29825085401535034,0.9096429422497749,0
SEUMLD,OADNet_text,2,2024,3.0,0.5,False,0.3,0.09999999999999999,0.29825085401535034,0.9059898182749748,0.3,0.3,0.09999999999999999,0.5259938837920489,0.08333333333333333,0.1471861471861472,0.44036697247706424,0.29825085401535034,0.9058919176459312,1
SEUMLD,OADNet_text,2,2024,3.0,0.6,True,0.15,0.049999999999999996,0.45045536756515503,0.9524598009884357,0.05,0.05,0.016666666666666666,0.8103975535168195,0.0,0.04329004329004329,0.43577981651376146,0.5263463258743286,0.949128482490778,0
SEUMLD,OADNet_text,2,2024,3.0,0.6,True,0.15,0.049999999999999996,0.45045536756515503,0.9524598009884357,0.075,0.075,0.024999999999999998,0.7155963302752294,0.010416666666666666,0.06926406926406926,0.41590214067278286,0.4816460907459259,0.9315944164991379,0
SEUMLD,OADNet_text,2,2024,3.0,0.6,True,0.15,0.049999999999999996,0.45045536756515503,0.9524598009884357,0.1,0.1,0.03333333333333333,0.6483180428134556,0.020833333333333332,0.09523809523809523,0.40978593272171254,0.4049157202243805,0.92381901293993,0
SEUMLD,OADNet_text,2,2024,3.0,0.6,True,0.15,0.049999999999999996,0.45045536756515503,0.9524598009884357,0.15,0.15,0.049999999999999996,0.5749235474006116,0.03125,0.14285714285714285,0.41590214067278286,0.3033856749534607,0.9231696426868439,1
SEUMLD,OADNet_text,2,2024,3.0,0.6,True,0.15,0.049999999999999996,0.45045536756515503,0.9524598009884357,0.2,0.2,0.06666666666666667,0.5535168195718655,0.052083333333333336,0.1471861471861472,0.42660550458715596,0.29825085401535034,0.9176592826843262,0
SEUMLD,OADNet_text,2,2024,3.0,0.6,True,0.15,0.049999999999999996,0.45045536756515503,0.9524598009884357,0.25,0.25,0.08333333333333333,0.5382262996941896,0.07291666666666667,0.1471861471861472,0.43730886850152906,0.29825085401535034,0.9096429422497749,0
SEUMLD,OADNet_text,2,2024,3.0,0.6,True,0.15,0.049999999999999996,0.45045536756515503,0.9524598009884357,0.3,0.3,0.09999999999999999,0.5259938837920489,0.08333333333333333,0.1471861471861472,0.44036697247706424,0.29825085401535034,0.9058919176459312,0
SEUMLD,OADNet_text,2,2024,3.0,0.7,True,0.1,0.03333333333333333,0.6319083571434021,0.9571177586913109,0.05,0.05,0.016666666666666666,0.8103975535168195,0.0,0.04329004329004329,0.43577981651376146,0.5263463258743286,0.949128482490778,0
SEUMLD,OADNet_text,2,2024,3.0,0.7,True,0.1,0.03333333333333333,0.6319083571434021,0.9571177586913109,0.075,0.075,0.024999999999999998,0.7155963302752294,0.010416666666666666,0.06926406926406926,0.41590214067278286,0.4816460907459259,0.9315944164991379,0
SEUMLD,OADNet_text,2,2024,3.0,0.7,True,0.1,0.03333333333333333,0.6319083571434021,0.9571177586913109,0.1,0.1,0.03333333333333333,0.6483180428134556,0.020833333333333332,0.09523809523809523,0.40978593272171254,0.4049157202243805,0.92381901293993,1
SEUMLD,OADNet_text,2,2024,3.0,0.7,True,0.1,0.03333333333333333,0.6319083571434021,0.9571177586913109,0.15,0.15,0.049999999999999996,0.5749235474006116,0.03125,0.14285714285714285,0.41590214067278286,0.3033856749534607,0.9231696426868439,0
SEUMLD,OADNet_text,2,2024,3.0,0.7,True,0.1,0.03333333333333333,0.6319083571434021,0.9571177586913109,0.2,0.2,0.06666666666666667,0.5535168195718655,0.052083333333333336,0.1471861471861472,0.42660550458715596,0.29825085401535034,0.9176592826843262,0
SEUMLD,OADNet_text,2,2024,3.0,0.7,True,0.1,0.03333333333333333,0.6319083571434021,0.9571177586913109,0.25,0.25,0.08333333333333333,0.5382262996941896,0.07291666666666667,0.1471861471861472,0.43730886850152906,0.29825085401535034,0.9096429422497749,0
SEUMLD,OADNet_text,2,2024,3.0,0.7,True,0.1,0.03333333333333333,0.6319083571434021,0.9571177586913109,0.3,0.3,0.09999999999999999,0.5259938837920489,0.08333333333333333,0.1471861471861472,0.44036697247706424,0.29825085401535034,0.9058919176459312,0
SEUMLD,OADNet_text,2,2024,3.0,0.8,True,0.1,0.03333333333333333,0.6319083571434021,0.9571177586913109,0.05,0.05,0.016666666666666666,0.8103975535168195,0.0,0.04329004329004329,0.43577981651376146,0.5263463258743286,0.949128482490778,0
SEUMLD,OADNet_text,2,2024,3.0,0.8,True,0.1,0.03333333333333333,0.6319083571434021,0.9571177586913109,0.075,0.075,0.024999999999999998,0.7155963302752294,0.010416666666666666,0.06926406926406926,0.41590214067278286,0.4816460907459259,0.9315944164991379,0
SEUMLD,OADNet_text,2,2024,3.0,0.8,True,0.1,0.03333333333333333,0.6319083571434021,0.9571177586913109,0.1,0.1,0.03333333333333333,0.6483180428134556,0.020833333333333332,0.09523809523809523,0.40978593272171254,0.4049157202243805,0.92381901293993,1
SEUMLD,OADNet_text,2,2024,3.0,0.8,True,0.1,0.03333333333333333,0.6319083571434021,0.9571177586913109,0.15,0.15,0.049999999999999996,0.5749235474006116,0.03125,0.14285714285714285,0.41590214067278286,0.3033856749534607,0.9231696426868439,0
SEUMLD,OADNet_text,2,2024,3.0,0.8,True,0.1,0.03333333333333333,0.6319083571434021,0.9571177586913109,0.2,0.2,0.06666666666666667,0.5535168195718655,0.052083333333333336,0.1471861471861472,0.42660550458715596,0.29825085401535034,0.9176592826843262,0
SEUMLD,OADNet_text,2,2024,3.0,0.8,True,0.1,0.03333333333333333,0.6319083571434021,0.9571177586913109,0.25,0.25,0.08333333333333333,0.5382262996941896,0.07291666666666667,0.1471861471861472,0.43730886850152906,0.29825085401535034,0.9096429422497749,0
SEUMLD,OADNet_text,2,2024,3.0,0.8,True,0.1,0.03333333333333333,0.6319083571434021,0.9571177586913109,0.3,0.3,0.09999999999999999,0.5259938837920489,0.08333333333333333,0.1471861471861472,0.44036697247706424,0.29825085401535034,0.9058919176459312,0
SEUMLD,OADNet_text,2,2026,3.0,0.5,True,0.2,0.06666666666666667,0.32959479093551636,0.9076883345842361,0.05,0.05,0.016666666666666666,0.8379204892966361,0.0,0.04329004329004329,0.44954128440366975,0.44715139269828796,0.9477805197238922,0
SEUMLD,OADNet_text,2,2026,3.0,0.5,True,0.2,0.06666666666666667,0.32959479093551636,0.9076883345842361,0.075,0.075,0.024999999999999998,0.72782874617737,0.010416666666666666,0.06926406926406926,0.42201834862385323,0.3949214220046997,0.9136221185326576,0
SEUMLD,OADNet_text,2,2026,3.0,0.5,True,0.2,0.06666666666666667,0.32959479093551636,0.9076883345842361,0.1,0.1,0.03333333333333333,0.6391437308868502,0.020833333333333332,0.09523809523809523,0.40519877675840976,0.33086535334587097,0.8997449055314064,0
SEUMLD,OADNet_text,2,2026,3.0,0.5,True,0.2,0.06666666666666667,0.32959479093551636,0.9076883345842361,0.15,0.15,0.049999999999999996,0.5565749235474006,0.03125,0.14285714285714285,0.40672782874617736,0.29903295636177063,0.8820817470550537,0
SEUMLD,OADNet_text,2,2026,3.0,0.5,True,0.2,0.06666666666666667,0.32959479093551636,0.9076883345842361,0.2,0.2,0.06666666666666667,0.4831804281345566,0.052083333333333336,0.19480519480519481,0.42507645259938837,0.250265508890152,0.8783878907561302,1
SEUMLD,OADNet_text,2,2026,3.0,0.5,True,0.2,0.06666666666666667,0.32959479093551636,0.9076883345842361,0.25,0.25,0.08333333333333333,0.44648318042813456,0.07291666666666667,0.22077922077922077,0.4434250764525994,0.23765921592712402,0.8744686990976334,0
SEUMLD,OADNet_text,2,2026,3.0,0.5,True,0.2,0.06666666666666667,0.32959479093551636,0.9076883345842361,0.3,0.3,0.09999999999999999,0.37003058103975534,0.08333333333333333,0.2943722943722944,0.46636085626911317,0.23290489614009857,0.865638867020607,0
SEUMLD,OADNet_text,2,2026,3.0,0.6,True,0.15,0.049999999999999996,0.3889661133289337,0.9459894225001335,0.05,0.05,0.016666666666666666,0.8379204892966361,0.0,0.04329004329004329,0.44954128440366975,0.44715139269828796,0.9477805197238922,0
SEUMLD,OADNet_text,2,2026,3.0,0.6,True,0.15,0.049999999999999996,0.3889661133289337,0.9459894225001335,0.075,0.075,0.024999999999999998,0.72782874617737,0.010416666666666666,0.06926406926406926,0.42201834862385323,0.3949214220046997,0.9136221185326576,0
SEUMLD,OADNet_text,2,2026,3.0,0.6,True,0.15,0.049999999999999996,0.3889661133289337,0.9459894225001335,0.1,0.1,0.03333333333333333,0.6391437308868502,0.020833333333333332,0.09523809523809523,0.40519877675840976,0.33086535334587097,0.8997449055314064,0
SEUMLD,OADNet_text,2,2026,3.0,0.6,True,0.15,0.049999999999999996,0.3889661133289337,0.9459894225001335,0.15,0.15,0.049999999999999996,0.5565749235474006,0.03125,0.14285714285714285,0.40672782874617736,0.29903295636177063,0.8820817470550537,1
SEUMLD,OADNet_text,2,2026,3.0,0.6,True,0.15,0.049999999999999996,0.3889661133289337,0.9459894225001335,0.2,0.2,0.06666666666666667,0.4831804281345566,0.052083333333333336,0.19480519480519481,0.42507645259938837,0.250265508890152,0.8783878907561302,0
SEUMLD,OADNet_text,2,2026,3.0,0.6,True,0.15,0.049999999999999996,0.3889661133289337,0.9459894225001335,0.25,0.25,0.08333333333333333,0.44648318042813456,0.07291666666666667,0.22077922077922077,0.4434250764525994,0.23765921592712402,0.8744686990976334,0
SEUMLD,OADNet_text,2,2026,3.0,0.6,True,0.15,0.049999999999999996,0.3889661133289337,0.9459894225001335,0.3,0.3,0.09999999999999999,0.37003058103975534,0.08333333333333333,0.2943722943722944,0.46636085626911317,0.23290489614009857,0.865638867020607,0
SEUMLD,OADNet_text,2,2026,3.0,0.7,True,0.1,0.03333333333333333,0.5088581442832947,0.9479508399963379,0.05,0.05,0.016666666666666666,0.8379204892966361,0.0,0.04329004329004329,0.44954128440366975,0.44715139269828796,0.9477805197238922,0
SEUMLD,OADNet_text,2,2026,3.0,0.7,True,0.1,0.03333333333333333,0.5088581442832947,0.9479508399963379,0.075,0.075,0.024999999999999998,0.72782874617737,0.010416666666666666,0.06926406926406926,0.42201834862385323,0.3949214220046997,0.9136221185326576,0
SEUMLD,OADNet_text,2,2026,3.0,0.7,True,0.1,0.03333333333333333,0.5088581442832947,0.9479508399963379,0.1,0.1,0.03333333333333333,0.6391437308868502,0.020833333333333332,0.09523809523809523,0.40519877675840976,0.33086535334587097,0.8997449055314064,1
SEUMLD,OADNet_text,2,2026,3.0,0.7,True,0.1,0.03333333333333333,0.5088581442832947,0.9479508399963379,0.15,0.15,0.049999999999999996,0.5565749235474006,0.03125,0.14285714285714285,0.40672782874617736,0.29903295636177063,0.8820817470550537,0
SEUMLD,OADNet_text,2,2026,3.0,0.7,True,0.1,0.03333333333333333,0.5088581442832947,0.9479508399963379,0.2,0.2,0.06666666666666667,0.4831804281345566,0.052083333333333336,0.19480519480519481,0.42507645259938837,0.250265508890152,0.8783878907561302,0
SEUMLD,OADNet_text,2,2026,3.0,0.7,True,0.1,0.03333333333333333,0.5088581442832947,0.9479508399963379,0.25,0.25,0.08333333333333333,0.44648318042813456,0.07291666666666667,0.22077922077922077,0.4434250764525994,0.23765921592712402,0.8744686990976334,0
SEUMLD,OADNet_text,2,2026,3.0,0.7,True,0.1,0.03333333333333333,0.5088581442832947,0.9479508399963379,0.3,0.3,0.09999999999999999,0.37003058103975534,0.08333333333333333,0.2943722943722944,0.46636085626911317,0.23290489614009857,0.865638867020607,0
SEUMLD,OADNet_text,2,2026,3.0,0.8,True,0.1,0.03333333333333333,0.5088581442832947,0.9479508399963379,0.05,0.05,0.016666666666666666,0.8379204892966361,0.0,0.04329004329004329,0.44954128440366975,0.44715139269828796,0.9477805197238922,0
SEUMLD,OADNet_text,2,2026,3.0,0.8,True,0.1,0.03333333333333333,0.5088581442832947,0.9479508399963379,0.075,0.075,0.024999999999999998,0.72782874617737,0.010416666666666666,0.06926406926406926,0.42201834862385323,0.3949214220046997,0.9136221185326576,0
SEUMLD,OADNet_text,2,2026,3.0,0.8,True,0.1,0.03333333333333333,0.5088581442832947,0.9479508399963379,0.1,0.1,0.03333333333333333,0.6391437308868502,0.020833333333333332,0.09523809523809523,0.40519877675840976,0.33086535334587097,0.8997449055314064,1
SEUMLD,OADNet_text,2,2026,3.0,0.8,True,0.1,0.03333333333333333,0.5088581442832947,0.9479508399963379,0.15,0.15,0.049999999999999996,0.5565749235474006,0.03125,0.14285714285714285,0.40672782874617736,0.29903295636177063,0.8820817470550537,0
SEUMLD,OADNet_text,2,2026,3.0,0.8,True,0.1,0.03333333333333333,0.5088581442832947,0.9479508399963379,0.2,0.2,0.06666666666666667,0.4831804281345566,0.052083333333333336,0.19480519480519481,0.42507645259938837,0.250265508890152,0.8783878907561302,0
SEUMLD,OADNet_text,2,2026,3.0,0.8,True,0.1,0.03333333333333333,0.5088581442832947,0.9479508399963379,0.25,0.25,0.08333333333333333,0.44648318042813456,0.07291666666666667,0.22077922077922077,0.4434250764525994,0.23765921592712402,0.8744686990976334,0
SEUMLD,OADNet_text,2,2026,3.0,0.8,True,0.1,0.03333333333333333,0.5088581442832947,0.9479508399963379,0.3,0.3,0.09999999999999999,0.37003058103975534,0.08333333333333333,0.2943722943722944,0.46636085626911317,0.23290489614009857,0.865638867020607,0
SEUMLD,OADNet_text,3,7,3.0,0.5,False,0.3,0.09999999999999999,0.280013769865036,0.8408748358488083,0.05,0.05,0.016666666666666666,0.8708708708708709,0.0,0.042735042735042736,0.46546546546546547,0.44830551743507385,0.9228430464863777,0
SEUMLD,OADNet_text,3,7,3.0,0.5,False,0.3,0.09999999999999999,0.280013769865036,0.8408748358488083,0.075,0.075,0.024999999999999998,0.8468468468468469,0.010101010101010102,0.05982905982905983,0.4744744744744745,0.4252401292324066,0.9185662046074867,0
SEUMLD,OADNet_text,3,7,3.0,0.5,False,0.3,0.09999999999999999,0.280013769865036,0.8408748358488083,0.1,0.1,0.03333333333333333,0.7567567567567568,0.020202020202020204,0.09401709401709402,0.4624624624624625,0.361834317445755,0.8868361338973045,0
SEUMLD,OADNet_text,3,7,3.0,0.5,False,0.3,0.09999999999999999,0.280013769865036,0.8408748358488083,0.15,0.15,0.049999999999999996,0.6936936936936937,0.04040404040404041,0.1452991452991453,0.484984984984985,0.316717267036438,0.8746577650308609,0
SEUMLD,OADNet_text,3,7,3.0,0.5,False,0.3,0.09999999999999999,0.280013769865036,0.8408748358488083,0.2,0.2,0.06666666666666667,0.6156156156156156,0.050505050505050504,0.19658119658119658,0.49099099099099097,0.2832096517086029,0.8623311817646027,0
SEUMLD,OADNet_text,3,7,3.0,0.5,False,0.3,0.09999999999999999,0.280013769865036,0.8408748358488083,0.25,0.25,0.08333333333333333,0.5915915915915916,0.0707070707070707,0.20512820512820512,0.503003003003003,0.280013769865036,0.8564312905073166,0
SEUMLD,OADNet_text,3,7,3.0,0.5,False,0.3,0.09999999999999999,0.280013769865036,0.8408748358488083,0.3,0.3,0.09999999999999999,0.5795795795795796,0.09090909090909091,0.20512820512820512,0.515015015015015,0.280013769865036,0.8488543033599854,1
SEUMLD,OADNet_text,3,7,3.0,0.6,True,0.25,0.08333333333333333,0.280013769865036,0.8581181615591049,0.05,0.05,0.016666666666666666,0.8708708708708709,0.0,0.042735042735042736,0.46546546546546547,0.44830551743507385,0.9228430464863777,0
SEUMLD,OADNet_text,3,7,3.0,0.6,True,0.25,0.08333333333333333,0.280013769865036,0.8581181615591049,0.075,0.075,0.024999999999999998,0.8468468468468469,0.010101010101010102,0.05982905982905983,0.4744744744744745,0.4252401292324066,0.9185662046074867,0
SEUMLD,OADNet_text,3,7,3.0,0.6,True,0.25,0.08333333333333333,0.280013769865036,0.8581181615591049,0.1,0.1,0.03333333333333333,0.7567567567567568,0.020202020202020204,0.09401709401709402,0.4624624624624625,0.361834317445755,0.8868361338973045,0
SEUMLD,OADNet_text,3,7,3.0,0.6,True,0.25,0.08333333333333333,0.280013769865036,0.8581181615591049,0.15,0.15,0.049999999999999996,0.6936936936936937,0.04040404040404041,0.1452991452991453,0.484984984984985,0.316717267036438,0.8746577650308609,0
SEUMLD,OADNet_text,3,7,3.0,0.6,True,0.25,0.08333333333333333,0.280013769865036,0.8581181615591049,0.2,0.2,0.06666666666666667,0.6156156156156156,0.050505050505050504,0.19658119658119658,0.49099099099099097,0.2832096517086029,0.8623311817646027,0
SEUMLD,OADNet_text,3,7,3.0,0.6,True,0.25,0.08333333333333333,0.280013769865036,0.8581181615591049,0.25,0.25,0.08333333333333333,0.5915915915915916,0.0707070707070707,0.20512820512820512,0.503003003003003,0.280013769865036,0.8564312905073166,1
SEUMLD,OADNet_text,3,7,3.0,0.6,True,0.25,0.08333333333333333,0.280013769865036,0.8581181615591049,0.3,0.3,0.09999999999999999,0.5795795795795796,0.09090909090909091,0.20512820512820512,0.515015015015015,0.280013769865036,0.8488543033599854,0
SEUMLD,OADNet_text,3,7,3.0,0.7,True,0.15,0.049999999999999996,0.30265775322914124,0.8959518671035767,0.05,0.05,0.016666666666666666,0.8708708708708709,0.0,0.042735042735042736,0.46546546546546547,0.44830551743507385,0.9228430464863777,0
SEUMLD,OADNet_text,3,7,3.0,0.7,True,0.15,0.049999999999999996,0.30265775322914124,0.8959518671035767,0.075,0.075,0.024999999999999998,0.8468468468468469,0.010101010101010102,0.05982905982905983,0.4744744744744745,0.4252401292324066,0.9185662046074867,0
SEUMLD,OADNet_text,3,7,3.0,0.7,True,0.15,0.049999999999999996,0.30265775322914124,0.8959518671035767,0.1,0.1,0.03333333333333333,0.7567567567567568,0.020202020202020204,0.09401709401709402,0.4624624624624625,0.361834317445755,0.8868361338973045,0
SEUMLD,OADNet_text,3,7,3.0,0.7,True,0.15,0.049999999999999996,0.30265775322914124,0.8959518671035767,0.15,0.15,0.049999999999999996,0.6936936936936937,0.04040404040404041,0.1452991452991453,0.484984984984985,0.316717267036438,0.8746577650308609,1
SEUMLD,OADNet_text,3,7,3.0,0.7,True,0.15,0.049999999999999996,0.30265775322914124,0.8959518671035767,0.2,0.2,0.06666666666666667,0.6156156156156156,0.050505050505050504,0.19658119658119658,0.49099099099099097,0.2832096517086029,0.8623311817646027,0
SEUMLD,OADNet_text,3,7,3.0,0.7,True,0.15,0.049999999999999996,0.30265775322914124,0.8959518671035767,0.25,0.25,0.08333333333333333,0.5915915915915916,0.0707070707070707,0.20512820512820512,0.503003003003003,0.280013769865036,0.8564312905073166,0
SEUMLD,OADNet_text,3,7,3.0,0.7,True,0.15,0.049999999999999996,0.30265775322914124,0.8959518671035767,0.3,0.3,0.09999999999999999,0.5795795795795796,0.09090909090909091,0.20512820512820512,0.515015015015015,0.280013769865036,0.8488543033599854,0
SEUMLD,OADNet_text,3,7,3.0,0.8,True,0.1,0.03333333333333333,0.3466583788394928,0.9122064113616943,0.05,0.05,0.016666666666666666,0.8708708708708709,0.0,0.042735042735042736,0.46546546546546547,0.44830551743507385,0.9228430464863777,0
SEUMLD,OADNet_text,3,7,3.0,0.8,True,0.1,0.03333333333333333,0.3466583788394928,0.9122064113616943,0.075,0.075,0.024999999999999998,0.8468468468468469,0.010101010101010102,0.05982905982905983,0.4744744744744745,0.4252401292324066,0.9185662046074867,0
SEUMLD,OADNet_text,3,7,3.0,0.8,True,0.1,0.03333333333333333,0.3466583788394928,0.9122064113616943,0.1,0.1,0.03333333333333333,0.7567567567567568,0.020202020202020204,0.09401709401709402,0.4624624624624625,0.361834317445755,0.8868361338973045,1
SEUMLD,OADNet_text,3,7,3.0,0.8,True,0.1,0.03333333333333333,0.3466583788394928,0.9122064113616943,0.15,0.15,0.049999999999999996,0.6936936936936937,0.04040404040404041,0.1452991452991453,0.484984984984985,0.316717267036438,0.8746577650308609,0
SEUMLD,OADNet_text,3,7,3.0,0.8,True,0.1,0.03333333333333333,0.3466583788394928,0.9122064113616943,0.2,0.2,0.06666666666666667,0.6156156156156156,0.050505050505050504,0.19658119658119658,0.49099099099099097,0.2832096517086029,0.8623311817646027,0
SEUMLD,OADNet_text,3,7,3.0,0.8,True,0.1,0.03333333333333333,0.3466583788394928,0.9122064113616943,0.25,0.25,0.08333333333333333,0.5915915915915916,0.0707070707070707,0.20512820512820512,0.503003003003003,0.280013769865036,0.8564312905073166,0
SEUMLD,OADNet_text,3,7,3.0,0.8,True,0.1,0.03333333333333333,0.3466583788394928,0.9122064113616943,0.3,0.3,0.09999999999999999,0.5795795795795796,0.09090909090909091,0.20512820512820512,0.515015015015015,0.280013769865036,0.8488543033599854,0
SEUMLD,OADNet_text,3,42,3.0,0.5,False,0.3,0.09999999999999999,0.3911186158657074,0.9474382847547531,0.05,0.05,0.016666666666666666,0.9279279279279279,0.0,0.038461538461538464,0.49099099099099097,0.6264804005622864,0.9878610949963331,0
SEUMLD,OADNet_text,3,42,3.0,0.5,False,0.3,0.09999999999999999,0.3911186158657074,0.9474382847547531,0.075,0.075,0.024999999999999998,0.9009009009009009,0.010101010101010102,0.06837606837606838,0.5075075075075075,0.5376001000404358,0.9874122310429811,0
SEUMLD,OADNet_text,3,42,3.0,0.5,False,0.3,0.09999999999999999,0.3911186158657074,0.9474382847547531,0.1,0.1,0.03333333333333333,0.8468468468468469,0.020202020202020204,0.09401709401709402,0.5075075075075075,0.4624980092048645,0.9861231120303273,0
SEUMLD,OADNet_text,3,42,3.0,0.5,False,0.3,0.09999999999999999,0.3911186158657074,0.9474382847547531,0.15,0.15,0.049999999999999996,0.7927927927927928,0.04040404040404041,0.1282051282051282,0.5225225225225225,0.39780765771865845,0.983218302950263,0
SEUMLD,OADNet_text,3,42,3.0,0.5,False,0.3,0.09999999999999999,0.3911186158657074,0.9474382847547531,0.2,0.2,0.06666666666666667,0.7747747747747747,0.050505050505050504,0.1282051282051282,0.5225225225225225,0.39780765771865845,0.9813821967691183,0
SEUMLD,OADNet_text,3,42,3.0,0.5,False,0.3,0.09999999999999999,0.3911186158657074,0.9474382847547531,0.25,0.25,0.08333333333333333,0.6336336336336337,0.0707070707070707,0.20512820512820512,0.524024024024024,0.3911186158657074,0.965157762169838,0
SEUMLD,OADNet_text,3,42,3.0,0.5,False,0.3,0.09999999999999999,0.3911186158657074,0.9474382847547531,0.3,0.3,0.09999999999999999,0.6186186186186187,0.09090909090909091,0.20512820512820512,0.5345345345345346,0.3911186158657074,0.953743577003479,1
SEUMLD,OADNet_text,3,42,3.0,0.6,False,0.3,0.09999999999999999,0.3911186158657074,0.9474382847547531,0.05,0.05,0.016666666666666666,0.9279279279279279,0.0,0.038461538461538464,0.49099099099099097,0.6264804005622864,0.9878610949963331,0
SEUMLD,OADNet_text,3,42,3.0,0.6,False,0.3,0.09999999999999999,0.3911186158657074,0.9474382847547531,0.075,0.075,0.024999999999999998,0.9009009009009009,0.010101010101010102,0.06837606837606838,0.5075075075075075,0.5376001000404358,0.9874122310429811,0
SEUMLD,OADNet_text,3,42,3.0,0.6,False,0.3,0.09999999999999999,0.3911186158657074,0.9474382847547531,0.1,0.1,0.03333333333333333,0.8468468468468469,0.020202020202020204,0.09401709401709402,0.5075075075075075,0.4624980092048645,0.9861231120303273,0
SEUMLD,OADNet_text,3,42,3.0,0.6,False,0.3,0.09999999999999999,0.3911186158657074,0.9474382847547531,0.15,0.15,0.049999999999999996,0.7927927927927928,0.04040404040404041,0.1282051282051282,0.5225225225225225,0.39780765771865845,0.983218302950263,0
SEUMLD,OADNet_text,3,42,3.0,0.6,False,0.3,0.09999999999999999,0.3911186158657074,0.9474382847547531,0.2,0.2,0.06666666666666667,0.7747747747747747,0.050505050505050504,0.1282051282051282,0.5225225225225225,0.39780765771865845,0.9813821967691183,0
SEUMLD,OADNet_text,3,42,3.0,0.6,False,0.3,0.09999999999999999,0.3911186158657074,0.9474382847547531,0.25,0.25,0.08333333333333333,0.6336336336336337,0.0707070707070707,0.20512820512820512,0.524024024024024,0.3911186158657074,0.965157762169838,0
SEUMLD,OADNet_text,3,42,3.0,0.6,False,0.3,0.09999999999999999,0.3911186158657074,0.9474382847547531,0.3,0.3,0.09999999999999999,0.6186186186186187,0.09090909090909091,0.20512820512820512,0.5345345345345346,0.3911186158657074,0.953743577003479,1
SEUMLD,OADNet_text,3,42,3.0,0.7,True,0.25,0.08333333333333333,0.3911186158657074,0.9580510072410107,0.05,0.05,0.016666666666666666,0.9279279279279279,0.0,0.038461538461538464,0.49099099099099097,0.6264804005622864,0.9878610949963331,0
SEUMLD,OADNet_text,3,42,3.0,0.7,True,0.25,0.08333333333333333,0.3911186158657074,0.9580510072410107,0.075,0.075,0.024999999999999998,0.9009009009009009,0.010101010101010102,0.06837606837606838,0.5075075075075075,0.5376001000404358,0.9874122310429811,0
SEUMLD,OADNet_text,3,42,3.0,0.7,True,0.25,0.08333333333333333,0.3911186158657074,0.9580510072410107,0.1,0.1,0.03333333333333333,0.8468468468468469,0.020202020202020204,0.09401709401709402,0.5075075075075075,0.4624980092048645,0.9861231120303273,0
SEUMLD,OADNet_text,3,42,3.0,0.7,True,0.25,0.08333333333333333,0.3911186158657074,0.9580510072410107,0.15,0.15,0.049999999999999996,0.7927927927927928,0.04040404040404041,0.1282051282051282,0.5225225225225225,0.39780765771865845,0.983218302950263,0
SEUMLD,OADNet_text,3,42,3.0,0.7,True,0.25,0.08333333333333333,0.3911186158657074,0.9580510072410107,0.2,0.2,0.06666666666666667,0.7747747747747747,0.050505050505050504,0.1282051282051282,0.5225225225225225,0.39780765771865845,0.9813821967691183,0
SEUMLD,OADNet_text,3,42,3.0,0.7,True,0.25,0.08333333333333333,0.3911186158657074,0.9580510072410107,0.25,0.25,0.08333333333333333,0.6336336336336337,0.0707070707070707,0.20512820512820512,0.524024024024024,0.3911186158657074,0.965157762169838,1
SEUMLD,OADNet_text,3,42,3.0,0.7,True,0.25,0.08333333333333333,0.3911186158657074,0.9580510072410107,0.3,0.3,0.09999999999999999,0.6186186186186187,0.09090909090909091,0.20512820512820512,0.5345345345345346,0.3911186158657074,0.953743577003479,0
SEUMLD,OADNet_text,3,42,3.0,0.8,True,0.2,0.06666666666666667,0.39780765771865845,0.9606922082602978,0.05,0.05,0.016666666666666666,0.9279279279279279,0.0,0.038461538461538464,0.49099099099099097,0.6264804005622864,0.9878610949963331,0
SEUMLD,OADNet_text,3,42,3.0,0.8,True,0.2,0.06666666666666667,0.39780765771865845,0.9606922082602978,0.075,0.075,0.024999999999999998,0.9009009009009009,0.010101010101010102,0.06837606837606838,0.5075075075075075,0.5376001000404358,0.9874122310429811,0
SEUMLD,OADNet_text,3,42,3.0,0.8,True,0.2,0.06666666666666667,0.39780765771865845,0.9606922082602978,0.1,0.1,0.03333333333333333,0.8468468468468469,0.020202020202020204,0.09401709401709402,0.5075075075075075,0.4624980092048645,0.9861231120303273,0
SEUMLD,OADNet_text,3,42,3.0,0.8,True,0.2,0.06666666666666667,0.39780765771865845,0.9606922082602978,0.15,0.15,0.049999999999999996,0.7927927927927928,0.04040404040404041,0.1282051282051282,0.5225225225225225,0.39780765771865845,0.983218302950263,0
SEUMLD,OADNet_text,3,42,3.0,0.8,True,0.2,0.06666666666666667,0.39780765771865845,0.9606922082602978,0.2,0.2,0.06666666666666667,0.7747747747747747,0.050505050505050504,0.1282051282051282,0.5225225225225225,0.39780765771865845,0.9813821967691183,1
SEUMLD,OADNet_text,3,42,3.0,0.8,True,0.2,0.06666666666666667,0.39780765771865845,0.9606922082602978,0.25,0.25,0.08333333333333333,0.6336336336336337,0.0707070707070707,0.20512820512820512,0.524024024024024,0.3911186158657074,0.965157762169838,0
SEUMLD,OADNet_text,3,42,3.0,0.8,True,0.2,0.06666666666666667,0.39780765771865845,0.9606922082602978,0.3,0.3,0.09999999999999999,0.6186186186186187,0.09090909090909091,0.20512820512820512,0.5345345345345346,0.3911186158657074,0.953743577003479,0
SEUMLD,OADNet_text,3,123,3.0,0.5,False,0.3,0.09999999999999999,0.3363566994667053,0.8482637405395508,0.05,0.05,0.016666666666666666,0.8618618618618619,0.0,0.042735042735042736,0.46096096096096095,0.46611467003822327,0.9216069802641869,0
SEUMLD,OADNet_text,3,123,3.0,0.5,False,0.3,0.09999999999999999,0.3363566994667053,0.8482637405395508,0.075,0.075,0.024999999999999998,0.8228228228228228,0.010101010101010102,0.06837606837606838,0.46846846846846846,0.418253093957901,0.9116527736186981,0
SEUMLD,OADNet_text,3,123,3.0,0.5,False,0.3,0.09999999999999999,0.3363566994667053,0.8482637405395508,0.1,0.1,0.03333333333333333,0.7927927927927928,0.020202020202020204,0.08547008547008547,0.4744744744744745,0.4029275178909302,0.9077364727854729,0
SEUMLD,OADNet_text,3,123,3.0,0.5,False,0.3,0.09999999999999999,0.3363566994667053,0.8482637405395508,0.15,0.15,0.049999999999999996,0.7417417417417418,0.04040404040404041,0.13247863247863248,0.5,0.37382206320762634,0.8833307325839996,0
SEUMLD,OADNet_text,3,123,3.0,0.5,False,0.3,0.09999999999999999,0.3363566994667053,0.8482637405395508,0.2,0.2,0.06666666666666667,0.7327327327327328,0.050505050505050504,0.13247863247863248,0.5045045045045045,0.37382206320762634,0.8787555992603302,0
SEUMLD,OADNet_text,3,123,3.0,0.5,False,0.3,0.09999999999999999,0.3363566994667053,0.8482637405395508,0.25,0.25,0.08333333333333333,0.5885885885885885,0.0707070707070707,0.23504273504273504,0.5225225225225225,0.3363566994667053,0.8480417877435684,0
SEUMLD,OADNet_text,3,123,3.0,0.5,False,0.3,0.09999999999999999,0.3363566994667053,0.8482637405395508,0.3,0.3,0.09999999999999999,0.5765765765765766,0.09090909090909091,0.23504273504273504,0.5345345345345346,0.3363566994667053,0.8417950421571732,1
SEUMLD,OADNet_text,3,123,3.0,0.6,True,0.25,0.08333333333333333,0.3363566994667053,0.8501761555671692,0.05,0.05,0.016666666666666666,0.8618618618618619,0.0,0.042735042735042736,0.46096096096096095,0.46611467003822327,0.9216069802641869,0
SEUMLD,OADNet_text,3,123,3.0,0.6,True,0.25,0.08333333333333333,0.3363566994667053,0.8501761555671692,0.075,0.075,0.024999999999999998,0.8228228228228228,0.010101010101010102,0.06837606837606838,0.46846846846846846,0.418253093957901,0.9116527736186981,0
SEUMLD,OADNet_text,3,123,3.0,0.6,True,0.25,0.08333333333333333,0.3363566994667053,0.8501761555671692,0.1,0.1,0.03333333333333333,0.7927927927927928,0.020202020202020204,0.08547008547008547,0.4744744744744745,0.4029275178909302,0.9077364727854729,0
SEUMLD,OADNet_text,3,123,3.0,0.6,True,0.25,0.08333333333333333,0.3363566994667053,0.8501761555671692,0.15,0.15,0.049999999999999996,0.7417417417417418,0.04040404040404041,0.13247863247863248,0.5,0.37382206320762634,0.8833307325839996,0
SEUMLD,OADNet_text,3,123,3.0,0.6,True,0.25,0.08333333333333333,0.3363566994667053,0.8501761555671692,0.2,0.2,0.06666666666666667,0.7327327327327328,0.050505050505050504,0.13247863247863248,0.5045045045045045,0.37382206320762634,0.8787555992603302,0
SEUMLD,OADNet_text,3,123,3.0,0.6,True,0.25,0.08333333333333333,0.3363566994667053,0.8501761555671692,0.25,0.25,0.08333333333333333,0.5885885885885885,0.0707070707070707,0.23504273504273504,0.5225225225225225,0.3363566994667053,0.8480417877435684,1
SEUMLD,OADNet_text,3,123,3.0,0.6,True,0.25,0.08333333333333333,0.3363566994667053,0.8501761555671692,0.3,0.3,0.09999999999999999,0.5765765765765766,0.09090909090909091,0.23504273504273504,0.5345345345345346,0.3363566994667053,0.8417950421571732,0
SEUMLD,OADNet_text,3,123,3.0,0.7,True,0.25,0.08333333333333333,0.3363566994667053,0.8501761555671692,0.05,0.05,0.016666666666666666,0.8618618618618619,0.0,0.042735042735042736,0.46096096096096095,0.46611467003822327,0.9216069802641869,0
SEUMLD,OADNet_text,3,123,3.0,0.7,True,0.25,0.08333333333333333,0.3363566994667053,0.8501761555671692,0.075,0.075,0.024999999999999998,0.8228228228228228,0.010101010101010102,0.06837606837606838,0.46846846846846846,0.418253093957901,0.9116527736186981,0
SEUMLD,OADNet_text,3,123,3.0,0.7,True,0.25,0.08333333333333333,0.3363566994667053,0.8501761555671692,0.1,0.1,0.03333333333333333,0.7927927927927928,0.020202020202020204,0.08547008547008547,0.4744744744744745,0.4029275178909302,0.9077364727854729,0
SEUMLD,OADNet_text,3,123,3.0,0.7,True,0.25,0.08333333333333333,0.3363566994667053,0.8501761555671692,0.15,0.15,0.049999999999999996,0.7417417417417418,0.04040404040404041,0.13247863247863248,0.5,0.37382206320762634,0.8833307325839996,0
SEUMLD,OADNet_text,3,123,3.0,0.7,True,0.25,0.08333333333333333,0.3363566994667053,0.8501761555671692,0.2,0.2,0.06666666666666667,0.7327327327327328,0.050505050505050504,0.13247863247863248,0.5045045045045045,0.37382206320762634,0.8787555992603302,0
SEUMLD,OADNet_text,3,123,3.0,0.7,True,0.25,0.08333333333333333,0.3363566994667053,0.8501761555671692,0.25,0.25,0.08333333333333333,0.5885885885885885,0.0707070707070707,0.23504273504273504,0.5225225225225225,0.3363566994667053,0.8480417877435684,1
SEUMLD,OADNet_text,3,123,3.0,0.7,True,0.25,0.08333333333333333,0.3363566994667053,0.8501761555671692,0.3,0.3,0.09999999999999999,0.5765765765765766,0.09090909090909091,0.23504273504273504,0.5345345345345346,0.3363566994667053,0.8417950421571732,0
SEUMLD,OADNet_text,3,123,3.0,0.8,True,0.1,0.03333333333333333,0.37382206320762634,0.9015949815511703,0.05,0.05,0.016666666666666666,0.8618618618618619,0.0,0.042735042735042736,0.46096096096096095,0.46611467003822327,0.9216069802641869,0
SEUMLD,OADNet_text,3,123,3.0,0.8,True,0.1,0.03333333333333333,0.37382206320762634,0.9015949815511703,0.075,0.075,0.024999999999999998,0.8228228228228228,0.010101010101010102,0.06837606837606838,0.46846846846846846,0.418253093957901,0.9116527736186981,0
SEUMLD,OADNet_text,3,123,3.0,0.8,True,0.1,0.03333333333333333,0.37382206320762634,0.9015949815511703,0.1,0.1,0.03333333333333333,0.7927927927927928,0.020202020202020204,0.08547008547008547,0.4744744744744745,0.4029275178909302,0.9077364727854729,1
SEUMLD,OADNet_text,3,123,3.0,0.8,True,0.1,0.03333333333333333,0.37382206320762634,0.9015949815511703,0.15,0.15,0.049999999999999996,0.7417417417417418,0.04040404040404041,0.13247863247863248,0.5,0.37382206320762634,0.8833307325839996,0
SEUMLD,OADNet_text,3,123,3.0,0.8,True,0.1,0.03333333333333333,0.37382206320762634,0.9015949815511703,0.2,0.2,0.06666666666666667,0.7327327327327328,0.050505050505050504,0.13247863247863248,0.5045045045045045,0.37382206320762634,0.8787555992603302,0
SEUMLD,OADNet_text,3,123,3.0,0.8,True,0.1,0.03333333333333333,0.37382206320762634,0.9015949815511703,0.25,0.25,0.08333333333333333,0.5885885885885885,0.0707070707070707,0.23504273504273504,0.5225225225225225,0.3363566994667053,0.8480417877435684,0
SEUMLD,OADNet_text,3,123,3.0,0.8,True,0.1,0.03333333333333333,0.37382206320762634,0.9015949815511703,0.3,0.3,0.09999999999999999,0.5765765765765766,0.09090909090909091,0.23504273504273504,0.5345345345345346,0.3363566994667053,0.8417950421571732,0
SEUMLD,OADNet_text,3,2024,3.0,0.5,False,0.3,0.09999999999999999,0.306246280670166,0.9253411516547203,0.05,0.05,0.016666666666666666,0.93993993993994,0.0,0.042735042735042736,0.5,0.7052240967750549,0.9770998768508434,0
SEUMLD,OADNet_text,3,2024,3.0,0.5,False,0.3,0.09999999999999999,0.306246280670166,0.9253411516547203,0.075,0.075,0.024999999999999998,0.8738738738738738,0.010101010101010102,0.06837606837606838,0.493993993993994,0.5191986560821533,0.9687867611646652,0
SEUMLD,OADNet_text,3,2024,3.0,0.5,False,0.3,0.09999999999999999,0.306246280670166,0.9253411516547203,0.1,0.1,0.03333333333333333,0.8438438438438438,0.020202020202020204,0.0811965811965812,0.496996996996997,0.49745091795921326,0.9659600667655468,0
SEUMLD,OADNet_text,3,2024,3.0,0.5,False,0.3,0.09999999999999999,0.306246280670166,0.9253411516547203,0.15,0.15,0.049999999999999996,0.7327327327327328,0.04040404040404041,0.1452991452991453,0.5045045045045045,0.40011492371559143,0.9535912908613682,0
SEUMLD,OADNet_text,3,2024,3.0,0.5,False,0.3,0.09999999999999999,0.306246280670166,0.9253411516547203,0.2,0.2,0.06666666666666667,0.6546546546546547,0.050505050505050504,0.19658119658119658,0.5105105105105106,0.34331583976745605,0.9489061236381531,0
SEUMLD,OADNet_text,3,2024,3.0,0.5,False,0.3,0.09999999999999999,0.306246280670166,0.9253411516547203,0.25,0.25,0.08333333333333333,0.5885885885885885,0.0707070707070707,0.23931623931623933,0.5255255255255256,0.306246280670166,0.9416667856276035,0
SEUMLD,OADNet_text,3,2024,3.0,0.5,False,0.3,0.09999999999999999,0.306246280670166,0.9253411516547203,0.3,0.3,0.09999999999999999,0.5735735735735735,0.09090909090909091,0.23931623931623933,0.536036036036036,0.306246280670166,0.9336873590946198,1
SEUMLD,OADNet_text,3,2024,3.0,0.6,True,0.25,0.08333333333333333,0.306246280670166,0.928378239274025,0.05,0.05,0.016666666666666666,0.93993993993994,0.0,0.042735042735042736,0.5,0.7052240967750549,0.9770998768508434,0
SEUMLD,OADNet_text,3,2024,3.0,0.6,True,0.25,0.08333333333333333,0.306246280670166,0.928378239274025,0.075,0.075,0.024999999999999998,0.8738738738738738,0.010101010101010102,0.06837606837606838,0.493993993993994,0.5191986560821533,0.9687867611646652,0
SEUMLD,OADNet_text,3,2024,3.0,0.6,True,0.25,0.08333333333333333,0.306246280670166,0.928378239274025,0.1,0.1,0.03333333333333333,0.8438438438438438,0.020202020202020204,0.0811965811965812,0.496996996996997,0.49745091795921326,0.9659600667655468,0
SEUMLD,OADNet_text,3,2024,3.0,0.6,True,0.25,0.08333333333333333,0.306246280670166,0.928378239274025,0.15,0.15,0.049999999999999996,0.7327327327327328,0.04040404040404041,0.1452991452991453,0.5045045045045045,0.40011492371559143,0.9535912908613682,0
SEUMLD,OADNet_text,3,2024,3.0,0.6,True,0.25,0.08333333333333333,0.306246280670166,0.928378239274025,0.2,0.2,0.06666666666666667,0.6546546546546547,0.050505050505050504,0.19658119658119658,0.5105105105105106,0.34331583976745605,0.9489061236381531,0
SEUMLD,OADNet_text,3,2024,3.0,0.6,True,0.25,0.08333333333333333,0.306246280670166,0.928378239274025,0.25,0.25,0.08333333333333333,0.5885885885885885,0.0707070707070707,0.23931623931623933,0.5255255255255256,0.306246280670166,0.9416667856276035,1
SEUMLD,OADNet_text,3,2024,3.0,0.6,True,0.25,0.08333333333333333,0.306246280670166,0.928378239274025,0.3,0.3,0.09999999999999999,0.5735735735735735,0.09090909090909091,0.23931623931623933,0.536036036036036,0.306246280670166,0.9336873590946198,0
SEUMLD,OADNet_text,3,2024,3.0,0.7,True,0.2,0.06666666666666667,0.306246280670166,0.9427304342389107,0.05,0.05,0.016666666666666666,0.93993993993994,0.0,0.042735042735042736,0.5,0.7052240967750549,0.9770998768508434,0
SEUMLD,OADNet_text,3,2024,3.0,0.7,True,0.2,0.06666666666666667,0.306246280670166,0.9427304342389107,0.075,0.075,0.024999999999999998,0.8738738738738738,0.010101010101010102,0.06837606837606838,0.493993993993994,0.5191986560821533,0.9687867611646652,0
SEUMLD,OADNet_text,3,2024,3.0,0.7,True,0.2,0.06666666666666667,0.306246280670166,0.9427304342389107,0.1,0.1,0.03333333333333333,0.8438438438438438,0.020202020202020204,0.0811965811965812,0.496996996996997,0.49745091795921326,0.9659600667655468,0
SEUMLD,OADNet_text,3,2024,3.0,0.7,True,0.2,0.06666666666666667,0.306246280670166,0.9427304342389107,0.15,0.15,0.049999999999999996,0.7327327327327328,0.04040404040404041,0.1452991452991453,0.5045045045045045,0.40011492371559143,0.9535912908613682,0
SEUMLD,OADNet_text,3,2024,3.0,0.7,True,0.2,0.06666666666666667,0.306246280670166,0.9427304342389107,0.2,0.2,0.06666666666666667,0.6546546546546547,0.050505050505050504,0.19658119658119658,0.5105105105105106,0.34331583976745605,0.9489061236381531,1
SEUMLD,OADNet_text,3,2024,3.0,0.7,True,0.2,0.06666666666666667,0.306246280670166,0.9427304342389107,0.25,0.25,0.08333333333333333,0.5885885885885885,0.0707070707070707,0.23931623931623933,0.5255255255255256,0.306246280670166,0.9416667856276035,0
SEUMLD,OADNet_text,3,2024,3.0,0.7,True,0.2,0.06666666666666667,0.306246280670166,0.9427304342389107,0.3,0.3,0.09999999999999999,0.5735735735735735,0.09090909090909091,0.23931623931623933,0.536036036036036,0.306246280670166,0.9336873590946198,0
SEUMLD,OADNet_text,3,2024,3.0,0.8,True,0.15,0.049999999999999996,0.3438664376735687,0.9476666748523712,0.05,0.05,0.016666666666666666,0.93993993993994,0.0,0.042735042735042736,0.5,0.7052240967750549,0.9770998768508434,0
SEUMLD,OADNet_text,3,2024,3.0,0.8,True,0.15,0.049999999999999996,0.3438664376735687,0.9476666748523712,0.075,0.075,0.024999999999999998,0.8738738738738738,0.010101010101010102,0.06837606837606838,0.493993993993994,0.5191986560821533,0.9687867611646652,0
SEUMLD,OADNet_text,3,2024,3.0,0.8,True,0.15,0.049999999999999996,0.3438664376735687,0.9476666748523712,0.1,0.1,0.03333333333333333,0.8438438438438438,0.020202020202020204,0.0811965811965812,0.496996996996997,0.49745091795921326,0.9659600667655468,0
SEUMLD,OADNet_text,3,2024,3.0,0.8,True,0.15,0.049999999999999996,0.3438664376735687,0.9476666748523712,0.15,0.15,0.049999999999999996,0.7327327327327328,0.04040404040404041,0.1452991452991453,0.5045045045045045,0.40011492371559143,0.9535912908613682,1
SEUMLD,OADNet_text,3,2024,3.0,0.8,True,0.15,0.049999999999999996,0.3438664376735687,0.9476666748523712,0.2,0.2,0.06666666666666667,0.6546546546546547,0.050505050505050504,0.19658119658119658,0.5105105105105106,0.34331583976745605,0.9489061236381531,0
SEUMLD,OADNet_text,3,2024,3.0,0.8,True,0.15,0.049999999999999996,0.3438664376735687,0.9476666748523712,0.25,0.25,0.08333333333333333,0.5885885885885885,0.0707070707070707,0.23931623931623933,0.5255255255255256,0.306246280670166,0.9416667856276035,0
SEUMLD,OADNet_text,3,2024,3.0,0.8,True,0.15,0.049999999999999996,0.3438664376735687,0.9476666748523712,0.3,0.3,0.09999999999999999,0.5735735735735735,0.09090909090909091,0.23931623931623933,0.536036036036036,0.306246280670166,0.9336873590946198,0
SEUMLD,OADNet_text,3,2026,3.0,0.5,True,0.3,0.09999999999999999,0.31145769357681274,0.8716677576303482,0.05,0.05,0.016666666666666666,0.9039039039039038,0.0,0.042735042735042736,0.481981981981982,0.5677780508995056,0.9403272643685341,0
SEUMLD,OADNet_text,3,2026,3.0,0.5,True,0.3,0.09999999999999999,0.31145769357681274,0.8716677576303482,0.075,0.075,0.024999999999999998,0.8258258258258259,0.010101010101010102,0.06837606837606838,0.46996996996997,0.4427179992198944,0.9370889812707901,0
SEUMLD,OADNet_text,3,2026,3.0,0.5,True,0.3,0.09999999999999999,0.31145769357681274,0.8716677576303482,0.1,0.1,0.03333333333333333,0.7897897897897898,0.020202020202020204,0.09401709401709402,0.47897897897897895,0.4142400920391083,0.9329005628824234,0
SEUMLD,OADNet_text,3,2026,3.0,0.5,True,0.3,0.09999999999999999,0.31145769357681274,0.8716677576303482,0.15,0.15,0.049999999999999996,0.6996996996996997,0.04040404040404041,0.1452991452991453,0.487987987987988,0.34182801842689514,0.9133951887488365,0
SEUMLD,OADNet_text,3,2026,3.0,0.5,True,0.3,0.09999999999999999,0.31145769357681274,0.8716677576303482,0.2,0.2,0.06666666666666667,0.6726726726726727,0.050505050505050504,0.15384615384615385,0.4894894894894895,0.3348197340965271,0.8940081596374512,0
SEUMLD,OADNet_text,3,2026,3.0,0.5,True,0.3,0.09999999999999999,0.31145769357681274,0.8716677576303482,0.25,0.25,0.08333333333333333,0.5315315315315315,0.0707070707070707,0.23076923076923078,0.49099099099099097,0.32315391302108765,0.8655051440000534,0
SEUMLD,OADNet_text,3,2026,3.0,0.5,True,0.3,0.09999999999999999,0.31145769357681274,0.8716677576303482,0.3,0.3,0.09999999999999999,0.4774774774774775,0.09090909090909091,0.27350427350427353,0.512012012012012,0.29567232728004456,0.8628078699111938,1
SEUMLD,OADNet_text,3,2026,3.0,0.6,True,0.25,0.08333333333333333,0.3348197340965271,0.8890084326267242,0.05,0.05,0.016666666666666666,0.9039039039039038,0.0,0.042735042735042736,0.481981981981982,0.5677780508995056,0.9403272643685341,0
SEUMLD,OADNet_text,3,2026,3.0,0.6,True,0.25,0.08333333333333333,0.3348197340965271,0.8890084326267242,0.075,0.075,0.024999999999999998,0.8258258258258259,0.010101010101010102,0.06837606837606838,0.46996996996997,0.4427179992198944,0.9370889812707901,0
SEUMLD,OADNet_text,3,2026,3.0,0.6,True,0.25,0.08333333333333333,0.3348197340965271,0.8890084326267242,0.1,0.1,0.03333333333333333,0.7897897897897898,0.020202020202020204,0.09401709401709402,0.47897897897897895,0.4142400920391083,0.9329005628824234,0
SEUMLD,OADNet_text,3,2026,3.0,0.6,True,0.25,0.08333333333333333,0.3348197340965271,0.8890084326267242,0.15,0.15,0.049999999999999996,0.6996996996996997,0.04040404040404041,0.1452991452991453,0.487987987987988,0.34182801842689514,0.9133951887488365,0
SEUMLD,OADNet_text,3,2026,3.0,0.6,True,0.25,0.08333333333333333,0.3348197340965271,0.8890084326267242,0.2,0.2,0.06666666666666667,0.6726726726726727,0.050505050505050504,0.15384615384615385,0.4894894894894895,0.3348197340965271,0.8940081596374512,0
SEUMLD,OADNet_text,3,2026,3.0,0.6,True,0.25,0.08333333333333333,0.3348197340965271,0.8890084326267242,0.25,0.25,0.08333333333333333,0.5315315315315315,0.0707070707070707,0.23076923076923078,0.49099099099099097,0.32315391302108765,0.8655051440000534,1
SEUMLD,OADNet_text,3,2026,3.0,0.6,True,0.25,0.08333333333333333,0.3348197340965271,0.8890084326267242,0.3,0.3,0.09999999999999999,0.4774774774774775,0.09090909090909091,0.27350427350427353,0.512012012012012,0.29567232728004456,0.8628078699111938,0
SEUMLD,OADNet_text,3,2026,3.0,0.7,True,0.15,0.049999999999999996,0.3443526327610016,0.9090272486209869,0.05,0.05,0.016666666666666666,0.9039039039039038,0.0,0.042735042735042736,0.481981981981982,0.5677780508995056,0.9403272643685341,0
SEUMLD,OADNet_text,3,2026,3.0,0.7,True,0.15,0.049999999999999996,0.3443526327610016,0.9090272486209869,0.075,0.075,0.024999999999999998,0.8258258258258259,0.010101010101010102,0.06837606837606838,0.46996996996997,0.4427179992198944,0.9370889812707901,0
SEUMLD,OADNet_text,3,2026,3.0,0.7,True,0.15,0.049999999999999996,0.3443526327610016,0.9090272486209869,0.1,0.1,0.03333333333333333,0.7897897897897898,0.020202020202020204,0.09401709401709402,0.47897897897897895,0.4142400920391083,0.9329005628824234,0
SEUMLD,OADNet_text,3,2026,3.0,0.7,True,0.15,0.049999999999999996,0.3443526327610016,0.9090272486209869,0.15,0.15,0.049999999999999996,0.6996996996996997,0.04040404040404041,0.1452991452991453,0.487987987987988,0.34182801842689514,0.9133951887488365,1
SEUMLD,OADNet_text,3,2026,3.0,0.7,True,0.15,0.049999999999999996,0.3443526327610016,0.9090272486209869,0.2,0.2,0.06666666666666667,0.6726726726726727,0.050505050505050504,0.15384615384615385,0.4894894894894895,0.3348197340965271,0.8940081596374512,0
SEUMLD,OADNet_text,3,2026,3.0,0.7,True,0.15,0.049999999999999996,0.3443526327610016,0.9090272486209869,0.25,0.25,0.08333333333333333,0.5315315315315315,0.0707070707070707,0.23076923076923078,0.49099099099099097,0.32315391302108765,0.8655051440000534,0
SEUMLD,OADNet_text,3,2026,3.0,0.7,True,0.15,0.049999999999999996,0.3443526327610016,0.9090272486209869,0.3,0.3,0.09999999999999999,0.4774774774774775,0.09090909090909091,0.27350427350427353,0.512012012012012,0.29567232728004456,0.8628078699111938,0
SEUMLD,OADNet_text,3,2026,3.0,0.8,True,0.1,0.03333333333333333,0.3838247060775757,0.9124820455908775,0.05,0.05,0.016666666666666666,0.9039039039039038,0.0,0.042735042735042736,0.481981981981982,0.5677780508995056,0.9403272643685341,0
SEUMLD,OADNet_text,3,2026,3.0,0.8,True,0.1,0.03333333333333333,0.3838247060775757,0.9124820455908775,0.075,0.075,0.024999999999999998,0.8258258258258259,0.010101010101010102,0.06837606837606838,0.46996996996997,0.4427179992198944,0.9370889812707901,0
SEUMLD,OADNet_text,3,2026,3.0,0.8,True,0.1,0.03333333333333333,0.3838247060775757,0.9124820455908775,0.1,0.1,0.03333333333333333,0.7897897897897898,0.020202020202020204,0.09401709401709402,0.47897897897897895,0.4142400920391083,0.9329005628824234,1
SEUMLD,OADNet_text,3,2026,3.0,0.8,True,0.1,0.03333333333333333,0.3838247060775757,0.9124820455908775,0.15,0.15,0.049999999999999996,0.6996996996996997,0.04040404040404041,0.1452991452991453,0.487987987987988,0.34182801842689514,0.9133951887488365,0
SEUMLD,OADNet_text,3,2026,3.0,0.8,True,0.1,0.03333333333333333,0.3838247060775757,0.9124820455908775,0.2,0.2,0.06666666666666667,0.6726726726726727,0.050505050505050504,0.15384615384615385,0.4894894894894895,0.3348197340965271,0.8940081596374512,0
SEUMLD,OADNet_text,3,2026,3.0,0.8,True,0.1,0.03333333333333333,0.3838247060775757,0.9124820455908775,0.25,0.25,0.08333333333333333,0.5315315315315315,0.0707070707070707,0.23076923076923078,0.49099099099099097,0.32315391302108765,0.8655051440000534,0
SEUMLD,OADNet_text,3,2026,3.0,0.8,True,0.1,0.03333333333333333,0.3838247060775757,0.9124820455908775,0.3,0.3,0.09999999999999999,0.4774774774774775,0.09090909090909091,0.27350427350427353,0.512012012012012,0.29567232728004456,0.8628078699111938,0
SEUMLD,OADNet_text,4,7,3.0,0.5,False,0.3,0.09999999999999999,0.29561254382133484,0.8547990769147873,0.05,0.05,0.016666666666666666,0.8993055555555556,0.0,0.042105263157894736,0.4774305555555556,0.4155823290348053,0.9467474594712257,0
SEUMLD,OADNet_text,4,7,3.0,0.5,False,0.3,0.09999999999999999,0.29561254382133484,0.8547990769147873,0.075,0.075,0.024999999999999998,0.8541666666666666,0.01020408163265306,0.06842105263157895,0.4826388888888889,0.3815854787826538,0.9251026883721352,0
SEUMLD,OADNet_text,4,7,3.0,0.5,False,0.3,0.09999999999999999,0.29561254382133484,0.8547990769147873,0.1,0.1,0.03333333333333333,0.8055555555555556,0.02040816326530612,0.09473684210526316,0.4861111111111111,0.36253100633621216,0.8773408383131027,0
SEUMLD,OADNet_text,4,7,3.0,0.5,False,0.3,0.09999999999999999,0.29561254382133484,0.8547990769147873,0.15,0.15,0.049999999999999996,0.7534722222222222,0.030612244897959183,0.14210526315789473,0.5017361111111112,0.3332861661911011,0.876286044716835,0
SEUMLD,OADNet_text,4,7,3.0,0.5,False,0.3,0.09999999999999999,0.29561254382133484,0.8547990769147873,0.2,0.2,0.06666666666666667,0.6909722222222222,0.05102040816326531,0.19473684210526315,0.5260416666666666,0.3092445433139801,0.8740266263484955,0
SEUMLD,OADNet_text,4,7,3.0,0.5,False,0.3,0.09999999999999999,0.29561254382133484,0.8547990769147873,0.25,0.25,0.08333333333333333,0.6145833333333334,0.07142857142857142,0.21578947368421053,0.5225694444444444,0.29561254382133484,0.8560777753591537,0
SEUMLD,OADNet_text,4,7,3.0,0.5,False,0.3,0.09999999999999999,0.29561254382133484,0.8547990769147873,0.3,0.3,0.09999999999999999,0.6111111111111112,0.08163265306122448,0.21578947368421053,0.53125,0.29561254382133484,0.8537980616092682,1
SEUMLD,OADNet_text,4,7,3.0,0.6,False,0.3,0.09999999999999999,0.29561254382133484,0.8547990769147873,0.05,0.05,0.016666666666666666,0.8993055555555556,0.0,0.042105263157894736,0.4774305555555556,0.4155823290348053,0.9467474594712257,0
SEUMLD,OADNet_text,4,7,3.0,0.6,False,0.3,0.09999999999999999,0.29561254382133484,0.8547990769147873,0.075,0.075,0.024999999999999998,0.8541666666666666,0.01020408163265306,0.06842105263157895,0.4826388888888889,0.3815854787826538,0.9251026883721352,0
SEUMLD,OADNet_text,4,7,3.0,0.6,False,0.3,0.09999999999999999,0.29561254382133484,0.8547990769147873,0.1,0.1,0.03333333333333333,0.8055555555555556,0.02040816326530612,0.09473684210526316,0.4861111111111111,0.36253100633621216,0.8773408383131027,0
SEUMLD,OADNet_text,4,7,3.0,0.6,False,0.3,0.09999999999999999,0.29561254382133484,0.8547990769147873,0.15,0.15,0.049999999999999996,0.7534722222222222,0.030612244897959183,0.14210526315789473,0.5017361111111112,0.3332861661911011,0.876286044716835,0
SEUMLD,OADNet_text,4,7,3.0,0.6,False,0.3,0.09999999999999999,0.29561254382133484,0.8547990769147873,0.2,0.2,0.06666666666666667,0.6909722222222222,0.05102040816326531,0.19473684210526315,0.5260416666666666,0.3092445433139801,0.8740266263484955,0
SEUMLD,OADNet_text,4,7,3.0,0.6,False,0.3,0.09999999999999999,0.29561254382133484,0.8547990769147873,0.25,0.25,0.08333333333333333,0.6145833333333334,0.07142857142857142,0.21578947368421053,0.5225694444444444,0.29561254382133484,0.8560777753591537,0
SEUMLD,OADNet_text,4,7,3.0,0.6,False,0.3,0.09999999999999999,0.29561254382133484,0.8547990769147873,0.3,0.3,0.09999999999999999,0.6111111111111112,0.08163265306122448,0.21578947368421053,0.53125,0.29561254382133484,0.8537980616092682,1
SEUMLD,OADNet_text,4,7,3.0,0.7,True,0.25,0.08333333333333333,0.29561254382133484,0.8590249419212341,0.05,0.05,0.016666666666666666,0.8993055555555556,0.0,0.042105263157894736,0.4774305555555556,0.4155823290348053,0.9467474594712257,0
SEUMLD,OADNet_text,4,7,3.0,0.7,True,0.25,0.08333333333333333,0.29561254382133484,0.8590249419212341,0.075,0.075,0.024999999999999998,0.8541666666666666,0.01020408163265306,0.06842105263157895,0.4826388888888889,0.3815854787826538,0.9251026883721352,0
SEUMLD,OADNet_text,4,7,3.0,0.7,True,0.25,0.08333333333333333,0.29561254382133484,0.8590249419212341,0.1,0.1,0.03333333333333333,0.8055555555555556,0.02040816326530612,0.09473684210526316,0.4861111111111111,0.36253100633621216,0.8773408383131027,0
SEUMLD,OADNet_text,4,7,3.0,0.7,True,0.25,0.08333333333333333,0.29561254382133484,0.8590249419212341,0.15,0.15,0.049999999999999996,0.7534722222222222,0.030612244897959183,0.14210526315789473,0.5017361111111112,0.3332861661911011,0.876286044716835,0
SEUMLD,OADNet_text,4,7,3.0,0.7,True,0.25,0.08333333333333333,0.29561254382133484,0.8590249419212341,0.2,0.2,0.06666666666666667,0.6909722222222222,0.05102040816326531,0.19473684210526315,0.5260416666666666,0.3092445433139801,0.8740266263484955,0
SEUMLD,OADNet_text,4,7,3.0,0.7,True,0.25,0.08333333333333333,0.29561254382133484,0.8590249419212341,0.25,0.25,0.08333333333333333,0.6145833333333334,0.07142857142857142,0.21578947368421053,0.5225694444444444,0.29561254382133484,0.8560777753591537,1
SEUMLD,OADNet_text,4,7,3.0,0.7,True,0.25,0.08333333333333333,0.29561254382133484,0.8590249419212341,0.3,0.3,0.09999999999999999,0.6111111111111112,0.08163265306122448,0.21578947368421053,0.53125,0.29561254382133484,0.8537980616092682,0
SEUMLD,OADNet_text,4,7,3.0,0.8,True,0.15,0.049999999999999996,0.3375759720802307,0.8790002167224884,0.05,0.05,0.016666666666666666,0.8993055555555556,0.0,0.042105263157894736,0.4774305555555556,0.4155823290348053,0.9467474594712257,0
SEUMLD,OADNet_text,4,7,3.0,0.8,True,0.15,0.049999999999999996,0.3375759720802307,0.8790002167224884,0.075,0.075,0.024999999999999998,0.8541666666666666,0.01020408163265306,0.06842105263157895,0.4826388888888889,0.3815854787826538,0.9251026883721352,0
SEUMLD,OADNet_text,4,7,3.0,0.8,True,0.15,0.049999999999999996,0.3375759720802307,0.8790002167224884,0.1,0.1,0.03333333333333333,0.8055555555555556,0.02040816326530612,0.09473684210526316,0.4861111111111111,0.36253100633621216,0.8773408383131027,0
SEUMLD,OADNet_text,4,7,3.0,0.8,True,0.15,0.049999999999999996,0.3375759720802307,0.8790002167224884,0.15,0.15,0.049999999999999996,0.7534722222222222,0.030612244897959183,0.14210526315789473,0.5017361111111112,0.3332861661911011,0.876286044716835,1
SEUMLD,OADNet_text,4,7,3.0,0.8,True,0.15,0.049999999999999996,0.3375759720802307,0.8790002167224884,0.2,0.2,0.06666666666666667,0.6909722222222222,0.05102040816326531,0.19473684210526315,0.5260416666666666,0.3092445433139801,0.8740266263484955,0
SEUMLD,OADNet_text,4,7,3.0,0.8,True,0.15,0.049999999999999996,0.3375759720802307,0.8790002167224884,0.25,0.25,0.08333333333333333,0.6145833333333334,0.07142857142857142,0.21578947368421053,0.5225694444444444,0.29561254382133484,0.8560777753591537,0
SEUMLD,OADNet_text,4,7,3.0,0.8,True,0.15,0.049999999999999996,0.3375759720802307,0.8790002167224884,0.3,0.3,0.09999999999999999,0.6111111111111112,0.08163265306122448,0.21578947368421053,0.53125,0.29561254382133484,0.8537980616092682,0
SEUMLD,OADNet_text,4,42,3.0,0.5,False,0.3,0.09999999999999999,0.3139268159866333,0.9190803915262222,0.05,0.05,0.016666666666666666,0.9027777777777778,0.0,0.042105263157894736,0.4791666666666667,0.5638795495033264,0.9714494738727808,0
SEUMLD,OADNet_text,4,42,3.0,0.5,False,0.3,0.09999999999999999,0.3139268159866333,0.9190803915262222,0.075,0.075,0.024999999999999998,0.8333333333333334,0.01020408163265306,0.06842105263157895,0.4722222222222222,0.49407628178596497,0.9551914371550083,0
SEUMLD,OADNet_text,4,42,3.0,0.5,False,0.3,0.09999999999999999,0.3139268159866333,0.9190803915262222,0.1,0.1,0.03333333333333333,0.7777777777777778,0.02040816326530612,0.09473684210526316,0.4722222222222222,0.4101863503456116,0.9474382847547531,0
SEUMLD,OADNet_text,4,42,3.0,0.5,False,0.3,0.09999999999999999,0.3139268159866333,0.9190803915262222,0.15,0.15,0.049999999999999996,0.7152777777777778,0.030612244897959183,0.14210526315789473,0.4826388888888889,0.3452610671520233,0.9463988617062569,0
SEUMLD,OADNet_text,4,42,3.0,0.5,False,0.3,0.09999999999999999,0.3139268159866333,0.9190803915262222,0.2,0.2,0.06666666666666667,0.6631944444444444,0.05102040816326531,0.19473684210526315,0.5121527777777778,0.3139268159866333,0.9373593702912331,0
SEUMLD,OADNet_text,4,42,3.0,0.5,False,0.3,0.09999999999999999,0.3139268159866333,0.9190803915262222,0.25,0.25,0.08333333333333333,0.6527777777777778,0.07142857142857142,0.19473684210526315,0.5277777777777778,0.3139268159866333,0.9309325218200684,0
SEUMLD,OADNet_text,4,42,3.0,0.5,False,0.3,0.09999999999999999,0.3139268159866333,0.9190803915262222,0.3,0.3,0.09999999999999999,0.6493055555555556,0.08163265306122448,0.19473684210526315,0.5364583333333334,0.3139268159866333,0.9304879754781723,1
SEUMLD,OADNet_text,4,42,3.0,0.6,False,0.3,0.09999999999999999,0.3139268159866333,0.9190803915262222,0.05,0.05,0.016666666666666666,0.9027777777777778,0.0,0.042105263157894736,0.4791666666666667,0.5638795495033264,0.9714494738727808,0
SEUMLD,OADNet_text,4,42,3.0,0.6,False,0.3,0.09999999999999999,0.3139268159866333,0.9190803915262222,0.075,0.075,0.024999999999999998,0.8333333333333334,0.01020408163265306,0.06842105263157895,0.4722222222222222,0.49407628178596497,0.9551914371550083,0
SEUMLD,OADNet_text,4,42,3.0,0.6,False,0.3,0.09999999999999999,0.3139268159866333,0.9190803915262222,0.1,0.1,0.03333333333333333,0.7777777777777778,0.02040816326530612,0.09473684210526316,0.4722222222222222,0.4101863503456116,0.9474382847547531,0
SEUMLD,OADNet_text,4,42,3.0,0.6,False,0.3,0.09999999999999999,0.3139268159866333,0.9190803915262222,0.15,0.15,0.049999999999999996,0.7152777777777778,0.030612244897959183,0.14210526315789473,0.4826388888888889,0.3452610671520233,0.9463988617062569,0
SEUMLD,OADNet_text,4,42,3.0,0.6,False,0.3,0.09999999999999999,0.3139268159866333,0.9190803915262222,0.2,0.2,0.06666666666666667,0.6631944444444444,0.05102040816326531,0.19473684210526315,0.5121527777777778,0.3139268159866333,0.9373593702912331,0
SEUMLD,OADNet_text,4,42,3.0,0.6,False,0.3,0.09999999999999999,0.3139268159866333,0.9190803915262222,0.25,0.25,0.08333333333333333,0.6527777777777778,0.07142857142857142,0.19473684210526315,0.5277777777777778,0.3139268159866333,0.9309325218200684,0
SEUMLD,OADNet_text,4,42,3.0,0.6,False,0.3,0.09999999999999999,0.3139268159866333,0.9190803915262222,0.3,0.3,0.09999999999999999,0.6493055555555556,0.08163265306122448,0.19473684210526315,0.5364583333333334,0.3139268159866333,0.9304879754781723,1
SEUMLD,OADNet_text,4,42,3.0,0.7,True,0.2,0.06666666666666667,0.3139268159866333,0.9529773257672787,0.05,0.05,0.016666666666666666,0.9027777777777778,0.0,0.042105263157894736,0.4791666666666667,0.5638795495033264,0.9714494738727808,0
SEUMLD,OADNet_text,4,42,3.0,0.7,True,0.2,0.06666666666666667,0.3139268159866333,0.9529773257672787,0.075,0.075,0.024999999999999998,0.8333333333333334,0.01020408163265306,0.06842105263157895,0.4722222222222222,0.49407628178596497,0.9551914371550083,0
SEUMLD,OADNet_text,4,42,3.0,0.7,True,0.2,0.06666666666666667,0.3139268159866333,0.9529773257672787,0.1,0.1,0.03333333333333333,0.7777777777777778,0.02040816326530612,0.09473684210526316,0.4722222222222222,0.4101863503456116,0.9474382847547531,0
SEUMLD,OADNet_text,4,42,3.0,0.7,True,0.2,0.06666666666666667,0.3139268159866333,0.9529773257672787,0.15,0.15,0.049999999999999996,0.7152777777777778,0.030612244897959183,0.14210526315789473,0.4826388888888889,0.3452610671520233,0.9463988617062569,0
SEUMLD,OADNet_text,4,42,3.0,0.7,True,0.2,0.06666666666666667,0.3139268159866333,0.9529773257672787,0.2,0.2,0.06666666666666667,0.6631944444444444,0.05102040816326531,0.19473684210526315,0.5121527777777778,0.3139268159866333,0.9373593702912331,1
SEUMLD,OADNet_text,4,42,3.0,0.7,True,0.2,0.06666666666666667,0.3139268159866333,0.9529773257672787,0.25,0.25,0.08333333333333333,0.6527777777777778,0.07142857142857142,0.19473684210526315,0.5277777777777778,0.3139268159866333,0.9309325218200684,0
SEUMLD,OADNet_text,4,42,3.0,0.7,True,0.2,0.06666666666666667,0.3139268159866333,0.9529773257672787,0.3,0.3,0.09999999999999999,0.6493055555555556,0.08163265306122448,0.19473684210526315,0.5364583333333334,0.3139268159866333,0.9304879754781723,0
SEUMLD,OADNet_text,4,42,3.0,0.8,True,0.1,0.03333333333333333,0.36203330755233765,0.958555992692709,0.05,0.05,0.016666666666666666,0.9027777777777778,0.0,0.042105263157894736,0.4791666666666667,0.5638795495033264,0.9714494738727808,0
SEUMLD,OADNet_text,4,42,3.0,0.8,True,0.1,0.03333333333333333,0.36203330755233765,0.958555992692709,0.075,0.075,0.024999999999999998,0.8333333333333334,0.01020408163265306,0.06842105263157895,0.4722222222222222,0.49407628178596497,0.9551914371550083,0
SEUMLD,OADNet_text,4,42,3.0,0.8,True,0.1,0.03333333333333333,0.36203330755233765,0.958555992692709,0.1,0.1,0.03333333333333333,0.7777777777777778,0.02040816326530612,0.09473684210526316,0.4722222222222222,0.4101863503456116,0.9474382847547531,1
SEUMLD,OADNet_text,4,42,3.0,0.8,True,0.1,0.03333333333333333,0.36203330755233765,0.958555992692709,0.15,0.15,0.049999999999999996,0.7152777777777778,0.030612244897959183,0.14210526315789473,0.4826388888888889,0.3452610671520233,0.9463988617062569,0
SEUMLD,OADNet_text,4,42,3.0,0.8,True,0.1,0.03333333333333333,0.36203330755233765,0.958555992692709,0.2,0.2,0.06666666666666667,0.6631944444444444,0.05102040816326531,0.19473684210526315,0.5121527777777778,0.3139268159866333,0.9373593702912331,0
SEUMLD,OADNet_text,4,42,3.0,0.8,True,0.1,0.03333333333333333,0.36203330755233765,0.958555992692709,0.25,0.25,0.08333333333333333,0.6527777777777778,0.07142857142857142,0.19473684210526315,0.5277777777777778,0.3139268159866333,0.9309325218200684,0
SEUMLD,OADNet_text,4,42,3.0,0.8,True,0.1,0.03333333333333333,0.36203330755233765,0.958555992692709,0.3,0.3,0.09999999999999999,0.6493055555555556,0.08163265306122448,0.19473684210526315,0.5364583333333334,0.3139268159866333,0.9304879754781723,0
SEUMLD,OADNet_text,4,123,3.0,0.5,True,0.3,0.09999999999999999,0.30375003814697266,0.867035761475563,0.05,0.05,0.016666666666666666,0.8854166666666666,0.0,0.042105263157894736,0.4704861111111111,0.4208236038684845,0.9390248171985149,0
SEUMLD,OADNet_text,4,123,3.0,0.5,True,0.3,0.09999999999999999,0.30375003814697266,0.867035761475563,0.075,0.075,0.024999999999999998,0.8368055555555556,0.01020408163265306,0.06842105263157895,0.4739583333333333,0.39334389567375183,0.9187808185815811,0
SEUMLD,OADNet_text,4,123,3.0,0.5,True,0.3,0.09999999999999999,0.30375003814697266,0.867035761475563,0.1,0.1,0.03333333333333333,0.7534722222222222,0.02040816326530612,0.09473684210526316,0.4600694444444444,0.37641412019729614,0.8714748471975327,0
SEUMLD,OADNet_text,4,123,3.0,0.5,True,0.3,0.09999999999999999,0.30375003814697266,0.867035761475563,0.15,0.15,0.049999999999999996,0.6944444444444444,0.030612244897959183,0.14210526315789473,0.4722222222222222,0.3360041677951813,0.8667042702436447,0
SEUMLD,OADNet_text,4,123,3.0,0.5,True,0.3,0.09999999999999999,0.30375003814697266,0.867035761475563,0.2,0.2,0.06666666666666667,0.6180555555555556,0.05102040816326531,0.19473684210526315,0.4895833333333333,0.30375003814697266,0.8587464690208435,0
SEUMLD,OADNet_text,4,123,3.0,0.5,True,0.3,0.09999999999999999,0.30375003814697266,0.867035761475563,0.25,0.25,0.08333333333333333,0.6006944444444444,0.07142857142857142,0.19473684210526315,0.5017361111111112,0.30375003814697266,0.8530795276165009,0
SEUMLD,OADNet_text,4,123,3.0,0.5,True,0.3,0.09999999999999999,0.30375003814697266,0.867035761475563,0.3,0.3,0.09999999999999999,0.4930555555555556,0.08163265306122448,0.29473684210526313,0.5243055555555556,0.2693708539009094,0.8524303585290909,1
SEUMLD,OADNet_text,4,123,3.0,0.6,True,0.3,0.09999999999999999,0.30375003814697266,0.867035761475563,0.05,0.05,0.016666666666666666,0.8854166666666666,0.0,0.042105263157894736,0.4704861111111111,0.4208236038684845,0.9390248171985149,0
SEUMLD,OADNet_text,4,123,3.0,0.6,True,0.3,0.09999999999999999,0.30375003814697266,0.867035761475563,0.075,0.075,0.024999999999999998,0.8368055555555556,0.01020408163265306,0.06842105263157895,0.4739583333333333,0.39334389567375183,0.9187808185815811,0
SEUMLD,OADNet_text,4,123,3.0,0.6,True,0.3,0.09999999999999999,0.30375003814697266,0.867035761475563,0.1,0.1,0.03333333333333333,0.7534722222222222,0.02040816326530612,0.09473684210526316,0.4600694444444444,0.37641412019729614,0.8714748471975327,0
SEUMLD,OADNet_text,4,123,3.0,0.6,True,0.3,0.09999999999999999,0.30375003814697266,0.867035761475563,0.15,0.15,0.049999999999999996,0.6944444444444444,0.030612244897959183,0.14210526315789473,0.4722222222222222,0.3360041677951813,0.8667042702436447,0
SEUMLD,OADNet_text,4,123,3.0,0.6,True,0.3,0.09999999999999999,0.30375003814697266,0.867035761475563,0.2,0.2,0.06666666666666667,0.6180555555555556,0.05102040816326531,0.19473684210526315,0.4895833333333333,0.30375003814697266,0.8587464690208435,0
SEUMLD,OADNet_text,4,123,3.0,0.6,True,0.3,0.09999999999999999,0.30375003814697266,0.867035761475563,0.25,0.25,0.08333333333333333,0.6006944444444444,0.07142857142857142,0.19473684210526315,0.5017361111111112,0.30375003814697266,0.8530795276165009,0
SEUMLD,OADNet_text,4,123,3.0,0.6,True,0.3,0.09999999999999999,0.30375003814697266,0.867035761475563,0.3,0.3,0.09999999999999999,0.4930555555555556,0.08163265306122448,0.29473684210526313,0.5243055555555556,0.2693708539009094,0.8524303585290909,1
SEUMLD,OADNet_text,4,123,3.0,0.7,True,0.15,0.049999999999999996,0.3648907244205475,0.9068182855844498,0.05,0.05,0.016666666666666666,0.8854166666666666,0.0,0.042105263157894736,0.4704861111111111,0.4208236038684845,0.9390248171985149,0
SEUMLD,OADNet_text,4,123,3.0,0.7,True,0.15,0.049999999999999996,0.3648907244205475,0.9068182855844498,0.075,0.075,0.024999999999999998,0.8368055555555556,0.01020408163265306,0.06842105263157895,0.4739583333333333,0.39334389567375183,0.9187808185815811,0
SEUMLD,OADNet_text,4,123,3.0,0.7,True,0.15,0.049999999999999996,0.3648907244205475,0.9068182855844498,0.1,0.1,0.03333333333333333,0.7534722222222222,0.02040816326530612,0.09473684210526316,0.4600694444444444,0.37641412019729614,0.8714748471975327,0
SEUMLD,OADNet_text,4,123,3.0,0.7,True,0.15,0.049999999999999996,0.3648907244205475,0.9068182855844498,0.15,0.15,0.049999999999999996,0.6944444444444444,0.030612244897959183,0.14210526315789473,0.4722222222222222,0.3360041677951813,0.8667042702436447,1
SEUMLD,OADNet_text,4,123,3.0,0.7,True,0.15,0.049999999999999996,0.3648907244205475,0.9068182855844498,0.2,0.2,0.06666666666666667,0.6180555555555556,0.05102040816326531,0.19473684210526315,0.4895833333333333,0.30375003814697266,0.8587464690208435,0
SEUMLD,OADNet_text,4,123,3.0,0.7,True,0.15,0.049999999999999996,0.3648907244205475,0.9068182855844498,0.25,0.25,0.08333333333333333,0.6006944444444444,0.07142857142857142,0.19473684210526315,0.5017361111111112,0.30375003814697266,0.8530795276165009,0
SEUMLD,OADNet_text,4,123,3.0,0.7,True,0.15,0.049999999999999996,0.3648907244205475,0.9068182855844498,0.3,0.3,0.09999999999999999,0.4930555555555556,0.08163265306122448,0.29473684210526313,0.5243055555555556,0.2693708539009094,0.8524303585290909,0
SEUMLD,OADNet_text,4,123,3.0,0.8,True,0.1,0.03333333333333333,0.41446661949157715,0.9126653522253036,0.05,0.05,0.016666666666666666,0.8854166666666666,0.0,0.042105263157894736,0.4704861111111111,0.4208236038684845,0.9390248171985149,0
SEUMLD,OADNet_text,4,123,3.0,0.8,True,0.1,0.03333333333333333,0.41446661949157715,0.9126653522253036,0.075,0.075,0.024999999999999998,0.8368055555555556,0.01020408163265306,0.06842105263157895,0.4739583333333333,0.39334389567375183,0.9187808185815811,0
SEUMLD,OADNet_text,4,123,3.0,0.8,True,0.1,0.03333333333333333,0.41446661949157715,0.9126653522253036,0.1,0.1,0.03333333333333333,0.7534722222222222,0.02040816326530612,0.09473684210526316,0.4600694444444444,0.37641412019729614,0.8714748471975327,1
SEUMLD,OADNet_text,4,123,3.0,0.8,True,0.1,0.03333333333333333,0.41446661949157715,0.9126653522253036,0.15,0.15,0.049999999999999996,0.6944444444444444,0.030612244897959183,0.14210526315789473,0.4722222222222222,0.3360041677951813,0.8667042702436447,0
SEUMLD,OADNet_text,4,123,3.0,0.8,True,0.1,0.03333333333333333,0.41446661949157715,0.9126653522253036,0.2,0.2,0.06666666666666667,0.6180555555555556,0.05102040816326531,0.19473684210526315,0.4895833333333333,0.30375003814697266,0.8587464690208435,0
SEUMLD,OADNet_text,4,123,3.0,0.8,True,0.1,0.03333333333333333,0.41446661949157715,0.9126653522253036,0.25,0.25,0.08333333333333333,0.6006944444444444,0.07142857142857142,0.19473684210526315,0.5017361111111112,0.30375003814697266,0.8530795276165009,0
SEUMLD,OADNet_text,4,123,3.0,0.8,True,0.1,0.03333333333333333,0.41446661949157715,0.9126653522253036,0.3,0.3,0.09999999999999999,0.4930555555555556,0.08163265306122448,0.29473684210526313,0.5243055555555556,0.2693708539009094,0.8524303585290909,0
SEUMLD,OADNet_text,4,2024,3.0,0.5,False,0.3,0.09999999999999999,0.29843124747276306,0.9465734250843525,0.05,0.05,0.016666666666666666,0.9201388888888888,0.0,0.031578947368421054,0.4809027777777778,0.619430661201477,0.9682966880500317,0
SEUMLD,OADNet_text,4,2024,3.0,0.5,False,0.3,0.09999999999999999,0.29843124747276306,0.9465734250843525,0.075,0.075,0.024999999999999998,0.8680555555555556,0.01020408163265306,0.06842105263157895,0.4895833333333333,0.522648274898529,0.967763364315033,0
SEUMLD,OADNet_text,4,2024,3.0,0.5,False,0.3,0.09999999999999999,0.29843124747276306,0.9465734250843525,0.1,0.1,0.03333333333333333,0.8263888888888888,0.02040816326530612,0.09473684210526316,0.4965277777777778,0.47024914622306824,0.9644949622452259,0
SEUMLD,OADNet_text,4,2024,3.0,0.5,False,0.3,0.09999999999999999,0.29843124747276306,0.9465734250843525,0.15,0.15,0.049999999999999996,0.7256944444444444,0.030612244897959183,0.14210526315789473,0.4878472222222222,0.3298804461956024,0.9577265940606594,0
SEUMLD,OADNet_text,4,2024,3.0,0.5,False,0.3,0.09999999999999999,0.29843124747276306,0.9465734250843525,0.2,0.2,0.06666666666666667,0.7013888888888888,0.05102040816326531,0.15263157894736842,0.5034722222222222,0.29843124747276306,0.956260908395052,0
SEUMLD,OADNet_text,4,2024,3.0,0.5,False,0.3,0.09999999999999999,0.29843124747276306,0.9465734250843525,0.25,0.25,0.08333333333333333,0.6701388888888888,0.07142857142857142,0.15263157894736842,0.5086805555555556,0.29843124747276306,0.9497900381684303,0
SEUMLD,OADNet_text,4,2024,3.0,0.5,False,0.3,0.09999999999999999,0.29843124747276306,0.9465734250843525,0.3,0.3,0.09999999999999999,0.6423611111111112,0.08163265306122448,0.15263157894736842,0.5052083333333334,0.29843124747276306,0.9314111396670341,1
SEUMLD,OADNet_text,4,2024,3.0,0.6,False,0.3,0.09999999999999999,0.29843124747276306,0.9465734250843525,0.05,0.05,0.016666666666666666,0.9201388888888888,0.0,0.031578947368421054,0.4809027777777778,0.619430661201477,0.9682966880500317,0
SEUMLD,OADNet_text,4,2024,3.0,0.6,False,0.3,0.09999999999999999,0.29843124747276306,0.9465734250843525,0.075,0.075,0.024999999999999998,0.8680555555555556,0.01020408163265306,0.06842105263157895,0.4895833333333333,0.522648274898529,0.967763364315033,0
SEUMLD,OADNet_text,4,2024,3.0,0.6,False,0.3,0.09999999999999999,0.29843124747276306,0.9465734250843525,0.1,0.1,0.03333333333333333,0.8263888888888888,0.02040816326530612,0.09473684210526316,0.4965277777777778,0.47024914622306824,0.9644949622452259,0
SEUMLD,OADNet_text,4,2024,3.0,0.6,False,0.3,0.09999999999999999,0.29843124747276306,0.9465734250843525,0.15,0.15,0.049999999999999996,0.7256944444444444,0.030612244897959183,0.14210526315789473,0.4878472222222222,0.3298804461956024,0.9577265940606594,0
SEUMLD,OADNet_text,4,2024,3.0,0.6,False,0.3,0.09999999999999999,0.29843124747276306,0.9465734250843525,0.2,0.2,0.06666666666666667,0.7013888888888888,0.05102040816326531,0.15263157894736842,0.5034722222222222,0.29843124747276306,0.956260908395052,0
SEUMLD,OADNet_text,4,2024,3.0,0.6,False,0.3,0.09999999999999999,0.29843124747276306,0.9465734250843525,0.25,0.25,0.08333333333333333,0.6701388888888888,0.07142857142857142,0.15263157894736842,0.5086805555555556,0.29843124747276306,0.9497900381684303,0
SEUMLD,OADNet_text,4,2024,3.0,0.6,False,0.3,0.09999999999999999,0.29843124747276306,0.9465734250843525,0.3,0.3,0.09999999999999999,0.6423611111111112,0.08163265306122448,0.15263157894736842,0.5052083333333334,0.29843124747276306,0.9314111396670341,1
SEUMLD,OADNet_text,4,2024,3.0,0.7,True,0.3,0.09999999999999999,0.29843124747276306,0.9465734250843525,0.05,0.05,0.016666666666666666,0.9201388888888888,0.0,0.031578947368421054,0.4809027777777778,0.619430661201477,0.9682966880500317,0
SEUMLD,OADNet_text,4,2024,3.0,0.7,True,0.3,0.09999999999999999,0.29843124747276306,0.9465734250843525,0.075,0.075,0.024999999999999998,0.8680555555555556,0.01020408163265306,0.06842105263157895,0.4895833333333333,0.522648274898529,0.967763364315033,0
SEUMLD,OADNet_text,4,2024,3.0,0.7,True,0.3,0.09999999999999999,0.29843124747276306,0.9465734250843525,0.1,0.1,0.03333333333333333,0.8263888888888888,0.02040816326530612,0.09473684210526316,0.4965277777777778,0.47024914622306824,0.9644949622452259,0
SEUMLD,OADNet_text,4,2024,3.0,0.7,True,0.3,0.09999999999999999,0.29843124747276306,0.9465734250843525,0.15,0.15,0.049999999999999996,0.7256944444444444,0.030612244897959183,0.14210526315789473,0.4878472222222222,0.3298804461956024,0.9577265940606594,0
SEUMLD,OADNet_text,4,2024,3.0,0.7,True,0.3,0.09999999999999999,0.29843124747276306,0.9465734250843525,0.2,0.2,0.06666666666666667,0.7013888888888888,0.05102040816326531,0.15263157894736842,0.5034722222222222,0.29843124747276306,0.956260908395052,0
SEUMLD,OADNet_text,4,2024,3.0,0.7,True,0.3,0.09999999999999999,0.29843124747276306,0.9465734250843525,0.25,0.25,0.08333333333333333,0.6701388888888888,0.07142857142857142,0.15263157894736842,0.5086805555555556,0.29843124747276306,0.9497900381684303,0
SEUMLD,OADNet_text,4,2024,3.0,0.7,True,0.3,0.09999999999999999,0.29843124747276306,0.9465734250843525,0.3,0.3,0.09999999999999999,0.6423611111111112,0.08163265306122448,0.15263157894736842,0.5052083333333334,0.29843124747276306,0.9314111396670341,1
SEUMLD,OADNet_text,4,2024,3.0,0.8,True,0.15,0.049999999999999996,0.36332792043685913,0.9568339325487614,0.05,0.05,0.016666666666666666,0.9201388888888888,0.0,0.031578947368421054,0.4809027777777778,0.619430661201477,0.9682966880500317,0
SEUMLD,OADNet_text,4,2024,3.0,0.8,True,0.15,0.049999999999999996,0.36332792043685913,0.9568339325487614,0.075,0.075,0.024999999999999998,0.8680555555555556,0.01020408163265306,0.06842105263157895,0.4895833333333333,0.522648274898529,0.967763364315033,0
SEUMLD,OADNet_text,4,2024,3.0,0.8,True,0.15,0.049999999999999996,0.36332792043685913,0.9568339325487614,0.1,0.1,0.03333333333333333,0.8263888888888888,0.02040816326530612,0.09473684210526316,0.4965277777777778,0.47024914622306824,0.9644949622452259,0
SEUMLD,OADNet_text,4,2024,3.0,0.8,True,0.15,0.049999999999999996,0.36332792043685913,0.9568339325487614,0.15,0.15,0.049999999999999996,0.7256944444444444,0.030612244897959183,0.14210526315789473,0.4878472222222222,0.3298804461956024,0.9577265940606594,1
SEUMLD,OADNet_text,4,2024,3.0,0.8,True,0.15,0.049999999999999996,0.36332792043685913,0.9568339325487614,0.2,0.2,0.06666666666666667,0.7013888888888888,0.05102040816326531,0.15263157894736842,0.5034722222222222,0.29843124747276306,0.956260908395052,0
SEUMLD,OADNet_text,4,2024,3.0,0.8,True,0.15,0.049999999999999996,0.36332792043685913,0.9568339325487614,0.25,0.25,0.08333333333333333,0.6701388888888888,0.07142857142857142,0.15263157894736842,0.5086805555555556,0.29843124747276306,0.9497900381684303,0
SEUMLD,OADNet_text,4,2024,3.0,0.8,True,0.15,0.049999999999999996,0.36332792043685913,0.9568339325487614,0.3,0.3,0.09999999999999999,0.6423611111111112,0.08163265306122448,0.15263157894736842,0.5052083333333334,0.29843124747276306,0.9314111396670341,0
SEUMLD,OADNet_text,4,2026,3.0,0.5,False,0.3,0.09999999999999999,0.358888179063797,0.9103955551981926,0.05,0.05,0.016666666666666666,0.9097222222222222,0.0,0.042105263157894736,0.4826388888888889,0.6004365086555481,0.9723900444805622,0
SEUMLD,OADNet_text,4,2026,3.0,0.5,False,0.3,0.09999999999999999,0.358888179063797,0.9103955551981926,0.075,0.075,0.024999999999999998,0.8333333333333334,0.01020408163265306,0.06842105263157895,0.4722222222222222,0.5120969414710999,0.9441405087709427,0
SEUMLD,OADNet_text,4,2026,3.0,0.5,False,0.3,0.09999999999999999,0.358888179063797,0.9103955551981926,0.1,0.1,0.03333333333333333,0.7951388888888888,0.02040816326530612,0.09473684210526316,0.4809027777777778,0.46390849351882935,0.9407769404351711,0
SEUMLD,OADNet_text,4,2026,3.0,0.5,False,0.3,0.09999999999999999,0.358888179063797,0.9103955551981926,0.15,0.15,0.049999999999999996,0.71875,0.030612244897959183,0.14210526315789473,0.484375,0.4058503806591034,0.9204370006918907,0
SEUMLD,OADNet_text,4,2026,3.0,0.5,False,0.3,0.09999999999999999,0.358888179063797,0.9103955551981926,0.2,0.2,0.06666666666666667,0.6527777777777778,0.05102040816326531,0.18421052631578946,0.5,0.358888179063797,0.9046108722686768,0
SEUMLD,OADNet_text,4,2026,3.0,0.5,False,0.3,0.09999999999999999,0.358888179063797,0.9103955551981926,0.25,0.25,0.08333333333333333,0.6284722222222222,0.07142857142857142,0.18421052631578946,0.5086805555555556,0.358888179063797,0.8928596079349518,0
SEUMLD,OADNet_text,4,2026,3.0,0.5,False,0.3,0.09999999999999999,0.358888179063797,0.9103955551981926,0.3,0.3,0.09999999999999999,0.625,0.08163265306122448,0.18421052631578946,0.5173611111111112,0.358888179063797,0.8921984136104584,1
SEUMLD,OADNet_text,4,2026,3.0,0.6,False,0.3,0.09999999999999999,0.358888179063797,0.9103955551981926,0.05,0.05,0.016666666666666666,0.9097222222222222,0.0,0.042105263157894736,0.4826388888888889,0.6004365086555481,0.9723900444805622,0
SEUMLD,OADNet_text,4,2026,3.0,0.6,False,0.3,0.09999999999999999,0.358888179063797,0.9103955551981926,0.075,0.075,0.024999999999999998,0.8333333333333334,0.01020408163265306,0.06842105263157895,0.4722222222222222,0.5120969414710999,0.9441405087709427,0
SEUMLD,OADNet_text,4,2026,3.0,0.6,False,0.3,0.09999999999999999,0.358888179063797,0.9103955551981926,0.1,0.1,0.03333333333333333,0.7951388888888888,0.02040816326530612,0.09473684210526316,0.4809027777777778,0.46390849351882935,0.9407769404351711,0
SEUMLD,OADNet_text,4,2026,3.0,0.6,False,0.3,0.09999999999999999,0.358888179063797,0.9103955551981926,0.15,0.15,0.049999999999999996,0.71875,0.030612244897959183,0.14210526315789473,0.484375,0.4058503806591034,0.9204370006918907,0
SEUMLD,OADNet_text,4,2026,3.0,0.6,False,0.3,0.09999999999999999,0.358888179063797,0.9103955551981926,0.2,0.2,0.06666666666666667,0.6527777777777778,0.05102040816326531,0.18421052631578946,0.5,0.358888179063797,0.9046108722686768,0
SEUMLD,OADNet_text,4,2026,3.0,0.6,False,0.3,0.09999999999999999,0.358888179063797,0.9103955551981926,0.25,0.25,0.08333333333333333,0.6284722222222222,0.07142857142857142,0.18421052631578946,0.5086805555555556,0.358888179063797,0.8928596079349518,0
SEUMLD,OADNet_text,4,2026,3.0,0.6,False,0.3,0.09999999999999999,0.358888179063797,0.9103955551981926,0.3,0.3,0.09999999999999999,0.625,0.08163265306122448,0.18421052631578946,0.5173611111111112,0.358888179063797,0.8921984136104584,1
SEUMLD,OADNet_text,4,2026,3.0,0.7,True,0.2,0.06666666666666667,0.358888179063797,0.9382306337356567,0.05,0.05,0.016666666666666666,0.9097222222222222,0.0,0.042105263157894736,0.4826388888888889,0.6004365086555481,0.9723900444805622,0
SEUMLD,OADNet_text,4,2026,3.0,0.7,True,0.2,0.06666666666666667,0.358888179063797,0.9382306337356567,0.075,0.075,0.024999999999999998,0.8333333333333334,0.01020408163265306,0.06842105263157895,0.4722222222222222,0.5120969414710999,0.9441405087709427,0
SEUMLD,OADNet_text,4,2026,3.0,0.7,True,0.2,0.06666666666666667,0.358888179063797,0.9382306337356567,0.1,0.1,0.03333333333333333,0.7951388888888888,0.02040816326530612,0.09473684210526316,0.4809027777777778,0.46390849351882935,0.9407769404351711,0
SEUMLD,OADNet_text,4,2026,3.0,0.7,True,0.2,0.06666666666666667,0.358888179063797,0.9382306337356567,0.15,0.15,0.049999999999999996,0.71875,0.030612244897959183,0.14210526315789473,0.484375,0.4058503806591034,0.9204370006918907,0
SEUMLD,OADNet_text,4,2026,3.0,0.7,True,0.2,0.06666666666666667,0.358888179063797,0.9382306337356567,0.2,0.2,0.06666666666666667,0.6527777777777778,0.05102040816326531,0.18421052631578946,0.5,0.358888179063797,0.9046108722686768,1
SEUMLD,OADNet_text,4,2026,3.0,0.7,True,0.2,0.06666666666666667,0.358888179063797,0.9382306337356567,0.25,0.25,0.08333333333333333,0.6284722222222222,0.07142857142857142,0.18421052631578946,0.5086805555555556,0.358888179063797,0.8928596079349518,0
SEUMLD,OADNet_text,4,2026,3.0,0.7,True,0.2,0.06666666666666667,0.358888179063797,0.9382306337356567,0.3,0.3,0.09999999999999999,0.625,0.08163265306122448,0.18421052631578946,0.5173611111111112,0.358888179063797,0.8921984136104584,0
SEUMLD,OADNet_text,4,2026,3.0,0.8,True,0.1,0.03333333333333333,0.46390849351882935,0.9432861283421516,0.05,0.05,0.016666666666666666,0.9097222222222222,0.0,0.042105263157894736,0.4826388888888889,0.6004365086555481,0.9723900444805622,0
SEUMLD,OADNet_text,4,2026,3.0,0.8,True,0.1,0.03333333333333333,0.46390849351882935,0.9432861283421516,0.075,0.075,0.024999999999999998,0.8333333333333334,0.01020408163265306,0.06842105263157895,0.4722222222222222,0.5120969414710999,0.9441405087709427,0
SEUMLD,OADNet_text,4,2026,3.0,0.8,True,0.1,0.03333333333333333,0.46390849351882935,0.9432861283421516,0.1,0.1,0.03333333333333333,0.7951388888888888,0.02040816326530612,0.09473684210526316,0.4809027777777778,0.46390849351882935,0.9407769404351711,1
SEUMLD,OADNet_text,4,2026,3.0,0.8,True,0.1,0.03333333333333333,0.46390849351882935,0.9432861283421516,0.15,0.15,0.049999999999999996,0.71875,0.030612244897959183,0.14210526315789473,0.484375,0.4058503806591034,0.9204370006918907,0
SEUMLD,OADNet_text,4,2026,3.0,0.8,True,0.1,0.03333333333333333,0.46390849351882935,0.9432861283421516,0.2,0.2,0.06666666666666667,0.6527777777777778,0.05102040816326531,0.18421052631578946,0.5,0.358888179063797,0.9046108722686768,0
SEUMLD,OADNet_text,4,2026,3.0,0.8,True,0.1,0.03333333333333333,0.46390849351882935,0.9432861283421516,0.25,0.25,0.08333333333333333,0.6284722222222222,0.07142857142857142,0.18421052631578946,0.5086805555555556,0.358888179063797,0.8928596079349518,0
SEUMLD,OADNet_text,4,2026,3.0,0.8,True,0.1,0.03333333333333333,0.46390849351882935,0.9432861283421516,0.3,0.3,0.09999999999999999,0.625,0.08163265306122448,0.18421052631578946,0.5173611111111112,0.358888179063797,0.8921984136104584,0
SEUMLD,OADNet_audio,0,7,3.0,0.5,True,0.3,0.09999999999999999,0.4004596769809723,0.740019679069519,0.05,0.05,0.016666666666666666,0.9178571428571428,0.0,0.03977272727272727,0.48392857142857143,0.46347999572753906,0.8154919147491455,0
SEUMLD,OADNet_audio,0,7,3.0,0.5,True,0.3,0.09999999999999999,0.4004596769809723,0.740019679069519,0.075,0.075,0.024999999999999998,0.8821428571428571,0.009615384615384616,0.06818181818181818,0.49464285714285716,0.42652180790901184,0.8144524544477463,0
SEUMLD,OADNet_audio,0,7,3.0,0.5,True,0.3,0.09999999999999999,0.4004596769809723,0.740019679069519,0.1,0.1,0.03333333333333333,0.8535714285714285,0.019230769230769232,0.09090909090909091,0.5053571428571428,0.4193541705608368,0.8114827573299408,0
SEUMLD,OADNet_audio,0,7,3.0,0.5,True,0.3,0.09999999999999999,0.4004596769809723,0.740019679069519,0.15,0.15,0.049999999999999996,0.75,0.038461538461538464,0.14204545454545456,0.5071428571428571,0.3920423984527588,0.7913851588964462,0
SEUMLD,OADNet_audio,0,7,3.0,0.5,True,0.3,0.09999999999999999,0.4004596769809723,0.740019679069519,0.2,0.2,0.06666666666666667,0.6642857142857143,0.057692307692307696,0.19318181818181818,0.5178571428571429,0.3650238513946533,0.7792823016643524,0
SEUMLD,OADNet_audio,0,7,3.0,0.5,True,0.3,0.09999999999999999,0.4004596769809723,0.740019679069519,0.25,0.25,0.08333333333333333,0.5821428571428572,0.0673076923076923,0.24431818181818182,0.5196428571428572,0.35411110520362854,0.7763038873672485,0
SEUMLD,OADNet_audio,0,7,3.0,0.5,True,0.3,0.09999999999999999,0.4004596769809723,0.740019679069519,0.3,0.3,0.09999999999999999,0.475,0.08653846153846154,0.29545454545454547,0.5196428571428572,0.34351012110710144,0.7632243186235428,1
SEUMLD,OADNet_audio,0,7,3.0,0.6,True,0.3,0.09999999999999999,0.4004596769809723,0.740019679069519,0.05,0.05,0.016666666666666666,0.9178571428571428,0.0,0.03977272727272727,0.48392857142857143,0.46347999572753906,0.8154919147491455,0
SEUMLD,OADNet_audio,0,7,3.0,0.6,True,0.3,0.09999999999999999,0.4004596769809723,0.740019679069519,0.075,0.075,0.024999999999999998,0.8821428571428571,0.009615384615384616,0.06818181818181818,0.49464285714285716,0.42652180790901184,0.8144524544477463,0
SEUMLD,OADNet_audio,0,7,3.0,0.6,True,0.3,0.09999999999999999,0.4004596769809723,0.740019679069519,0.1,0.1,0.03333333333333333,0.8535714285714285,0.019230769230769232,0.09090909090909091,0.5053571428571428,0.4193541705608368,0.8114827573299408,0
SEUMLD,OADNet_audio,0,7,3.0,0.6,True,0.3,0.09999999999999999,0.4004596769809723,0.740019679069519,0.15,0.15,0.049999999999999996,0.75,0.038461538461538464,0.14204545454545456,0.5071428571428571,0.3920423984527588,0.7913851588964462,0
SEUMLD,OADNet_audio,0,7,3.0,0.6,True,0.3,0.09999999999999999,0.4004596769809723,0.740019679069519,0.2,0.2,0.06666666666666667,0.6642857142857143,0.057692307692307696,0.19318181818181818,0.5178571428571429,0.3650238513946533,0.7792823016643524,0
SEUMLD,OADNet_audio,0,7,3.0,0.6,True,0.3,0.09999999999999999,0.4004596769809723,0.740019679069519,0.25,0.25,0.08333333333333333,0.5821428571428572,0.0673076923076923,0.24431818181818182,0.5196428571428572,0.35411110520362854,0.7763038873672485,0
SEUMLD,OADNet_audio,0,7,3.0,0.6,True,0.3,0.09999999999999999,0.4004596769809723,0.740019679069519,0.3,0.3,0.09999999999999999,0.475,0.08653846153846154,0.29545454545454547,0.5196428571428572,0.34351012110710144,0.7632243186235428,1
SEUMLD,OADNet_audio,0,7,3.0,0.7,True,0.2,0.06666666666666667,0.4313586950302124,0.7498422861099243,0.05,0.05,0.016666666666666666,0.9178571428571428,0.0,0.03977272727272727,0.48392857142857143,0.46347999572753906,0.8154919147491455,0
SEUMLD,OADNet_audio,0,7,3.0,0.7,True,0.2,0.06666666666666667,0.4313586950302124,0.7498422861099243,0.075,0.075,0.024999999999999998,0.8821428571428571,0.009615384615384616,0.06818181818181818,0.49464285714285716,0.42652180790901184,0.8144524544477463,0
SEUMLD,OADNet_audio,0,7,3.0,0.7,True,0.2,0.06666666666666667,0.4313586950302124,0.7498422861099243,0.1,0.1,0.03333333333333333,0.8535714285714285,0.019230769230769232,0.09090909090909091,0.5053571428571428,0.4193541705608368,0.8114827573299408,0
SEUMLD,OADNet_audio,0,7,3.0,0.7,True,0.2,0.06666666666666667,0.4313586950302124,0.7498422861099243,0.15,0.15,0.049999999999999996,0.75,0.038461538461538464,0.14204545454545456,0.5071428571428571,0.3920423984527588,0.7913851588964462,0
SEUMLD,OADNet_audio,0,7,3.0,0.7,True,0.2,0.06666666666666667,0.4313586950302124,0.7498422861099243,0.2,0.2,0.06666666666666667,0.6642857142857143,0.057692307692307696,0.19318181818181818,0.5178571428571429,0.3650238513946533,0.7792823016643524,1
SEUMLD,OADNet_audio,0,7,3.0,0.7,True,0.2,0.06666666666666667,0.4313586950302124,0.7498422861099243,0.25,0.25,0.08333333333333333,0.5821428571428572,0.0673076923076923,0.24431818181818182,0.5196428571428572,0.35411110520362854,0.7763038873672485,0
SEUMLD,OADNet_audio,0,7,3.0,0.7,True,0.2,0.06666666666666667,0.4313586950302124,0.7498422861099243,0.3,0.3,0.09999999999999999,0.475,0.08653846153846154,0.29545454545454547,0.5196428571428572,0.34351012110710144,0.7632243186235428,0
SEUMLD,OADNet_audio,0,7,3.0,0.8,True,0.15,0.049999999999999996,0.4585554897785187,0.7726921439170837,0.05,0.05,0.016666666666666666,0.9178571428571428,0.0,0.03977272727272727,0.48392857142857143,0.46347999572753906,0.8154919147491455,0
SEUMLD,OADNet_audio,0,7,3.0,0.8,True,0.15,0.049999999999999996,0.4585554897785187,0.7726921439170837,0.075,0.075,0.024999999999999998,0.8821428571428571,0.009615384615384616,0.06818181818181818,0.49464285714285716,0.42652180790901184,0.8144524544477463,0
SEUMLD,OADNet_audio,0,7,3.0,0.8,True,0.15,0.049999999999999996,0.4585554897785187,0.7726921439170837,0.1,0.1,0.03333333333333333,0.8535714285714285,0.019230769230769232,0.09090909090909091,0.5053571428571428,0.4193541705608368,0.8114827573299408,0
SEUMLD,OADNet_audio,0,7,3.0,0.8,True,0.15,0.049999999999999996,0.4585554897785187,0.7726921439170837,0.15,0.15,0.049999999999999996,0.75,0.038461538461538464,0.14204545454545456,0.5071428571428571,0.3920423984527588,0.7913851588964462,1
SEUMLD,OADNet_audio,0,7,3.0,0.8,True,0.15,0.049999999999999996,0.4585554897785187,0.7726921439170837,0.2,0.2,0.06666666666666667,0.6642857142857143,0.057692307692307696,0.19318181818181818,0.5178571428571429,0.3650238513946533,0.7792823016643524,0
SEUMLD,OADNet_audio,0,7,3.0,0.8,True,0.15,0.049999999999999996,0.4585554897785187,0.7726921439170837,0.25,0.25,0.08333333333333333,0.5821428571428572,0.0673076923076923,0.24431818181818182,0.5196428571428572,0.35411110520362854,0.7763038873672485,0
SEUMLD,OADNet_audio,0,7,3.0,0.8,True,0.15,0.049999999999999996,0.4585554897785187,0.7726921439170837,0.3,0.3,0.09999999999999999,0.475,0.08653846153846154,0.29545454545454547,0.5196428571428572,0.34351012110710144,0.7632243186235428,0
SEUMLD,OADNet_audio,0,42,3.0,0.5,False,0.3,0.09999999999999999,0.4594470262527466,0.7520982474088669,0.05,0.05,0.016666666666666666,0.9464285714285714,0.0,0.03977272727272727,0.4982142857142857,0.5379124879837036,0.851197674870491,0
SEUMLD,OADNet_audio,0,42,3.0,0.5,False,0.3,0.09999999999999999,0.4594470262527466,0.7520982474088669,0.075,0.075,0.024999999999999998,0.9035714285714286,0.009615384615384616,0.06818181818181818,0.5053571428571428,0.5081133842468262,0.8421008139848709,0
SEUMLD,OADNet_audio,0,42,3.0,0.5,False,0.3,0.09999999999999999,0.4594470262527466,0.7520982474088669,0.1,0.1,0.03333333333333333,0.7964285714285714,0.019230769230769232,0.09090909090909091,0.4767857142857143,0.4763217568397522,0.7975289672613144,0
SEUMLD,OADNet_audio,0,42,3.0,0.5,False,0.3,0.09999999999999999,0.4594470262527466,0.7520982474088669,0.15,0.15,0.049999999999999996,0.7392857142857143,0.038461538461538464,0.14204545454545456,0.5017857142857143,0.44282427430152893,0.7917168736457825,0
SEUMLD,OADNet_audio,0,42,3.0,0.5,False,0.3,0.09999999999999999,0.4594470262527466,0.7520982474088669,0.2,0.2,0.06666666666666667,0.675,0.057692307692307696,0.19318181818181818,0.5232142857142857,0.4235561788082123,0.7880943417549133,0
SEUMLD,OADNet_audio,0,42,3.0,0.5,False,0.3,0.09999999999999999,0.4594470262527466,0.7520982474088669,0.25,0.25,0.08333333333333333,0.5964285714285714,0.0673076923076923,0.24431818181818182,0.5267857142857143,0.40825942158699036,0.7803180068731308,0
SEUMLD,OADNet_audio,0,42,3.0,0.5,False,0.3,0.09999999999999999,0.4594470262527466,0.7520982474088669,0.3,0.3,0.09999999999999999,0.5142857142857142,0.08653846153846154,0.29545454545454547,0.5392857142857143,0.39403805136680603,0.7758047133684158,1
SEUMLD,OADNet_audio,0,42,3.0,0.6,True,0.25,0.08333333333333333,0.47517549991607666,0.7671464383602142,0.05,0.05,0.016666666666666666,0.9464285714285714,0.0,0.03977272727272727,0.4982142857142857,0.5379124879837036,0.851197674870491,0
SEUMLD,OADNet_audio,0,42,3.0,0.6,True,0.25,0.08333333333333333,0.47517549991607666,0.7671464383602142,0.075,0.075,0.024999999999999998,0.9035714285714286,0.009615384615384616,0.06818181818181818,0.5053571428571428,0.5081133842468262,0.8421008139848709,0
SEUMLD,OADNet_audio,0,42,3.0,0.6,True,0.25,0.08333333333333333,0.47517549991607666,0.7671464383602142,0.1,0.1,0.03333333333333333,0.7964285714285714,0.019230769230769232,0.09090909090909091,0.4767857142857143,0.4763217568397522,0.7975289672613144,0
SEUMLD,OADNet_audio,0,42,3.0,0.6,True,0.25,0.08333333333333333,0.47517549991607666,0.7671464383602142,0.15,0.15,0.049999999999999996,0.7392857142857143,0.038461538461538464,0.14204545454545456,0.5017857142857143,0.44282427430152893,0.7917168736457825,0
SEUMLD,OADNet_audio,0,42,3.0,0.6,True,0.25,0.08333333333333333,0.47517549991607666,0.7671464383602142,0.2,0.2,0.06666666666666667,0.675,0.057692307692307696,0.19318181818181818,0.5232142857142857,0.4235561788082123,0.7880943417549133,0
SEUMLD,OADNet_audio,0,42,3.0,0.6,True,0.25,0.08333333333333333,0.47517549991607666,0.7671464383602142,0.25,0.25,0.08333333333333333,0.5964285714285714,0.0673076923076923,0.24431818181818182,0.5267857142857143,0.40825942158699036,0.7803180068731308,1
SEUMLD,OADNet_audio,0,42,3.0,0.6,True,0.25,0.08333333333333333,0.47517549991607666,0.7671464383602142,0.3,0.3,0.09999999999999999,0.5142857142857142,0.08653846153846154,0.29545454545454547,0.5392857142857143,0.39403805136680603,0.7758047133684158,0
SEUMLD,OADNet_audio,0,42,3.0,0.7,True,0.2,0.06666666666666667,0.495368629693985,0.7733472734689713,0.05,0.05,0.016666666666666666,0.9464285714285714,0.0,0.03977272727272727,0.4982142857142857,0.5379124879837036,0.851197674870491,0
SEUMLD,OADNet_audio,0,42,3.0,0.7,True,0.2,0.06666666666666667,0.495368629693985,0.7733472734689713,0.075,0.075,0.024999999999999998,0.9035714285714286,0.009615384615384616,0.06818181818181818,0.5053571428571428,0.5081133842468262,0.8421008139848709,0
SEUMLD,OADNet_audio,0,42,3.0,0.7,True,0.2,0.06666666666666667,0.495368629693985,0.7733472734689713,0.1,0.1,0.03333333333333333,0.7964285714285714,0.019230769230769232,0.09090909090909091,0.4767857142857143,0.4763217568397522,0.7975289672613144,0
SEUMLD,OADNet_audio,0,42,3.0,0.7,True,0.2,0.06666666666666667,0.495368629693985,0.7733472734689713,0.15,0.15,0.049999999999999996,0.7392857142857143,0.038461538461538464,0.14204545454545456,0.5017857142857143,0.44282427430152893,0.7917168736457825,0
SEUMLD,OADNet_audio,0,42,3.0,0.7,True,0.2,0.06666666666666667,0.495368629693985,0.7733472734689713,0.2,0.2,0.06666666666666667,0.675,0.057692307692307696,0.19318181818181818,0.5232142857142857,0.4235561788082123,0.7880943417549133,1
SEUMLD,OADNet_audio,0,42,3.0,0.7,True,0.2,0.06666666666666667,0.495368629693985,0.7733472734689713,0.25,0.25,0.08333333333333333,0.5964285714285714,0.0673076923076923,0.24431818181818182,0.5267857142857143,0.40825942158699036,0.7803180068731308,0
SEUMLD,OADNet_audio,0,42,3.0,0.7,True,0.2,0.06666666666666667,0.495368629693985,0.7733472734689713,0.3,0.3,0.09999999999999999,0.5142857142857142,0.08653846153846154,0.29545454545454547,0.5392857142857143,0.39403805136680603,0.7758047133684158,0
SEUMLD,OADNet_audio,0,42,3.0,0.8,True,0.1,0.03333333333333333,0.5384300947189331,0.7944506257772446,0.05,0.05,0.016666666666666666,0.9464285714285714,0.0,0.03977272727272727,0.4982142857142857,0.5379124879837036,0.851197674870491,0
SEUMLD,OADNet_audio,0,42,3.0,0.8,True,0.1,0.03333333333333333,0.5384300947189331,0.7944506257772446,0.075,0.075,0.024999999999999998,0.9035714285714286,0.009615384615384616,0.06818181818181818,0.5053571428571428,0.5081133842468262,0.8421008139848709,0
SEUMLD,OADNet_audio,0,42,3.0,0.8,True,0.1,0.03333333333333333,0.5384300947189331,0.7944506257772446,0.1,0.1,0.03333333333333333,0.7964285714285714,0.019230769230769232,0.09090909090909091,0.4767857142857143,0.4763217568397522,0.7975289672613144,1
SEUMLD,OADNet_audio,0,42,3.0,0.8,True,0.1,0.03333333333333333,0.5384300947189331,0.7944506257772446,0.15,0.15,0.049999999999999996,0.7392857142857143,0.038461538461538464,0.14204545454545456,0.5017857142857143,0.44282427430152893,0.7917168736457825,0
SEUMLD,OADNet_audio,0,42,3.0,0.8,True,0.1,0.03333333333333333,0.5384300947189331,0.7944506257772446,0.2,0.2,0.06666666666666667,0.675,0.057692307692307696,0.19318181818181818,0.5232142857142857,0.4235561788082123,0.7880943417549133,0
SEUMLD,OADNet_audio,0,42,3.0,0.8,True,0.1,0.03333333333333333,0.5384300947189331,0.7944506257772446,0.25,0.25,0.08333333333333333,0.5964285714285714,0.0673076923076923,0.24431818181818182,0.5267857142857143,0.40825942158699036,0.7803180068731308,0
SEUMLD,OADNet_audio,0,42,3.0,0.8,True,0.1,0.03333333333333333,0.5384300947189331,0.7944506257772446,0.3,0.3,0.09999999999999999,0.5142857142857142,0.08653846153846154,0.29545454545454547,0.5392857142857143,0.39403805136680603,0.7758047133684158,0
SEUMLD,OADNet_audio,0,123,3.0,0.5,False,0.3,0.09999999999999999,0.33934447169303894,0.7873739004135132,0.05,0.05,0.016666666666666666,0.9464285714285714,0.0,0.03977272727272727,0.4982142857142857,0.40001150965690613,0.8387108594179153,0
SEUMLD,OADNet_audio,0,123,3.0,0.5,False,0.3,0.09999999999999999,0.33934447169303894,0.7873739004135132,0.075,0.075,0.024999999999999998,0.9071428571428571,0.009615384615384616,0.06818181818181818,0.5071428571428571,0.3692281246185303,0.8331968933343887,0
SEUMLD,OADNet_audio,0,123,3.0,0.5,False,0.3,0.09999999999999999,0.33934447169303894,0.7873739004135132,0.1,0.1,0.03333333333333333,0.8035714285714286,0.019230769230769232,0.09090909090909091,0.48035714285714287,0.34584566950798035,0.8140180110931396,0
SEUMLD,OADNet_audio,0,123,3.0,0.5,False,0.3,0.09999999999999999,0.33934447169303894,0.7873739004135132,0.15,0.15,0.049999999999999996,0.75,0.038461538461538464,0.14204545454545456,0.5071428571428571,0.3253881335258484,0.8106024116277695,0
SEUMLD,OADNet_audio,0,123,3.0,0.5,False,0.3,0.09999999999999999,0.33934447169303894,0.7873739004135132,0.2,0.2,0.06666666666666667,0.6714285714285714,0.057692307692307696,0.19318181818181818,0.5214285714285715,0.30985841155052185,0.8050738573074341,0
SEUMLD,OADNet_audio,0,123,3.0,0.5,False,0.3,0.09999999999999999,0.33934447169303894,0.7873739004135132,0.25,0.25,0.08333333333333333,0.6107142857142858,0.0673076923076923,0.24431818181818182,0.5339285714285714,0.2934640645980835,0.8048935085535049,0
SEUMLD,OADNet_audio,0,123,3.0,0.5,False,0.3,0.09999999999999999,0.33934447169303894,0.7873739004135132,0.3,0.3,0.09999999999999999,0.5464285714285714,0.08653846153846154,0.29545454545454547,0.5553571428571429,0.28408506512641907,0.8035367876291275,1
SEUMLD,OADNet_audio,0,123,3.0,0.6,True,0.3,0.09999999999999999,0.33934447169303894,0.7873739004135132,0.05,0.05,0.016666666666666666,0.9464285714285714,0.0,0.03977272727272727,0.4982142857142857,0.40001150965690613,0.8387108594179153,0
SEUMLD,OADNet_audio,0,123,3.0,0.6,True,0.3,0.09999999999999999,0.33934447169303894,0.7873739004135132,0.075,0.075,0.024999999999999998,0.9071428571428571,0.009615384615384616,0.06818181818181818,0.5071428571428571,0.3692281246185303,0.8331968933343887,0
SEUMLD,OADNet_audio,0,123,3.0,0.6,True,0.3,0.09999999999999999,0.33934447169303894,0.7873739004135132,0.1,0.1,0.03333333333333333,0.8035714285714286,0.019230769230769232,0.09090909090909091,0.48035714285714287,0.34584566950798035,0.8140180110931396,0
SEUMLD,OADNet_audio,0,123,3.0,0.6,True,0.3,0.09999999999999999,0.33934447169303894,0.7873739004135132,0.15,0.15,0.049999999999999996,0.75,0.038461538461538464,0.14204545454545456,0.5071428571428571,0.3253881335258484,0.8106024116277695,0
SEUMLD,OADNet_audio,0,123,3.0,0.6,True,0.3,0.09999999999999999,0.33934447169303894,0.7873739004135132,0.2,0.2,0.06666666666666667,0.6714285714285714,0.057692307692307696,0.19318181818181818,0.5214285714285715,0.30985841155052185,0.8050738573074341,0
SEUMLD,OADNet_audio,0,123,3.0,0.6,True,0.3,0.09999999999999999,0.33934447169303894,0.7873739004135132,0.25,0.25,0.08333333333333333,0.6107142857142858,0.0673076923076923,0.24431818181818182,0.5339285714285714,0.2934640645980835,0.8048935085535049,0
SEUMLD,OADNet_audio,0,123,3.0,0.6,True,0.3,0.09999999999999999,0.33934447169303894,0.7873739004135132,0.3,0.3,0.09999999999999999,0.5464285714285714,0.08653846153846154,0.29545454545454547,0.5553571428571429,0.28408506512641907,0.8035367876291275,1
SEUMLD,OADNet_audio,0,123,3.0,0.7,True,0.2,0.06666666666666667,0.3715389370918274,0.7938401848077774,0.05,0.05,0.016666666666666666,0.9464285714285714,0.0,0.03977272727272727,0.4982142857142857,0.40001150965690613,0.8387108594179153,0
SEUMLD,OADNet_audio,0,123,3.0,0.7,True,0.2,0.06666666666666667,0.3715389370918274,0.7938401848077774,0.075,0.075,0.024999999999999998,0.9071428571428571,0.009615384615384616,0.06818181818181818,0.5071428571428571,0.3692281246185303,0.8331968933343887,0
SEUMLD,OADNet_audio,0,123,3.0,0.7,True,0.2,0.06666666666666667,0.3715389370918274,0.7938401848077774,0.1,0.1,0.03333333333333333,0.8035714285714286,0.019230769230769232,0.09090909090909091,0.48035714285714287,0.34584566950798035,0.8140180110931396,0
SEUMLD,OADNet_audio,0,123,3.0,0.7,True,0.2,0.06666666666666667,0.3715389370918274,0.7938401848077774,0.15,0.15,0.049999999999999996,0.75,0.038461538461538464,0.14204545454545456,0.5071428571428571,0.3253881335258484,0.8106024116277695,0
SEUMLD,OADNet_audio,0,123,3.0,0.7,True,0.2,0.06666666666666667,0.3715389370918274,0.7938401848077774,0.2,0.2,0.06666666666666667,0.6714285714285714,0.057692307692307696,0.19318181818181818,0.5214285714285715,0.30985841155052185,0.8050738573074341,1
SEUMLD,OADNet_audio,0,123,3.0,0.7,True,0.2,0.06666666666666667,0.3715389370918274,0.7938401848077774,0.25,0.25,0.08333333333333333,0.6107142857142858,0.0673076923076923,0.24431818181818182,0.5339285714285714,0.2934640645980835,0.8048935085535049,0
SEUMLD,OADNet_audio,0,123,3.0,0.7,True,0.2,0.06666666666666667,0.3715389370918274,0.7938401848077774,0.3,0.3,0.09999999999999999,0.5464285714285714,0.08653846153846154,0.29545454545454547,0.5553571428571429,0.28408506512641907,0.8035367876291275,0
SEUMLD,OADNet_audio,0,123,3.0,0.8,True,0.15,0.049999999999999996,0.3881984055042267,0.804803267121315,0.05,0.05,0.016666666666666666,0.9464285714285714,0.0,0.03977272727272727,0.4982142857142857,0.40001150965690613,0.8387108594179153,0
SEUMLD,OADNet_audio,0,123,3.0,0.8,True,0.15,0.049999999999999996,0.3881984055042267,0.804803267121315,0.075,0.075,0.024999999999999998,0.9071428571428571,0.009615384615384616,0.06818181818181818,0.5071428571428571,0.3692281246185303,0.8331968933343887,0
SEUMLD,OADNet_audio,0,123,3.0,0.8,True,0.15,0.049999999999999996,0.3881984055042267,0.804803267121315,0.1,0.1,0.03333333333333333,0.8035714285714286,0.019230769230769232,0.09090909090909091,0.48035714285714287,0.34584566950798035,0.8140180110931396,0
SEUMLD,OADNet_audio,0,123,3.0,0.8,True,0.15,0.049999999999999996,0.3881984055042267,0.804803267121315,0.15,0.15,0.049999999999999996,0.75,0.038461538461538464,0.14204545454545456,0.5071428571428571,0.3253881335258484,0.8106024116277695,1
SEUMLD,OADNet_audio,0,123,3.0,0.8,True,0.15,0.049999999999999996,0.3881984055042267,0.804803267121315,0.2,0.2,0.06666666666666667,0.6714285714285714,0.057692307692307696,0.19318181818181818,0.5214285714285715,0.30985841155052185,0.8050738573074341,0
SEUMLD,OADNet_audio,0,123,3.0,0.8,True,0.15,0.049999999999999996,0.3881984055042267,0.804803267121315,0.25,0.25,0.08333333333333333,0.6107142857142858,0.0673076923076923,0.24431818181818182,0.5339285714285714,0.2934640645980835,0.8048935085535049,0
SEUMLD,OADNet_audio,0,123,3.0,0.8,True,0.15,0.049999999999999996,0.3881984055042267,0.804803267121315,0.3,0.3,0.09999999999999999,0.5464285714285714,0.08653846153846154,0.29545454545454547,0.5553571428571429,0.28408506512641907,0.8035367876291275,0
SEUMLD,OADNet_audio,0,2024,3.0,0.5,True,0.3,0.09999999999999999,0.360707551240921,0.7982238084077835,0.05,0.05,0.016666666666666666,0.925,0.0,0.03977272727272727,0.4875,0.4192580282688141,0.8600652366876602,0
SEUMLD,OADNet_audio,0,2024,3.0,0.5,True,0.3,0.09999999999999999,0.360707551240921,0.7982238084077835,0.075,0.075,0.024999999999999998,0.8428571428571429,0.009615384615384616,0.06818181818181818,0.475,0.39454397559165955,0.8426347374916077,0
SEUMLD,OADNet_audio,0,2024,3.0,0.5,True,0.3,0.09999999999999999,0.360707551240921,0.7982238084077835,0.1,0.1,0.03333333333333333,0.7928571428571428,0.019230769230769232,0.09090909090909091,0.475,0.3735531270503998,0.8325572162866592,0
SEUMLD,OADNet_audio,0,2024,3.0,0.5,True,0.3,0.09999999999999999,0.360707551240921,0.7982238084077835,0.15,0.15,0.049999999999999996,0.7285714285714285,0.038461538461538464,0.14204545454545456,0.49642857142857144,0.35420966148376465,0.8205371052026749,0
SEUMLD,OADNet_audio,0,2024,3.0,0.5,True,0.3,0.09999999999999999,0.360707551240921,0.7982238084077835,0.2,0.2,0.06666666666666667,0.6535714285714286,0.057692307692307696,0.19318181818181818,0.5125,0.3378971815109253,0.8146260380744934,0
SEUMLD,OADNet_audio,0,2024,3.0,0.5,True,0.3,0.09999999999999999,0.360707551240921,0.7982238084077835,0.25,0.25,0.08333333333333333,0.5678571428571428,0.0673076923076923,0.24431818181818182,0.5125,0.3247264623641968,0.8121847957372665,0
SEUMLD,OADNet_audio,0,2024,3.0,0.5,True,0.3,0.09999999999999999,0.360707551240921,0.7982238084077835,0.3,0.3,0.09999999999999999,0.49642857142857144,0.08653846153846154,0.29545454545454547,0.5303571428571429,0.3101041615009308,0.8083877563476562,1
SEUMLD,OADNet_audio,0,2024,3.0,0.6,True,0.25,0.08333333333333333,0.3762792646884918,0.8113948702812195,0.05,0.05,0.016666666666666666,0.925,0.0,0.03977272727272727,0.4875,0.4192580282688141,0.8600652366876602,0
SEUMLD,OADNet_audio,0,2024,3.0,0.6,True,0.25,0.08333333333333333,0.3762792646884918,0.8113948702812195,0.075,0.075,0.024999999999999998,0.8428571428571429,0.009615384615384616,0.06818181818181818,0.475,0.39454397559165955,0.8426347374916077,0
SEUMLD,OADNet_audio,0,2024,3.0,0.6,True,0.25,0.08333333333333333,0.3762792646884918,0.8113948702812195,0.1,0.1,0.03333333333333333,0.7928571428571428,0.019230769230769232,0.09090909090909091,0.475,0.3735531270503998,0.8325572162866592,0
SEUMLD,OADNet_audio,0,2024,3.0,0.6,True,0.25,0.08333333333333333,0.3762792646884918,0.8113948702812195,0.15,0.15,0.049999999999999996,0.7285714285714285,0.038461538461538464,0.14204545454545456,0.49642857142857144,0.35420966148376465,0.8205371052026749,0
SEUMLD,OADNet_audio,0,2024,3.0,0.6,True,0.25,0.08333333333333333,0.3762792646884918,0.8113948702812195,0.2,0.2,0.06666666666666667,0.6535714285714286,0.057692307692307696,0.19318181818181818,0.5125,0.3378971815109253,0.8146260380744934,0
SEUMLD,OADNet_audio,0,2024,3.0,0.6,True,0.25,0.08333333333333333,0.3762792646884918,0.8113948702812195,0.25,0.25,0.08333333333333333,0.5678571428571428,0.0673076923076923,0.24431818181818182,0.5125,0.3247264623641968,0.8121847957372665,1
SEUMLD,OADNet_audio,0,2024,3.0,0.6,True,0.25,0.08333333333333333,0.3762792646884918,0.8113948702812195,0.3,0.3,0.09999999999999999,0.49642857142857144,0.08653846153846154,0.29545454545454547,0.5303571428571429,0.3101041615009308,0.8083877563476562,0
SEUMLD,OADNet_audio,0,2024,3.0,0.7,True,0.25,0.08333333333333333,0.3762792646884918,0.8113948702812195,0.05,0.05,0.016666666666666666,0.925,0.0,0.03977272727272727,0.4875,0.4192580282688141,0.8600652366876602,0
SEUMLD,OADNet_audio,0,2024,3.0,0.7,True,0.25,0.08333333333333333,0.3762792646884918,0.8113948702812195,0.075,0.075,0.024999999999999998,0.8428571428571429,0.009615384615384616,0.06818181818181818,0.475,0.39454397559165955,0.8426347374916077,0
SEUMLD,OADNet_audio,0,2024,3.0,0.7,True,0.25,0.08333333333333333,0.3762792646884918,0.8113948702812195,0.1,0.1,0.03333333333333333,0.7928571428571428,0.019230769230769232,0.09090909090909091,0.475,0.3735531270503998,0.8325572162866592,0
SEUMLD,OADNet_audio,0,2024,3.0,0.7,True,0.25,0.08333333333333333,0.3762792646884918,0.8113948702812195,0.15,0.15,0.049999999999999996,0.7285714285714285,0.038461538461538464,0.14204545454545456,0.49642857142857144,0.35420966148376465,0.8205371052026749,0
SEUMLD,OADNet_audio,0,2024,3.0,0.7,True,0.25,0.08333333333333333,0.3762792646884918,0.8113948702812195,0.2,0.2,0.06666666666666667,0.6535714285714286,0.057692307692307696,0.19318181818181818,0.5125,0.3378971815109253,0.8146260380744934,0
SEUMLD,OADNet_audio,0,2024,3.0,0.7,True,0.25,0.08333333333333333,0.3762792646884918,0.8113948702812195,0.25,0.25,0.08333333333333333,0.5678571428571428,0.0673076923076923,0.24431818181818182,0.5125,0.3247264623641968,0.8121847957372665,1
SEUMLD,OADNet_audio,0,2024,3.0,0.7,True,0.25,0.08333333333333333,0.3762792646884918,0.8113948702812195,0.3,0.3,0.09999999999999999,0.49642857142857144,0.08653846153846154,0.29545454545454547,0.5303571428571429,0.3101041615009308,0.8083877563476562,0
SEUMLD,OADNet_audio,0,2024,3.0,0.8,True,0.1,0.03333333333333333,0.431015282869339,0.8283515125513077,0.05,0.05,0.016666666666666666,0.925,0.0,0.03977272727272727,0.4875,0.4192580282688141,0.8600652366876602,0
SEUMLD,OADNet_audio,0,2024,3.0,0.8,True,0.1,0.03333333333333333,0.431015282869339,0.8283515125513077,0.075,0.075,0.024999999999999998,0.8428571428571429,0.009615384615384616,0.06818181818181818,0.475,0.39454397559165955,0.8426347374916077,0
SEUMLD,OADNet_audio,0,2024,3.0,0.8,True,0.1,0.03333333333333333,0.431015282869339,0.8283515125513077,0.1,0.1,0.03333333333333333,0.7928571428571428,0.019230769230769232,0.09090909090909091,0.475,0.3735531270503998,0.8325572162866592,1
SEUMLD,OADNet_audio,0,2024,3.0,0.8,True,0.1,0.03333333333333333,0.431015282869339,0.8283515125513077,0.15,0.15,0.049999999999999996,0.7285714285714285,0.038461538461538464,0.14204545454545456,0.49642857142857144,0.35420966148376465,0.8205371052026749,0
SEUMLD,OADNet_audio,0,2024,3.0,0.8,True,0.1,0.03333333333333333,0.431015282869339,0.8283515125513077,0.2,0.2,0.06666666666666667,0.6535714285714286,0.057692307692307696,0.19318181818181818,0.5125,0.3378971815109253,0.8146260380744934,0
SEUMLD,OADNet_audio,0,2024,3.0,0.8,True,0.1,0.03333333333333333,0.431015282869339,0.8283515125513077,0.25,0.25,0.08333333333333333,0.5678571428571428,0.0673076923076923,0.24431818181818182,0.5125,0.3247264623641968,0.8121847957372665,0
SEUMLD,OADNet_audio,0,2024,3.0,0.8,True,0.1,0.03333333333333333,0.431015282869339,0.8283515125513077,0.3,0.3,0.09999999999999999,0.49642857142857144,0.08653846153846154,0.29545454545454547,0.5303571428571429,0.3101041615009308,0.8083877563476562,0
SEUMLD,OADNet_audio,0,2026,3.0,0.5,False,0.3,0.09999999999999999,0.3849291503429413,0.6928375959396362,0.05,0.05,0.016666666666666666,0.9142857142857143,0.0,0.03977272727272727,0.48214285714285715,0.41746702790260315,0.7449074685573578,0
SEUMLD,OADNet_audio,0,2026,3.0,0.5,False,0.3,0.09999999999999999,0.3849291503429413,0.6928375959396362,0.075,0.075,0.024999999999999998,0.8714285714285714,0.009615384615384616,0.06818181818181818,0.48928571428571427,0.40083903074264526,0.7402958869934082,0
SEUMLD,OADNet_audio,0,2026,3.0,0.5,False,0.3,0.09999999999999999,0.3849291503429413,0.6928375959396362,0.1,0.1,0.03333333333333333,0.8214285714285714,0.019230769230769232,0.09090909090909091,0.48928571428571427,0.38968315720558167,0.7340073585510254,0
SEUMLD,OADNet_audio,0,2026,3.0,0.5,False,0.3,0.09999999999999999,0.3849291503429413,0.6928375959396362,0.15,0.15,0.049999999999999996,0.7464285714285714,0.038461538461538464,0.14204545454545456,0.5053571428571428,0.3771897852420807,0.7285892963409424,0
SEUMLD,OADNet_audio,0,2026,3.0,0.5,False,0.3,0.09999999999999999,0.3849291503429413,0.6928375959396362,0.2,0.2,0.06666666666666667,0.6714285714285714,0.057692307692307696,0.19318181818181818,0.5214285714285715,0.36562326550483704,0.7281346619129181,0
SEUMLD,OADNet_audio,0,2026,3.0,0.5,False,0.3,0.09999999999999999,0.3849291503429413,0.6928375959396362,0.25,0.25,0.08333333333333333,0.6214285714285714,0.0673076923076923,0.24431818181818182,0.5392857142857143,0.3585578203201294,0.7275088131427765,0
SEUMLD,OADNet_audio,0,2026,3.0,0.5,False,0.3,0.09999999999999999,0.3849291503429413,0.6928375959396362,0.3,0.3,0.09999999999999999,0.5607142857142857,0.08653846153846154,0.29545454545454547,0.5625,0.3524704873561859,0.7231599688529968,1
SEUMLD,OADNet_audio,0,2026,3.0,0.6,True,0.3,0.09999999999999999,0.3849291503429413,0.6928375959396362,0.05,0.05,0.016666666666666666,0.9142857142857143,0.0,0.03977272727272727,0.48214285714285715,0.41746702790260315,0.7449074685573578,0
SEUMLD,OADNet_audio,0,2026,3.0,0.6,True,0.3,0.09999999999999999,0.3849291503429413,0.6928375959396362,0.075,0.075,0.024999999999999998,0.8714285714285714,0.009615384615384616,0.06818181818181818,0.48928571428571427,0.40083903074264526,0.7402958869934082,0
SEUMLD,OADNet_audio,0,2026,3.0,0.6,True,0.3,0.09999999999999999,0.3849291503429413,0.6928375959396362,0.1,0.1,0.03333333333333333,0.8214285714285714,0.019230769230769232,0.09090909090909091,0.48928571428571427,0.38968315720558167,0.7340073585510254,0
SEUMLD,OADNet_audio,0,2026,3.0,0.6,True,0.3,0.09999999999999999,0.3849291503429413,0.6928375959396362,0.15,0.15,0.049999999999999996,0.7464285714285714,0.038461538461538464,0.14204545454545456,0.5053571428571428,0.3771897852420807,0.7285892963409424,0
SEUMLD,OADNet_audio,0,2026,3.0,0.6,True,0.3,0.09999999999999999,0.3849291503429413,0.6928375959396362,0.2,0.2,0.06666666666666667,0.6714285714285714,0.057692307692307696,0.19318181818181818,0.5214285714285715,0.36562326550483704,0.7281346619129181,0
SEUMLD,OADNet_audio,0,2026,3.0,0.6,True,0.3,0.09999999999999999,0.3849291503429413,0.6928375959396362,0.25,0.25,0.08333333333333333,0.6214285714285714,0.0673076923076923,0.24431818181818182,0.5392857142857143,0.3585578203201294,0.7275088131427765,0
SEUMLD,OADNet_audio,0,2026,3.0,0.6,True,0.3,0.09999999999999999,0.3849291503429413,0.6928375959396362,0.3,0.3,0.09999999999999999,0.5607142857142857,0.08653846153846154,0.29545454545454547,0.5625,0.3524704873561859,0.7231599688529968,1
SEUMLD,OADNet_audio,0,2026,3.0,0.7,True,0.2,0.06666666666666667,0.3999426066875458,0.6966750025749207,0.05,0.05,0.016666666666666666,0.9142857142857143,0.0,0.03977272727272727,0.48214285714285715,0.41746702790260315,0.7449074685573578,0
SEUMLD,OADNet_audio,0,2026,3.0,0.7,True,0.2,0.06666666666666667,0.3999426066875458,0.6966750025749207,0.075,0.075,0.024999999999999998,0.8714285714285714,0.009615384615384616,0.06818181818181818,0.48928571428571427,0.40083903074264526,0.7402958869934082,0
SEUMLD,OADNet_audio,0,2026,3.0,0.7,True,0.2,0.06666666666666667,0.3999426066875458,0.6966750025749207,0.1,0.1,0.03333333333333333,0.8214285714285714,0.019230769230769232,0.09090909090909091,0.48928571428571427,0.38968315720558167,0.7340073585510254,0
SEUMLD,OADNet_audio,0,2026,3.0,0.7,True,0.2,0.06666666666666667,0.3999426066875458,0.6966750025749207,0.15,0.15,0.049999999999999996,0.7464285714285714,0.038461538461538464,0.14204545454545456,0.5053571428571428,0.3771897852420807,0.7285892963409424,0
SEUMLD,OADNet_audio,0,2026,3.0,0.7,True,0.2,0.06666666666666667,0.3999426066875458,0.6966750025749207,0.2,0.2,0.06666666666666667,0.6714285714285714,0.057692307692307696,0.19318181818181818,0.5214285714285715,0.36562326550483704,0.7281346619129181,1
SEUMLD,OADNet_audio,0,2026,3.0,0.7,True,0.2,0.06666666666666667,0.3999426066875458,0.6966750025749207,0.25,0.25,0.08333333333333333,0.6214285714285714,0.0673076923076923,0.24431818181818182,0.5392857142857143,0.3585578203201294,0.7275088131427765,0
SEUMLD,OADNet_audio,0,2026,3.0,0.7,True,0.2,0.06666666666666667,0.3999426066875458,0.6966750025749207,0.3,0.3,0.09999999999999999,0.5607142857142857,0.08653846153846154,0.29545454545454547,0.5625,0.3524704873561859,0.7231599688529968,0
SEUMLD,OADNet_audio,0,2026,3.0,0.8,True,0.15,0.049999999999999996,0.41055119037628174,0.7080226242542267,0.05,0.05,0.016666666666666666,0.9142857142857143,0.0,0.03977272727272727,0.48214285714285715,0.41746702790260315,0.7449074685573578,0
SEUMLD,OADNet_audio,0,2026,3.0,0.8,True,0.15,0.049999999999999996,0.41055119037628174,0.7080226242542267,0.075,0.075,0.024999999999999998,0.8714285714285714,0.009615384615384616,0.06818181818181818,0.48928571428571427,0.40083903074264526,0.7402958869934082,0
SEUMLD,OADNet_audio,0,2026,3.0,0.8,True,0.15,0.049999999999999996,0.41055119037628174,0.7080226242542267,0.1,0.1,0.03333333333333333,0.8214285714285714,0.019230769230769232,0.09090909090909091,0.48928571428571427,0.38968315720558167,0.7340073585510254,0
SEUMLD,OADNet_audio,0,2026,3.0,0.8,True,0.15,0.049999999999999996,0.41055119037628174,0.7080226242542267,0.15,0.15,0.049999999999999996,0.7464285714285714,0.038461538461538464,0.14204545454545456,0.5053571428571428,0.3771897852420807,0.7285892963409424,1
SEUMLD,OADNet_audio,0,2026,3.0,0.8,True,0.15,0.049999999999999996,0.41055119037628174,0.7080226242542267,0.2,0.2,0.06666666666666667,0.6714285714285714,0.057692307692307696,0.19318181818181818,0.5214285714285715,0.36562326550483704,0.7281346619129181,0
SEUMLD,OADNet_audio,0,2026,3.0,0.8,True,0.15,0.049999999999999996,0.41055119037628174,0.7080226242542267,0.25,0.25,0.08333333333333333,0.6214285714285714,0.0673076923076923,0.24431818181818182,0.5392857142857143,0.3585578203201294,0.7275088131427765,0
SEUMLD,OADNet_audio,0,2026,3.0,0.8,True,0.15,0.049999999999999996,0.41055119037628174,0.7080226242542267,0.3,0.3,0.09999999999999999,0.5607142857142857,0.08653846153846154,0.29545454545454547,0.5625,0.3524704873561859,0.7231599688529968,0
SEUMLD,OADNet_audio,1,7,3.0,0.5,True,0.25,0.08333333333333333,0.3921108543872833,0.7512941211462021,0.05,0.05,0.016666666666666666,0.8892128279883382,0.00819672131147541,0.04524886877828054,0.48250728862973763,0.4323277473449707,0.7777966558933258,0
SEUMLD,OADNet_audio,1,7,3.0,0.5,True,0.25,0.08333333333333333,0.3921108543872833,0.7512941211462021,0.075,0.075,0.024999999999999998,0.8192419825072886,0.01639344262295082,0.06787330316742081,0.4708454810495627,0.4232056140899658,0.7525264024734497,0
SEUMLD,OADNet_audio,1,7,3.0,0.5,True,0.25,0.08333333333333333,0.3921108543872833,0.7512941211462021,0.1,0.1,0.03333333333333333,0.7755102040816326,0.02459016393442623,0.09502262443438914,0.4752186588921283,0.41182035207748413,0.7488711774349213,0
SEUMLD,OADNet_audio,1,7,3.0,0.5,True,0.25,0.08333333333333333,0.3921108543872833,0.7512941211462021,0.15,0.15,0.049999999999999996,0.685131195335277,0.040983606557377046,0.14479638009049775,0.47959183673469385,0.39911574125289917,0.7354628443717957,0
SEUMLD,OADNet_audio,1,7,3.0,0.5,True,0.25,0.08333333333333333,0.3921108543872833,0.7512941211462021,0.2,0.2,0.06666666666666667,0.5714285714285714,0.05737704918032787,0.19457013574660634,0.47230320699708456,0.38521817326545715,0.7203335464000702,0
SEUMLD,OADNet_audio,1,7,3.0,0.5,True,0.25,0.08333333333333333,0.3921108543872833,0.7512941211462021,0.25,0.25,0.08333333333333333,0.48104956268221577,0.07377049180327869,0.24434389140271492,0.47667638483965014,0.37288129329681396,0.7177805304527283,1
SEUMLD,OADNet_audio,1,7,3.0,0.5,True,0.25,0.08333333333333333,0.3921108543872833,0.7512941211462021,0.3,0.3,0.09999999999999999,0.40233236151603496,0.09016393442622951,0.29411764705882354,0.4868804664723032,0.36379313468933105,0.7110415995121002,0
SEUMLD,OADNet_audio,1,7,3.0,0.6,True,0.2,0.06666666666666667,0.40453511476516724,0.7557748407125473,0.05,0.05,0.016666666666666666,0.8892128279883382,0.00819672131147541,0.04524886877828054,0.48250728862973763,0.4323277473449707,0.7777966558933258,0
SEUMLD,OADNet_audio,1,7,3.0,0.6,True,0.2,0.06666666666666667,0.40453511476516724,0.7557748407125473,0.075,0.075,0.024999999999999998,0.8192419825072886,0.01639344262295082,0.06787330316742081,0.4708454810495627,0.4232056140899658,0.7525264024734497,0
SEUMLD,OADNet_audio,1,7,3.0,0.6,True,0.2,0.06666666666666667,0.40453511476516724,0.7557748407125473,0.1,0.1,0.03333333333333333,0.7755102040816326,0.02459016393442623,0.09502262443438914,0.4752186588921283,0.41182035207748413,0.7488711774349213,0
SEUMLD,OADNet_audio,1,7,3.0,0.6,True,0.2,0.06666666666666667,0.40453511476516724,0.7557748407125473,0.15,0.15,0.049999999999999996,0.685131195335277,0.040983606557377046,0.14479638009049775,0.47959183673469385,0.39911574125289917,0.7354628443717957,0
SEUMLD,OADNet_audio,1,7,3.0,0.6,True,0.2,0.06666666666666667,0.40453511476516724,0.7557748407125473,0.2,0.2,0.06666666666666667,0.5714285714285714,0.05737704918032787,0.19457013574660634,0.47230320699708456,0.38521817326545715,0.7203335464000702,1
SEUMLD,OADNet_audio,1,7,3.0,0.6,True,0.2,0.06666666666666667,0.40453511476516724,0.7557748407125473,0.25,0.25,0.08333333333333333,0.48104956268221577,0.07377049180327869,0.24434389140271492,0.47667638483965014,0.37288129329681396,0.7177805304527283,0
SEUMLD,OADNet_audio,1,7,3.0,0.6,True,0.2,0.06666666666666667,0.40453511476516724,0.7557748407125473,0.3,0.3,0.09999999999999999,0.40233236151603496,0.09016393442622951,0.29411764705882354,0.4868804664723032,0.36379313468933105,0.7110415995121002,0
SEUMLD,OADNet_audio,1,7,3.0,0.7,True,0.2,0.06666666666666667,0.40453511476516724,0.7557748407125473,0.05,0.05,0.016666666666666666,0.8892128279883382,0.00819672131147541,0.04524886877828054,0.48250728862973763,0.4323277473449707,0.7777966558933258,0
SEUMLD,OADNet_audio,1,7,3.0,0.7,True,0.2,0.06666666666666667,0.40453511476516724,0.7557748407125473,0.075,0.075,0.024999999999999998,0.8192419825072886,0.01639344262295082,0.06787330316742081,0.4708454810495627,0.4232056140899658,0.7525264024734497,0
SEUMLD,OADNet_audio,1,7,3.0,0.7,True,0.2,0.06666666666666667,0.40453511476516724,0.7557748407125473,0.1,0.1,0.03333333333333333,0.7755102040816326,0.02459016393442623,0.09502262443438914,0.4752186588921283,0.41182035207748413,0.7488711774349213,0
SEUMLD,OADNet_audio,1,7,3.0,0.7,True,0.2,0.06666666666666667,0.40453511476516724,0.7557748407125473,0.15,0.15,0.049999999999999996,0.685131195335277,0.040983606557377046,0.14479638009049775,0.47959183673469385,0.39911574125289917,0.7354628443717957,0
SEUMLD,OADNet_audio,1,7,3.0,0.7,True,0.2,0.06666666666666667,0.40453511476516724,0.7557748407125473,0.2,0.2,0.06666666666666667,0.5714285714285714,0.05737704918032787,0.19457013574660634,0.47230320699708456,0.38521817326545715,0.7203335464000702,1
SEUMLD,OADNet_audio,1,7,3.0,0.7,True,0.2,0.06666666666666667,0.40453511476516724,0.7557748407125473,0.25,0.25,0.08333333333333333,0.48104956268221577,0.07377049180327869,0.24434389140271492,0.47667638483965014,0.37288129329681396,0.7177805304527283,0
SEUMLD,OADNet_audio,1,7,3.0,0.7,True,0.2,0.06666666666666667,0.40453511476516724,0.7557748407125473,0.3,0.3,0.09999999999999999,0.40233236151603496,0.09016393442622951,0.29411764705882354,0.4868804664723032,0.36379313468933105,0.7110415995121002,0
SEUMLD,OADNet_audio,1,7,3.0,0.8,True,0.2,0.06666666666666667,0.40453511476516724,0.7557748407125473,0.05,0.05,0.016666666666666666,0.8892128279883382,0.00819672131147541,0.04524886877828054,0.48250728862973763,0.4323277473449707,0.7777966558933258,0
SEUMLD,OADNet_audio,1,7,3.0,0.8,True,0.2,0.06666666666666667,0.40453511476516724,0.7557748407125473,0.075,0.075,0.024999999999999998,0.8192419825072886,0.01639344262295082,0.06787330316742081,0.4708454810495627,0.4232056140899658,0.7525264024734497,0
SEUMLD,OADNet_audio,1,7,3.0,0.8,True,0.2,0.06666666666666667,0.40453511476516724,0.7557748407125473,0.1,0.1,0.03333333333333333,0.7755102040816326,0.02459016393442623,0.09502262443438914,0.4752186588921283,0.41182035207748413,0.7488711774349213,0
SEUMLD,OADNet_audio,1,7,3.0,0.8,True,0.2,0.06666666666666667,0.40453511476516724,0.7557748407125473,0.15,0.15,0.049999999999999996,0.685131195335277,0.040983606557377046,0.14479638009049775,0.47959183673469385,0.39911574125289917,0.7354628443717957,0
SEUMLD,OADNet_audio,1,7,3.0,0.8,True,0.2,0.06666666666666667,0.40453511476516724,0.7557748407125473,0.2,0.2,0.06666666666666667,0.5714285714285714,0.05737704918032787,0.19457013574660634,0.47230320699708456,0.38521817326545715,0.7203335464000702,1
SEUMLD,OADNet_audio,1,7,3.0,0.8,True,0.2,0.06666666666666667,0.40453511476516724,0.7557748407125473,0.25,0.25,0.08333333333333333,0.48104956268221577,0.07377049180327869,0.24434389140271492,0.47667638483965014,0.37288129329681396,0.7177805304527283,0
SEUMLD,OADNet_audio,1,7,3.0,0.8,True,0.2,0.06666666666666667,0.40453511476516724,0.7557748407125473,0.3,0.3,0.09999999999999999,0.40233236151603496,0.09016393442622951,0.29411764705882354,0.4868804664723032,0.36379313468933105,0.7110415995121002,0
SEUMLD,OADNet_audio,1,42,3.0,0.5,True,0.25,0.08333333333333333,0.3919397294521332,0.779973179101944,0.05,0.05,0.016666666666666666,0.8775510204081632,0.00819672131147541,0.04524886877828054,0.47667638483965014,0.4588407576084137,0.795807495713234,0
SEUMLD,OADNet_audio,1,42,3.0,0.5,True,0.25,0.08333333333333333,0.3919397294521332,0.779973179101944,0.075,0.075,0.024999999999999998,0.8250728862973761,0.01639344262295082,0.06787330316742081,0.4737609329446064,0.4400445520877838,0.7797266244888306,0
SEUMLD,OADNet_audio,1,42,3.0,0.5,True,0.25,0.08333333333333333,0.3919397294521332,0.779973179101944,0.1,0.1,0.03333333333333333,0.7696793002915452,0.02459016393442623,0.09502262443438914,0.47230320699708456,0.4243979752063751,0.771301805973053,0
SEUMLD,OADNet_audio,1,42,3.0,0.5,True,0.25,0.08333333333333333,0.3919397294521332,0.779973179101944,0.15,0.15,0.049999999999999996,0.6822157434402333,0.040983606557377046,0.14479638009049775,0.478134110787172,0.4057464897632599,0.7570185512304306,0
SEUMLD,OADNet_audio,1,42,3.0,0.5,True,0.25,0.08333333333333333,0.3919397294521332,0.779973179101944,0.2,0.2,0.06666666666666667,0.5918367346938775,0.05737704918032787,0.19457013574660634,0.48250728862973763,0.3879469335079193,0.7460518777370453,0
SEUMLD,OADNet_audio,1,42,3.0,0.5,True,0.25,0.08333333333333333,0.3919397294521332,0.779973179101944,0.25,0.25,0.08333333333333333,0.4897959183673469,0.07377049180327869,0.24434389140271492,0.48104956268221577,0.37275955080986023,0.7306291460990906,1
SEUMLD,OADNet_audio,1,42,3.0,0.5,True,0.25,0.08333333333333333,0.3919397294521332,0.779973179101944,0.3,0.3,0.09999999999999999,0.42857142857142855,0.09016393442622951,0.29411764705882354,0.5,0.3652860224246979,0.7284188568592072,0
SEUMLD,OADNet_audio,1,42,3.0,0.6,True,0.25,0.08333333333333333,0.3919397294521332,0.779973179101944,0.05,0.05,0.016666666666666666,0.8775510204081632,0.00819672131147541,0.04524886877828054,0.47667638483965014,0.4588407576084137,0.795807495713234,0
SEUMLD,OADNet_audio,1,42,3.0,0.6,True,0.25,0.08333333333333333,0.3919397294521332,0.779973179101944,0.075,0.075,0.024999999999999998,0.8250728862973761,0.01639344262295082,0.06787330316742081,0.4737609329446064,0.4400445520877838,0.7797266244888306,0
SEUMLD,OADNet_audio,1,42,3.0,0.6,True,0.25,0.08333333333333333,0.3919397294521332,0.779973179101944,0.1,0.1,0.03333333333333333,0.7696793002915452,0.02459016393442623,0.09502262443438914,0.47230320699708456,0.4243979752063751,0.771301805973053,0
SEUMLD,OADNet_audio,1,42,3.0,0.6,True,0.25,0.08333333333333333,0.3919397294521332,0.779973179101944,0.15,0.15,0.049999999999999996,0.6822157434402333,0.040983606557377046,0.14479638009049775,0.478134110787172,0.4057464897632599,0.7570185512304306,0
SEUMLD,OADNet_audio,1,42,3.0,0.6,True,0.25,0.08333333333333333,0.3919397294521332,0.779973179101944,0.2,0.2,0.06666666666666667,0.5918367346938775,0.05737704918032787,0.19457013574660634,0.48250728862973763,0.3879469335079193,0.7460518777370453,0
SEUMLD,OADNet_audio,1,42,3.0,0.6,True,0.25,0.08333333333333333,0.3919397294521332,0.779973179101944,0.25,0.25,0.08333333333333333,0.4897959183673469,0.07377049180327869,0.24434389140271492,0.48104956268221577,0.37275955080986023,0.7306291460990906,1
SEUMLD,OADNet_audio,1,42,3.0,0.6,True,0.25,0.08333333333333333,0.3919397294521332,0.779973179101944,0.3,0.3,0.09999999999999999,0.42857142857142855,0.09016393442622951,0.29411764705882354,0.5,0.3652860224246979,0.7284188568592072,0
SEUMLD,OADNet_audio,1,42,3.0,0.7,True,0.15,0.049999999999999996,0.4210336208343506,0.7966463267803192,0.05,0.05,0.016666666666666666,0.8775510204081632,0.00819672131147541,0.04524886877828054,0.47667638483965014,0.4588407576084137,0.795807495713234,0
SEUMLD,OADNet_audio,1,42,3.0,0.7,True,0.15,0.049999999999999996,0.4210336208343506,0.7966463267803192,0.075,0.075,0.024999999999999998,0.8250728862973761,0.01639344262295082,0.06787330316742081,0.4737609329446064,0.4400445520877838,0.7797266244888306,0
SEUMLD,OADNet_audio,1,42,3.0,0.7,True,0.15,0.049999999999999996,0.4210336208343506,0.7966463267803192,0.1,0.1,0.03333333333333333,0.7696793002915452,0.02459016393442623,0.09502262443438914,0.47230320699708456,0.4243979752063751,0.771301805973053,0
SEUMLD,OADNet_audio,1,42,3.0,0.7,True,0.15,0.049999999999999996,0.4210336208343506,0.7966463267803192,0.15,0.15,0.049999999999999996,0.6822157434402333,0.040983606557377046,0.14479638009049775,0.478134110787172,0.4057464897632599,0.7570185512304306,1
SEUMLD,OADNet_audio,1,42,3.0,0.7,True,0.15,0.049999999999999996,0.4210336208343506,0.7966463267803192,0.2,0.2,0.06666666666666667,0.5918367346938775,0.05737704918032787,0.19457013574660634,0.48250728862973763,0.3879469335079193,0.7460518777370453,0
SEUMLD,OADNet_audio,1,42,3.0,0.7,True,0.15,0.049999999999999996,0.4210336208343506,0.7966463267803192,0.25,0.25,0.08333333333333333,0.4897959183673469,0.07377049180327869,0.24434389140271492,0.48104956268221577,0.37275955080986023,0.7306291460990906,0
SEUMLD,OADNet_audio,1,42,3.0,0.7,True,0.15,0.049999999999999996,0.4210336208343506,0.7966463267803192,0.3,0.3,0.09999999999999999,0.42857142857142855,0.09016393442622951,0.29411764705882354,0.5,0.3652860224246979,0.7284188568592072,0
SEUMLD,OADNet_audio,1,42,3.0,0.8,True,0.1,0.03333333333333333,0.47607100009918213,0.8210440874099731,0.05,0.05,0.016666666666666666,0.8775510204081632,0.00819672131147541,0.04524886877828054,0.47667638483965014,0.4588407576084137,0.795807495713234,0
SEUMLD,OADNet_audio,1,42,3.0,0.8,True,0.1,0.03333333333333333,0.47607100009918213,0.8210440874099731,0.075,0.075,0.024999999999999998,0.8250728862973761,0.01639344262295082,0.06787330316742081,0.4737609329446064,0.4400445520877838,0.7797266244888306,0
SEUMLD,OADNet_audio,1,42,3.0,0.8,True,0.1,0.03333333333333333,0.47607100009918213,0.8210440874099731,0.1,0.1,0.03333333333333333,0.7696793002915452,0.02459016393442623,0.09502262443438914,0.47230320699708456,0.4243979752063751,0.771301805973053,1
SEUMLD,OADNet_audio,1,42,3.0,0.8,True,0.1,0.03333333333333333,0.47607100009918213,0.8210440874099731,0.15,0.15,0.049999999999999996,0.6822157434402333,0.040983606557377046,0.14479638009049775,0.478134110787172,0.4057464897632599,0.7570185512304306,0
SEUMLD,OADNet_audio,1,42,3.0,0.8,True,0.1,0.03333333333333333,0.47607100009918213,0.8210440874099731,0.2,0.2,0.06666666666666667,0.5918367346938775,0.05737704918032787,0.19457013574660634,0.48250728862973763,0.3879469335079193,0.7460518777370453,0
SEUMLD,OADNet_audio,1,42,3.0,0.8,True,0.1,0.03333333333333333,0.47607100009918213,0.8210440874099731,0.25,0.25,0.08333333333333333,0.4897959183673469,0.07377049180327869,0.24434389140271492,0.48104956268221577,0.37275955080986023,0.7306291460990906,0
SEUMLD,OADNet_audio,1,42,3.0,0.8,True,0.1,0.03333333333333333,0.47607100009918213,0.8210440874099731,0.3,0.3,0.09999999999999999,0.42857142857142855,0.09016393442622951,0.29411764705882354,0.5,0.3652860224246979,0.7284188568592072,0
SEUMLD,OADNet_audio,1,123,3.0,0.5,True,0.25,0.08333333333333333,0.4318431615829468,0.738746702671051,0.05,0.05,0.016666666666666666,0.8688046647230321,0.00819672131147541,0.04524886877828054,0.47230320699708456,0.47882986068725586,0.7486010193824768,0
SEUMLD,OADNet_audio,1,123,3.0,0.5,True,0.25,0.08333333333333333,0.4318431615829468,0.738746702671051,0.075,0.075,0.024999999999999998,0.8192419825072886,0.01639344262295082,0.06787330316742081,0.4708454810495627,0.4699852764606476,0.7326031029224396,0
SEUMLD,OADNet_audio,1,123,3.0,0.5,True,0.25,0.08333333333333333,0.4318431615829468,0.738746702671051,0.1,0.1,0.03333333333333333,0.7725947521865889,0.02459016393442623,0.09502262443438914,0.4737609329446064,0.45925089716911316,0.7161485552787781,0
SEUMLD,OADNet_audio,1,123,3.0,0.5,True,0.25,0.08333333333333333,0.4318431615829468,0.738746702671051,0.15,0.15,0.049999999999999996,0.6705539358600583,0.040983606557377046,0.14479638009049775,0.47230320699708456,0.44472968578338623,0.6966142952442169,0
SEUMLD,OADNet_audio,1,123,3.0,0.5,True,0.25,0.08333333333333333,0.4318431615829468,0.738746702671051,0.2,0.2,0.06666666666666667,0.577259475218659,0.05737704918032787,0.19457013574660634,0.4752186588921283,0.42672377824783325,0.694424569606781,0
SEUMLD,OADNet_audio,1,123,3.0,0.5,True,0.25,0.08333333333333333,0.4318431615829468,0.738746702671051,0.25,0.25,0.08333333333333333,0.47230320699708456,0.07377049180327869,0.24434389140271492,0.47230320699708456,0.41376975178718567,0.6830340921878815,1
SEUMLD,OADNet_audio,1,123,3.0,0.5,True,0.25,0.08333333333333333,0.4318431615829468,0.738746702671051,0.3,0.3,0.09999999999999999,0.40233236151603496,0.09016393442622951,0.29411764705882354,0.4868804664723032,0.40591961145401,0.6776622235774994,0
SEUMLD,OADNet_audio,1,123,3.0,0.6,True,0.25,0.08333333333333333,0.4318431615829468,0.738746702671051,0.05,0.05,0.016666666666666666,0.8688046647230321,0.00819672131147541,0.04524886877828054,0.47230320699708456,0.47882986068725586,0.7486010193824768,0
SEUMLD,OADNet_audio,1,123,3.0,0.6,True,0.25,0.08333333333333333,0.4318431615829468,0.738746702671051,0.075,0.075,0.024999999999999998,0.8192419825072886,0.01639344262295082,0.06787330316742081,0.4708454810495627,0.4699852764606476,0.7326031029224396,0
SEUMLD,OADNet_audio,1,123,3.0,0.6,True,0.25,0.08333333333333333,0.4318431615829468,0.738746702671051,0.1,0.1,0.03333333333333333,0.7725947521865889,0.02459016393442623,0.09502262443438914,0.4737609329446064,0.45925089716911316,0.7161485552787781,0
SEUMLD,OADNet_audio,1,123,3.0,0.6,True,0.25,0.08333333333333333,0.4318431615829468,0.738746702671051,0.15,0.15,0.049999999999999996,0.6705539358600583,0.040983606557377046,0.14479638009049775,0.47230320699708456,0.44472968578338623,0.6966142952442169,0
SEUMLD,OADNet_audio,1,123,3.0,0.6,True,0.25,0.08333333333333333,0.4318431615829468,0.738746702671051,0.2,0.2,0.06666666666666667,0.577259475218659,0.05737704918032787,0.19457013574660634,0.4752186588921283,0.42672377824783325,0.694424569606781,0
SEUMLD,OADNet_audio,1,123,3.0,0.6,True,0.25,0.08333333333333333,0.4318431615829468,0.738746702671051,0.25,0.25,0.08333333333333333,0.47230320699708456,0.07377049180327869,0.24434389140271492,0.47230320699708456,0.41376975178718567,0.6830340921878815,1
SEUMLD,OADNet_audio,1,123,3.0,0.6,True,0.25,0.08333333333333333,0.4318431615829468,0.738746702671051,0.3,0.3,0.09999999999999999,0.40233236151603496,0.09016393442622951,0.29411764705882354,0.4868804664723032,0.40591961145401,0.6776622235774994,0
SEUMLD,OADNet_audio,1,123,3.0,0.7,True,0.25,0.08333333333333333,0.4318431615829468,0.738746702671051,0.05,0.05,0.016666666666666666,0.8688046647230321,0.00819672131147541,0.04524886877828054,0.47230320699708456,0.47882986068725586,0.7486010193824768,0
SEUMLD,OADNet_audio,1,123,3.0,0.7,True,0.25,0.08333333333333333,0.4318431615829468,0.738746702671051,0.075,0.075,0.024999999999999998,0.8192419825072886,0.01639344262295082,0.06787330316742081,0.4708454810495627,0.4699852764606476,0.7326031029224396,0
SEUMLD,OADNet_audio,1,123,3.0,0.7,True,0.25,0.08333333333333333,0.4318431615829468,0.738746702671051,0.1,0.1,0.03333333333333333,0.7725947521865889,0.02459016393442623,0.09502262443438914,0.4737609329446064,0.45925089716911316,0.7161485552787781,0
SEUMLD,OADNet_audio,1,123,3.0,0.7,True,0.25,0.08333333333333333,0.4318431615829468,0.738746702671051,0.15,0.15,0.049999999999999996,0.6705539358600583,0.040983606557377046,0.14479638009049775,0.47230320699708456,0.44472968578338623,0.6966142952442169,0
SEUMLD,OADNet_audio,1,123,3.0,0.7,True,0.25,0.08333333333333333,0.4318431615829468,0.738746702671051,0.2,0.2,0.06666666666666667,0.577259475218659,0.05737704918032787,0.19457013574660634,0.4752186588921283,0.42672377824783325,0.694424569606781,0
SEUMLD,OADNet_audio,1,123,3.0,0.7,True,0.25,0.08333333333333333,0.4318431615829468,0.738746702671051,0.25,0.25,0.08333333333333333,0.47230320699708456,0.07377049180327869,0.24434389140271492,0.47230320699708456,0.41376975178718567,0.6830340921878815,1
SEUMLD,OADNet_audio,1,123,3.0,0.7,True,0.25,0.08333333333333333,0.4318431615829468,0.738746702671051,0.3,0.3,0.09999999999999999,0.40233236151603496,0.09016393442622951,0.29411764705882354,0.4868804664723032,0.40591961145401,0.6776622235774994,0
SEUMLD,OADNet_audio,1,123,3.0,0.8,True,0.25,0.08333333333333333,0.4318431615829468,0.738746702671051,0.05,0.05,0.016666666666666666,0.8688046647230321,0.00819672131147541,0.04524886877828054,0.47230320699708456,0.47882986068725586,0.7486010193824768,0
SEUMLD,OADNet_audio,1,123,3.0,0.8,True,0.25,0.08333333333333333,0.4318431615829468,0.738746702671051,0.075,0.075,0.024999999999999998,0.8192419825072886,0.01639344262295082,0.06787330316742081,0.4708454810495627,0.4699852764606476,0.7326031029224396,0
SEUMLD,OADNet_audio,1,123,3.0,0.8,True,0.25,0.08333333333333333,0.4318431615829468,0.738746702671051,0.1,0.1,0.03333333333333333,0.7725947521865889,0.02459016393442623,0.09502262443438914,0.4737609329446064,0.45925089716911316,0.7161485552787781,0
SEUMLD,OADNet_audio,1,123,3.0,0.8,True,0.25,0.08333333333333333,0.4318431615829468,0.738746702671051,0.15,0.15,0.049999999999999996,0.6705539358600583,0.040983606557377046,0.14479638009049775,0.47230320699708456,0.44472968578338623,0.6966142952442169,0
SEUMLD,OADNet_audio,1,123,3.0,0.8,True,0.25,0.08333333333333333,0.4318431615829468,0.738746702671051,0.2,0.2,0.06666666666666667,0.577259475218659,0.05737704918032787,0.19457013574660634,0.4752186588921283,0.42672377824783325,0.694424569606781,0
SEUMLD,OADNet_audio,1,123,3.0,0.8,True,0.25,0.08333333333333333,0.4318431615829468,0.738746702671051,0.25,0.25,0.08333333333333333,0.47230320699708456,0.07377049180327869,0.24434389140271492,0.47230320699708456,0.41376975178718567,0.6830340921878815,1
SEUMLD,OADNet_audio,1,123,3.0,0.8,True,0.25,0.08333333333333333,0.4318431615829468,0.738746702671051,0.3,0.3,0.09999999999999999,0.40233236151603496,0.09016393442622951,0.29411764705882354,0.4868804664723032,0.40591961145401,0.6776622235774994,0
SEUMLD,OADNet_audio,1,2024,3.0,0.5,True,0.3,0.09999999999999999,0.3850991725921631,0.749788373708725,0.05,0.05,0.016666666666666666,0.8600583090379009,0.00819672131147541,0.04524886877828054,0.4679300291545189,0.4374453127384186,0.7797266244888306,0
SEUMLD,OADNet_audio,1,2024,3.0,0.5,True,0.3,0.09999999999999999,0.3850991725921631,0.749788373708725,0.075,0.075,0.024999999999999998,0.8075801749271136,0.01639344262295082,0.06787330316742081,0.4650145772594752,0.42947515845298767,0.7618200182914734,0
SEUMLD,OADNet_audio,1,2024,3.0,0.5,True,0.3,0.09999999999999999,0.3850991725921631,0.749788373708725,0.1,0.1,0.03333333333333333,0.7376093294460642,0.02459016393442623,0.09502262443438914,0.45626822157434405,0.413612961769104,0.7402958869934082,0
SEUMLD,OADNet_audio,1,2024,3.0,0.5,True,0.3,0.09999999999999999,0.3850991725921631,0.749788373708725,0.15,0.15,0.049999999999999996,0.641399416909621,0.040983606557377046,0.14479638009049775,0.4577259475218659,0.3936695158481598,0.7335023880004883,0
SEUMLD,OADNet_audio,1,2024,3.0,0.5,True,0.3,0.09999999999999999,0.3850991725921631,0.749788373708725,0.2,0.2,0.06666666666666667,0.5539358600583091,0.05737704918032787,0.19457013574660634,0.46355685131195334,0.3848611116409302,0.7273379266262054,0
SEUMLD,OADNet_audio,1,2024,3.0,0.5,True,0.3,0.09999999999999999,0.3850991725921631,0.749788373708725,0.25,0.25,0.08333333333333333,0.478134110787172,0.07377049180327869,0.24434389140271492,0.4752186588921283,0.3721930682659149,0.7217778265476227,0
SEUMLD,OADNet_audio,1,2024,3.0,0.5,True,0.3,0.09999999999999999,0.3850991725921631,0.749788373708725,0.3,0.3,0.09999999999999999,0.37026239067055394,0.09016393442622951,0.29411764705882354,0.4708454810495627,0.3604757785797119,0.7148622572422028,1
SEUMLD,OADNet_audio,1,2024,3.0,0.6,True,0.2,0.06666666666666667,0.40075281262397766,0.7680175304412842,0.05,0.05,0.016666666666666666,0.8600583090379009,0.00819672131147541,0.04524886877828054,0.4679300291545189,0.4374453127384186,0.7797266244888306,0
SEUMLD,OADNet_audio,1,2024,3.0,0.6,True,0.2,0.06666666666666667,0.40075281262397766,0.7680175304412842,0.075,0.075,0.024999999999999998,0.8075801749271136,0.01639344262295082,0.06787330316742081,0.4650145772594752,0.42947515845298767,0.7618200182914734,0
SEUMLD,OADNet_audio,1,2024,3.0,0.6,True,0.2,0.06666666666666667,0.40075281262397766,0.7680175304412842,0.1,0.1,0.03333333333333333,0.7376093294460642,0.02459016393442623,0.09502262443438914,0.45626822157434405,0.413612961769104,0.7402958869934082,0
SEUMLD,OADNet_audio,1,2024,3.0,0.6,True,0.2,0.06666666666666667,0.40075281262397766,0.7680175304412842,0.15,0.15,0.049999999999999996,0.641399416909621,0.040983606557377046,0.14479638009049775,0.4577259475218659,0.3936695158481598,0.7335023880004883,0
SEUMLD,OADNet_audio,1,2024,3.0,0.6,True,0.2,0.06666666666666667,0.40075281262397766,0.7680175304412842,0.2,0.2,0.06666666666666667,0.5539358600583091,0.05737704918032787,0.19457013574660634,0.46355685131195334,0.3848611116409302,0.7273379266262054,1
SEUMLD,OADNet_audio,1,2024,3.0,0.6,True,0.2,0.06666666666666667,0.40075281262397766,0.7680175304412842,0.25,0.25,0.08333333333333333,0.478134110787172,0.07377049180327869,0.24434389140271492,0.4752186588921283,0.3721930682659149,0.7217778265476227,0
SEUMLD,OADNet_audio,1,2024,3.0,0.6,True,0.2,0.06666666666666667,0.40075281262397766,0.7680175304412842,0.3,0.3,0.09999999999999999,0.37026239067055394,0.09016393442622951,0.29411764705882354,0.4708454810495627,0.3604757785797119,0.7148622572422028,0
SEUMLD,OADNet_audio,1,2024,3.0,0.7,True,0.15,0.049999999999999996,0.42203161120414734,0.7810065597295761,0.05,0.05,0.016666666666666666,0.8600583090379009,0.00819672131147541,0.04524886877828054,0.4679300291545189,0.4374453127384186,0.7797266244888306,0
SEUMLD,OADNet_audio,1,2024,3.0,0.7,True,0.15,0.049999999999999996,0.42203161120414734,0.7810065597295761,0.075,0.075,0.024999999999999998,0.8075801749271136,0.01639344262295082,0.06787330316742081,0.4650145772594752,0.42947515845298767,0.7618200182914734,0
SEUMLD,OADNet_audio,1,2024,3.0,0.7,True,0.15,0.049999999999999996,0.42203161120414734,0.7810065597295761,0.1,0.1,0.03333333333333333,0.7376093294460642,0.02459016393442623,0.09502262443438914,0.45626822157434405,0.413612961769104,0.7402958869934082,0
SEUMLD,OADNet_audio,1,2024,3.0,0.7,True,0.15,0.049999999999999996,0.42203161120414734,0.7810065597295761,0.15,0.15,0.049999999999999996,0.641399416909621,0.040983606557377046,0.14479638009049775,0.4577259475218659,0.3936695158481598,0.7335023880004883,1
SEUMLD,OADNet_audio,1,2024,3.0,0.7,True,0.15,0.049999999999999996,0.42203161120414734,0.7810065597295761,0.2,0.2,0.06666666666666667,0.5539358600583091,0.05737704918032787,0.19457013574660634,0.46355685131195334,0.3848611116409302,0.7273379266262054,0
SEUMLD,OADNet_audio,1,2024,3.0,0.7,True,0.15,0.049999999999999996,0.42203161120414734,0.7810065597295761,0.25,0.25,0.08333333333333333,0.478134110787172,0.07377049180327869,0.24434389140271492,0.4752186588921283,0.3721930682659149,0.7217778265476227,0
SEUMLD,OADNet_audio,1,2024,3.0,0.7,True,0.15,0.049999999999999996,0.42203161120414734,0.7810065597295761,0.3,0.3,0.09999999999999999,0.37026239067055394,0.09016393442622951,0.29411764705882354,0.4708454810495627,0.3604757785797119,0.7148622572422028,0
SEUMLD,OADNet_audio,1,2024,3.0,0.8,True,0.1,0.03333333333333333,0.43779879808425903,0.79487244784832,0.05,0.05,0.016666666666666666,0.8600583090379009,0.00819672131147541,0.04524886877828054,0.4679300291545189,0.4374453127384186,0.7797266244888306,0
SEUMLD,OADNet_audio,1,2024,3.0,0.8,True,0.1,0.03333333333333333,0.43779879808425903,0.79487244784832,0.075,0.075,0.024999999999999998,0.8075801749271136,0.01639344262295082,0.06787330316742081,0.4650145772594752,0.42947515845298767,0.7618200182914734,0
SEUMLD,OADNet_audio,1,2024,3.0,0.8,True,0.1,0.03333333333333333,0.43779879808425903,0.79487244784832,0.1,0.1,0.03333333333333333,0.7376093294460642,0.02459016393442623,0.09502262443438914,0.45626822157434405,0.413612961769104,0.7402958869934082,1
SEUMLD,OADNet_audio,1,2024,3.0,0.8,True,0.1,0.03333333333333333,0.43779879808425903,0.79487244784832,0.15,0.15,0.049999999999999996,0.641399416909621,0.040983606557377046,0.14479638009049775,0.4577259475218659,0.3936695158481598,0.7335023880004883,0
SEUMLD,OADNet_audio,1,2024,3.0,0.8,True,0.1,0.03333333333333333,0.43779879808425903,0.79487244784832,0.2,0.2,0.06666666666666667,0.5539358600583091,0.05737704918032787,0.19457013574660634,0.46355685131195334,0.3848611116409302,0.7273379266262054,0
SEUMLD,OADNet_audio,1,2024,3.0,0.8,True,0.1,0.03333333333333333,0.43779879808425903,0.79487244784832,0.25,0.25,0.08333333333333333,0.478134110787172,0.07377049180327869,0.24434389140271492,0.4752186588921283,0.3721930682659149,0.7217778265476227,0
SEUMLD,OADNet_audio,1,2024,3.0,0.8,True,0.1,0.03333333333333333,0.43779879808425903,0.79487244784832,0.3,0.3,0.09999999999999999,0.37026239067055394,0.09016393442622951,0.29411764705882354,0.4708454810495627,0.3604757785797119,0.7148622572422028,0
SEUMLD,OADNet_audio,1,2026,3.0,0.5,True,0.25,0.08333333333333333,0.4103948473930359,0.7773495763540268,0.05,0.05,0.016666666666666666,0.8571428571428571,0.00819672131147541,0.04524886877828054,0.46647230320699706,0.4583415985107422,0.7879023849964142,0
SEUMLD,OADNet_audio,1,2026,3.0,0.5,True,0.25,0.08333333333333333,0.4103948473930359,0.7773495763540268,0.075,0.075,0.024999999999999998,0.7959183673469388,0.01639344262295082,0.06787330316742081,0.45918367346938777,0.4355025291442871,0.769141435623169,0
SEUMLD,OADNet_audio,1,2026,3.0,0.5,True,0.25,0.08333333333333333,0.4103948473930359,0.7773495763540268,0.1,0.1,0.03333333333333333,0.7521865889212828,0.02459016393442623,0.09502262443438914,0.46355685131195334,0.4291936457157135,0.7578892260789871,0
SEUMLD,OADNet_audio,1,2026,3.0,0.5,True,0.25,0.08333333333333333,0.4103948473930359,0.7773495763540268,0.15,0.15,0.049999999999999996,0.641399416909621,0.040983606557377046,0.14479638009049775,0.4577259475218659,0.41301229596138,0.7410130798816681,0
SEUMLD,OADNet_audio,1,2026,3.0,0.5,True,0.25,0.08333333333333333,0.4103948473930359,0.7773495763540268,0.2,0.2,0.06666666666666667,0.5714285714285714,0.05737704918032787,0.19457013574660634,0.47230320699708456,0.3970166742801666,0.7365789413452148,0
SEUMLD,OADNet_audio,1,2026,3.0,0.5,True,0.25,0.08333333333333333,0.4103948473930359,0.7773495763540268,0.25,0.25,0.08333333333333333,0.45481049562682213,0.07377049180327869,0.24434389140271492,0.46355685131195334,0.3859497010707855,0.7194648087024689,1
SEUMLD,OADNet_audio,1,2026,3.0,0.5,True,0.25,0.08333333333333333,0.4103948473930359,0.7773495763540268,0.3,0.3,0.09999999999999999,0.37317784256559766,0.09016393442622951,0.29411764705882354,0.47230320699708456,0.3698470890522003,0.716673731803894,0
SEUMLD,OADNet_audio,1,2026,3.0,0.6,True,0.25,0.08333333333333333,0.4103948473930359,0.7773495763540268,0.05,0.05,0.016666666666666666,0.8571428571428571,0.00819672131147541,0.04524886877828054,0.46647230320699706,0.4583415985107422,0.7879023849964142,0
SEUMLD,OADNet_audio,1,2026,3.0,0.6,True,0.25,0.08333333333333333,0.4103948473930359,0.7773495763540268,0.075,0.075,0.024999999999999998,0.7959183673469388,0.01639344262295082,0.06787330316742081,0.45918367346938777,0.4355025291442871,0.769141435623169,0
SEUMLD,OADNet_audio,1,2026,3.0,0.6,True,0.25,0.08333333333333333,0.4103948473930359,0.7773495763540268,0.1,0.1,0.03333333333333333,0.7521865889212828,0.02459016393442623,0.09502262443438914,0.46355685131195334,0.4291936457157135,0.7578892260789871,0
SEUMLD,OADNet_audio,1,2026,3.0,0.6,True,0.25,0.08333333333333333,0.4103948473930359,0.7773495763540268,0.15,0.15,0.049999999999999996,0.641399416909621,0.040983606557377046,0.14479638009049775,0.4577259475218659,0.41301229596138,0.7410130798816681,0
SEUMLD,OADNet_audio,1,2026,3.0,0.6,True,0.25,0.08333333333333333,0.4103948473930359,0.7773495763540268,0.2,0.2,0.06666666666666667,0.5714285714285714,0.05737704918032787,0.19457013574660634,0.47230320699708456,0.3970166742801666,0.7365789413452148,0
SEUMLD,OADNet_audio,1,2026,3.0,0.6,True,0.25,0.08333333333333333,0.4103948473930359,0.7773495763540268,0.25,0.25,0.08333333333333333,0.45481049562682213,0.07377049180327869,0.24434389140271492,0.46355685131195334,0.3859497010707855,0.7194648087024689,1
SEUMLD,OADNet_audio,1,2026,3.0,0.6,True,0.25,0.08333333333333333,0.4103948473930359,0.7773495763540268,0.3,0.3,0.09999999999999999,0.37317784256559766,0.09016393442622951,0.29411764705882354,0.47230320699708456,0.3698470890522003,0.716673731803894,0
SEUMLD,OADNet_audio,1,2026,3.0,0.7,True,0.15,0.049999999999999996,0.446867436170578,0.796227216720581,0.05,0.05,0.016666666666666666,0.8571428571428571,0.00819672131147541,0.04524886877828054,0.46647230320699706,0.4583415985107422,0.7879023849964142,0
SEUMLD,OADNet_audio,1,2026,3.0,0.7,True,0.15,0.049999999999999996,0.446867436170578,0.796227216720581,0.075,0.075,0.024999999999999998,0.7959183673469388,0.01639344262295082,0.06787330316742081,0.45918367346938777,0.4355025291442871,0.769141435623169,0
SEUMLD,OADNet_audio,1,2026,3.0,0.7,True,0.15,0.049999999999999996,0.446867436170578,0.796227216720581,0.1,0.1,0.03333333333333333,0.7521865889212828,0.02459016393442623,0.09502262443438914,0.46355685131195334,0.4291936457157135,0.7578892260789871,0
SEUMLD,OADNet_audio,1,2026,3.0,0.7,True,0.15,0.049999999999999996,0.446867436170578,0.796227216720581,0.15,0.15,0.049999999999999996,0.641399416909621,0.040983606557377046,0.14479638009049775,0.4577259475218659,0.41301229596138,0.7410130798816681,1
SEUMLD,OADNet_audio,1,2026,3.0,0.7,True,0.15,0.049999999999999996,0.446867436170578,0.796227216720581,0.2,0.2,0.06666666666666667,0.5714285714285714,0.05737704918032787,0.19457013574660634,0.47230320699708456,0.3970166742801666,0.7365789413452148,0
SEUMLD,OADNet_audio,1,2026,3.0,0.7,True,0.15,0.049999999999999996,0.446867436170578,0.796227216720581,0.25,0.25,0.08333333333333333,0.45481049562682213,0.07377049180327869,0.24434389140271492,0.46355685131195334,0.3859497010707855,0.7194648087024689,0
SEUMLD,OADNet_audio,1,2026,3.0,0.7,True,0.15,0.049999999999999996,0.446867436170578,0.796227216720581,0.3,0.3,0.09999999999999999,0.37317784256559766,0.09016393442622951,0.29411764705882354,0.47230320699708456,0.3698470890522003,0.716673731803894,0
SEUMLD,OADNet_audio,1,2026,3.0,0.8,True,0.15,0.049999999999999996,0.446867436170578,0.796227216720581,0.05,0.05,0.016666666666666666,0.8571428571428571,0.00819672131147541,0.04524886877828054,0.46647230320699706,0.4583415985107422,0.7879023849964142,0
SEUMLD,OADNet_audio,1,2026,3.0,0.8,True,0.15,0.049999999999999996,0.446867436170578,0.796227216720581,0.075,0.075,0.024999999999999998,0.7959183673469388,0.01639344262295082,0.06787330316742081,0.45918367346938777,0.4355025291442871,0.769141435623169,0
SEUMLD,OADNet_audio,1,2026,3.0,0.8,True,0.15,0.049999999999999996,0.446867436170578,0.796227216720581,0.1,0.1,0.03333333333333333,0.7521865889212828,0.02459016393442623,0.09502262443438914,0.46355685131195334,0.4291936457157135,0.7578892260789871,0
SEUMLD,OADNet_audio,1,2026,3.0,0.8,True,0.15,0.049999999999999996,0.446867436170578,0.796227216720581,0.15,0.15,0.049999999999999996,0.641399416909621,0.040983606557377046,0.14479638009049775,0.4577259475218659,0.41301229596138,0.7410130798816681,1
SEUMLD,OADNet_audio,1,2026,3.0,0.8,True,0.15,0.049999999999999996,0.446867436170578,0.796227216720581,0.2,0.2,0.06666666666666667,0.5714285714285714,0.05737704918032787,0.19457013574660634,0.47230320699708456,0.3970166742801666,0.7365789413452148,0
SEUMLD,OADNet_audio,1,2026,3.0,0.8,True,0.15,0.049999999999999996,0.446867436170578,0.796227216720581,0.25,0.25,0.08333333333333333,0.45481049562682213,0.07377049180327869,0.24434389140271492,0.46355685131195334,0.3859497010707855,0.7194648087024689,0
SEUMLD,OADNet_audio,1,2026,3.0,0.8,True,0.15,0.049999999999999996,0.446867436170578,0.796227216720581,0.3,0.3,0.09999999999999999,0.37317784256559766,0.09016393442622951,0.29411764705882354,0.47230320699708456,0.3698470890522003,0.716673731803894,0
SEUMLD,OADNet_audio,2,7,3.0,0.5,True,0.3,0.09999999999999999,0.41022107005119324,0.8235622346401215,0.05,0.05,0.016666666666666666,0.8593272171253823,0.0,0.04329004329004329,0.4602446483180428,0.5414801836013794,0.8364445567131042,0
SEUMLD,OADNet_audio,2,7,3.0,0.5,True,0.3,0.09999999999999999,0.41022107005119324,0.8235622346401215,0.075,0.075,0.024999999999999998,0.8226299694189603,0.010416666666666666,0.06926406926406926,0.4694189602446483,0.5171549320220947,0.8352623283863068,0
SEUMLD,OADNet_audio,2,7,3.0,0.5,True,0.3,0.09999999999999999,0.41022107005119324,0.8235622346401215,0.1,0.1,0.03333333333333333,0.764525993883792,0.020833333333333332,0.09523809523809523,0.46788990825688076,0.4993222951889038,0.818497970700264,0
SEUMLD,OADNet_audio,2,7,3.0,0.5,True,0.3,0.09999999999999999,0.41022107005119324,0.8235622346401215,0.15,0.15,0.049999999999999996,0.6972477064220184,0.03125,0.14285714285714285,0.47706422018348627,0.46496230363845825,0.8176429867744446,0
SEUMLD,OADNet_audio,2,7,3.0,0.5,True,0.3,0.09999999999999999,0.41022107005119324,0.8235622346401215,0.2,0.2,0.06666666666666667,0.617737003058104,0.052083333333333336,0.19480519480519481,0.4923547400611621,0.4353613555431366,0.8078532814979553,0
SEUMLD,OADNet_audio,2,7,3.0,0.5,True,0.3,0.09999999999999999,0.41022107005119324,0.8235622346401215,0.25,0.25,0.08333333333333333,0.5351681957186545,0.07291666666666667,0.24675324675324675,0.5061162079510704,0.4030829966068268,0.7987783402204514,0
SEUMLD,OADNet_audio,2,7,3.0,0.5,True,0.3,0.09999999999999999,0.41022107005119324,0.8235622346401215,0.3,0.3,0.09999999999999999,0.44648318042813456,0.08333333333333333,0.2943722943722944,0.5045871559633027,0.37217628955841064,0.7815464586019516,1
SEUMLD,OADNet_audio,2,7,3.0,0.6,True,0.3,0.09999999999999999,0.41022107005119324,0.8235622346401215,0.05,0.05,0.016666666666666666,0.8593272171253823,0.0,0.04329004329004329,0.4602446483180428,0.5414801836013794,0.8364445567131042,0
SEUMLD,OADNet_audio,2,7,3.0,0.6,True,0.3,0.09999999999999999,0.41022107005119324,0.8235622346401215,0.075,0.075,0.024999999999999998,0.8226299694189603,0.010416666666666666,0.06926406926406926,0.4694189602446483,0.5171549320220947,0.8352623283863068,0
SEUMLD,OADNet_audio,2,7,3.0,0.6,True,0.3,0.09999999999999999,0.41022107005119324,0.8235622346401215,0.1,0.1,0.03333333333333333,0.764525993883792,0.020833333333333332,0.09523809523809523,0.46788990825688076,0.4993222951889038,0.818497970700264,0
SEUMLD,OADNet_audio,2,7,3.0,0.6,True,0.3,0.09999999999999999,0.41022107005119324,0.8235622346401215,0.15,0.15,0.049999999999999996,0.6972477064220184,0.03125,0.14285714285714285,0.47706422018348627,0.46496230363845825,0.8176429867744446,0
SEUMLD,OADNet_audio,2,7,3.0,0.6,True,0.3,0.09999999999999999,0.41022107005119324,0.8235622346401215,0.2,0.2,0.06666666666666667,0.617737003058104,0.052083333333333336,0.19480519480519481,0.4923547400611621,0.4353613555431366,0.8078532814979553,0
SEUMLD,OADNet_audio,2,7,3.0,0.6,True,0.3,0.09999999999999999,0.41022107005119324,0.8235622346401215,0.25,0.25,0.08333333333333333,0.5351681957186545,0.07291666666666667,0.24675324675324675,0.5061162079510704,0.4030829966068268,0.7987783402204514,0
SEUMLD,OADNet_audio,2,7,3.0,0.6,True,0.3,0.09999999999999999,0.41022107005119324,0.8235622346401215,0.3,0.3,0.09999999999999999,0.44648318042813456,0.08333333333333333,0.2943722943722944,0.5045871559633027,0.37217628955841064,0.7815464586019516,1
SEUMLD,OADNet_audio,2,7,3.0,0.7,True,0.15,0.049999999999999996,0.49699318408966064,0.8385553807020187,0.05,0.05,0.016666666666666666,0.8593272171253823,0.0,0.04329004329004329,0.4602446483180428,0.5414801836013794,0.8364445567131042,0
SEUMLD,OADNet_audio,2,7,3.0,0.7,True,0.15,0.049999999999999996,0.49699318408966064,0.8385553807020187,0.075,0.075,0.024999999999999998,0.8226299694189603,0.010416666666666666,0.06926406926406926,0.4694189602446483,0.5171549320220947,0.8352623283863068,0
SEUMLD,OADNet_audio,2,7,3.0,0.7,True,0.15,0.049999999999999996,0.49699318408966064,0.8385553807020187,0.1,0.1,0.03333333333333333,0.764525993883792,0.020833333333333332,0.09523809523809523,0.46788990825688076,0.4993222951889038,0.818497970700264,0
SEUMLD,OADNet_audio,2,7,3.0,0.7,True,0.15,0.049999999999999996,0.49699318408966064,0.8385553807020187,0.15,0.15,0.049999999999999996,0.6972477064220184,0.03125,0.14285714285714285,0.47706422018348627,0.46496230363845825,0.8176429867744446,1
SEUMLD,OADNet_audio,2,7,3.0,0.7,True,0.15,0.049999999999999996,0.49699318408966064,0.8385553807020187,0.2,0.2,0.06666666666666667,0.617737003058104,0.052083333333333336,0.19480519480519481,0.4923547400611621,0.4353613555431366,0.8078532814979553,0
SEUMLD,OADNet_audio,2,7,3.0,0.7,True,0.15,0.049999999999999996,0.49699318408966064,0.8385553807020187,0.25,0.25,0.08333333333333333,0.5351681957186545,0.07291666666666667,0.24675324675324675,0.5061162079510704,0.4030829966068268,0.7987783402204514,0
SEUMLD,OADNet_audio,2,7,3.0,0.7,True,0.15,0.049999999999999996,0.49699318408966064,0.8385553807020187,0.3,0.3,0.09999999999999999,0.44648318042813456,0.08333333333333333,0.2943722943722944,0.5045871559633027,0.37217628955841064,0.7815464586019516,0
SEUMLD,OADNet_audio,2,7,3.0,0.8,True,0.1,0.03333333333333333,0.5557579398155212,0.8440766483545303,0.05,0.05,0.016666666666666666,0.8593272171253823,0.0,0.04329004329004329,0.4602446483180428,0.5414801836013794,0.8364445567131042,0
SEUMLD,OADNet_audio,2,7,3.0,0.8,True,0.1,0.03333333333333333,0.5557579398155212,0.8440766483545303,0.075,0.075,0.024999999999999998,0.8226299694189603,0.010416666666666666,0.06926406926406926,0.4694189602446483,0.5171549320220947,0.8352623283863068,0
SEUMLD,OADNet_audio,2,7,3.0,0.8,True,0.1,0.03333333333333333,0.5557579398155212,0.8440766483545303,0.1,0.1,0.03333333333333333,0.764525993883792,0.020833333333333332,0.09523809523809523,0.46788990825688076,0.4993222951889038,0.818497970700264,1
SEUMLD,OADNet_audio,2,7,3.0,0.8,True,0.1,0.03333333333333333,0.5557579398155212,0.8440766483545303,0.15,0.15,0.049999999999999996,0.6972477064220184,0.03125,0.14285714285714285,0.47706422018348627,0.46496230363845825,0.8176429867744446,0
SEUMLD,OADNet_audio,2,7,3.0,0.8,True,0.1,0.03333333333333333,0.5557579398155212,0.8440766483545303,0.2,0.2,0.06666666666666667,0.617737003058104,0.052083333333333336,0.19480519480519481,0.4923547400611621,0.4353613555431366,0.8078532814979553,0
SEUMLD,OADNet_audio,2,7,3.0,0.8,True,0.1,0.03333333333333333,0.5557579398155212,0.8440766483545303,0.25,0.25,0.08333333333333333,0.5351681957186545,0.07291666666666667,0.24675324675324675,0.5061162079510704,0.4030829966068268,0.7987783402204514,0
SEUMLD,OADNet_audio,2,7,3.0,0.8,True,0.1,0.03333333333333333,0.5557579398155212,0.8440766483545303,0.3,0.3,0.09999999999999999,0.44648318042813456,0.08333333333333333,0.2943722943722944,0.5045871559633027,0.37217628955841064,0.7815464586019516,0
SEUMLD,OADNet_audio,2,42,3.0,0.5,True,0.3,0.09999999999999999,0.38105615973472595,0.8366016894578934,0.05,0.05,0.016666666666666666,0.8654434250764526,0.0,0.04329004329004329,0.463302752293578,0.518230676651001,0.8446805030107498,0
SEUMLD,OADNet_audio,2,42,3.0,0.5,True,0.3,0.09999999999999999,0.38105615973472595,0.8366016894578934,0.075,0.075,0.024999999999999998,0.8318042813455657,0.010416666666666666,0.06926406926406926,0.4740061162079511,0.4979175925254822,0.8437739908695221,0
SEUMLD,OADNet_audio,2,42,3.0,0.5,True,0.3,0.09999999999999999,0.38105615973472595,0.8366016894578934,0.1,0.1,0.03333333333333333,0.7828746177370031,0.020833333333333332,0.09523809523809523,0.47706422018348627,0.4800484776496887,0.8361693173646927,0
SEUMLD,OADNet_audio,2,42,3.0,0.5,True,0.3,0.09999999999999999,0.38105615973472595,0.8366016894578934,0.15,0.15,0.049999999999999996,0.7033639143730887,0.03125,0.14285714285714285,0.4801223241590214,0.4365973174571991,0.8357360363006592,0
SEUMLD,OADNet_audio,2,42,3.0,0.5,True,0.3,0.09999999999999999,0.38105615973472595,0.8366016894578934,0.2,0.2,0.06666666666666667,0.6238532110091743,0.052083333333333336,0.19480519480519481,0.4954128440366973,0.41596606373786926,0.8193497955799103,0
SEUMLD,OADNet_audio,2,42,3.0,0.5,True,0.3,0.09999999999999999,0.38105615973472595,0.8366016894578934,0.25,0.25,0.08333333333333333,0.5290519877675841,0.07291666666666667,0.24675324675324675,0.5030581039755352,0.3733683228492737,0.8123599588871002,0
SEUMLD,OADNet_audio,2,42,3.0,0.5,True,0.3,0.09999999999999999,0.38105615973472595,0.8366016894578934,0.3,0.3,0.09999999999999999,0.45871559633027525,0.08333333333333333,0.2943722943722944,0.5107033639143731,0.3493261933326721,0.8024462908506393,1
SEUMLD,OADNet_audio,2,42,3.0,0.6,True,0.25,0.08333333333333333,0.41115954518318176,0.8403360396623611,0.05,0.05,0.016666666666666666,0.8654434250764526,0.0,0.04329004329004329,0.463302752293578,0.518230676651001,0.8446805030107498,0
SEUMLD,OADNet_audio,2,42,3.0,0.6,True,0.25,0.08333333333333333,0.41115954518318176,0.8403360396623611,0.075,0.075,0.024999999999999998,0.8318042813455657,0.010416666666666666,0.06926406926406926,0.4740061162079511,0.4979175925254822,0.8437739908695221,0
SEUMLD,OADNet_audio,2,42,3.0,0.6,True,0.25,0.08333333333333333,0.41115954518318176,0.8403360396623611,0.1,0.1,0.03333333333333333,0.7828746177370031,0.020833333333333332,0.09523809523809523,0.47706422018348627,0.4800484776496887,0.8361693173646927,0
SEUMLD,OADNet_audio,2,42,3.0,0.6,True,0.25,0.08333333333333333,0.41115954518318176,0.8403360396623611,0.15,0.15,0.049999999999999996,0.7033639143730887,0.03125,0.14285714285714285,0.4801223241590214,0.4365973174571991,0.8357360363006592,0
SEUMLD,OADNet_audio,2,42,3.0,0.6,True,0.25,0.08333333333333333,0.41115954518318176,0.8403360396623611,0.2,0.2,0.06666666666666667,0.6238532110091743,0.052083333333333336,0.19480519480519481,0.4954128440366973,0.41596606373786926,0.8193497955799103,0
SEUMLD,OADNet_audio,2,42,3.0,0.6,True,0.25,0.08333333333333333,0.41115954518318176,0.8403360396623611,0.25,0.25,0.08333333333333333,0.5290519877675841,0.07291666666666667,0.24675324675324675,0.5030581039755352,0.3733683228492737,0.8123599588871002,1
SEUMLD,OADNet_audio,2,42,3.0,0.6,True,0.25,0.08333333333333333,0.41115954518318176,0.8403360396623611,0.3,0.3,0.09999999999999999,0.45871559633027525,0.08333333333333333,0.2943722943722944,0.5107033639143731,0.3493261933326721,0.8024462908506393,0
SEUMLD,OADNet_audio,2,42,3.0,0.7,True,0.2,0.06666666666666667,0.4308303892612457,0.8446428179740906,0.05,0.05,0.016666666666666666,0.8654434250764526,0.0,0.04329004329004329,0.463302752293578,0.518230676651001,0.8446805030107498,0
SEUMLD,OADNet_audio,2,42,3.0,0.7,True,0.2,0.06666666666666667,0.4308303892612457,0.8446428179740906,0.075,0.075,0.024999999999999998,0.8318042813455657,0.010416666666666666,0.06926406926406926,0.4740061162079511,0.4979175925254822,0.8437739908695221,0
SEUMLD,OADNet_audio,2,42,3.0,0.7,True,0.2,0.06666666666666667,0.4308303892612457,0.8446428179740906,0.1,0.1,0.03333333333333333,0.7828746177370031,0.020833333333333332,0.09523809523809523,0.47706422018348627,0.4800484776496887,0.8361693173646927,0
SEUMLD,OADNet_audio,2,42,3.0,0.7,True,0.2,0.06666666666666667,0.4308303892612457,0.8446428179740906,0.15,0.15,0.049999999999999996,0.7033639143730887,0.03125,0.14285714285714285,0.4801223241590214,0.4365973174571991,0.8357360363006592,0
SEUMLD,OADNet_audio,2,42,3.0,0.7,True,0.2,0.06666666666666667,0.4308303892612457,0.8446428179740906,0.2,0.2,0.06666666666666667,0.6238532110091743,0.052083333333333336,0.19480519480519481,0.4954128440366973,0.41596606373786926,0.8193497955799103,1
SEUMLD,OADNet_audio,2,42,3.0,0.7,True,0.2,0.06666666666666667,0.4308303892612457,0.8446428179740906,0.25,0.25,0.08333333333333333,0.5290519877675841,0.07291666666666667,0.24675324675324675,0.5030581039755352,0.3733683228492737,0.8123599588871002,0
SEUMLD,OADNet_audio,2,42,3.0,0.7,True,0.2,0.06666666666666667,0.4308303892612457,0.8446428179740906,0.3,0.3,0.09999999999999999,0.45871559633027525,0.08333333333333333,0.2943722943722944,0.5107033639143731,0.3493261933326721,0.8024462908506393,0
SEUMLD,OADNet_audio,2,42,3.0,0.8,True,0.1,0.03333333333333333,0.5054211616516113,0.851415827870369,0.05,0.05,0.016666666666666666,0.8654434250764526,0.0,0.04329004329004329,0.463302752293578,0.518230676651001,0.8446805030107498,0
SEUMLD,OADNet_audio,2,42,3.0,0.8,True,0.1,0.03333333333333333,0.5054211616516113,0.851415827870369,0.075,0.075,0.024999999999999998,0.8318042813455657,0.010416666666666666,0.06926406926406926,0.4740061162079511,0.4979175925254822,0.8437739908695221,0
SEUMLD,OADNet_audio,2,42,3.0,0.8,True,0.1,0.03333333333333333,0.5054211616516113,0.851415827870369,0.1,0.1,0.03333333333333333,0.7828746177370031,0.020833333333333332,0.09523809523809523,0.47706422018348627,0.4800484776496887,0.8361693173646927,1
SEUMLD,OADNet_audio,2,42,3.0,0.8,True,0.1,0.03333333333333333,0.5054211616516113,0.851415827870369,0.15,0.15,0.049999999999999996,0.7033639143730887,0.03125,0.14285714285714285,0.4801223241590214,0.4365973174571991,0.8357360363006592,0
SEUMLD,OADNet_audio,2,42,3.0,0.8,True,0.1,0.03333333333333333,0.5054211616516113,0.851415827870369,0.2,0.2,0.06666666666666667,0.6238532110091743,0.052083333333333336,0.19480519480519481,0.4954128440366973,0.41596606373786926,0.8193497955799103,0
SEUMLD,OADNet_audio,2,42,3.0,0.8,True,0.1,0.03333333333333333,0.5054211616516113,0.851415827870369,0.25,0.25,0.08333333333333333,0.5290519877675841,0.07291666666666667,0.24675324675324675,0.5030581039755352,0.3733683228492737,0.8123599588871002,0
SEUMLD,OADNet_audio,2,42,3.0,0.8,True,0.1,0.03333333333333333,0.5054211616516113,0.851415827870369,0.3,0.3,0.09999999999999999,0.45871559633027525,0.08333333333333333,0.2943722943722944,0.5107033639143731,0.3493261933326721,0.8024462908506393,0
SEUMLD,OADNet_audio,2,123,3.0,0.5,True,0.3,0.09999999999999999,0.4009597599506378,0.8506146520376205,0.05,0.05,0.016666666666666666,0.8807339449541285,0.0,0.04329004329004329,0.4709480122324159,0.5568745136260986,0.8588161319494247,0
SEUMLD,OADNet_audio,2,123,3.0,0.5,True,0.3,0.09999999999999999,0.4009597599506378,0.8506146520376205,0.075,0.075,0.024999999999999998,0.8012232415902141,0.010416666666666666,0.06926406926406926,0.45871559633027525,0.5084543228149414,0.8351832628250122,0
SEUMLD,OADNet_audio,2,123,3.0,0.5,True,0.3,0.09999999999999999,0.4009597599506378,0.8506146520376205,0.1,0.1,0.03333333333333333,0.7492354740061162,0.020833333333333332,0.09523809523809523,0.4602446483180428,0.4804607331752777,0.8340732455253601,0
SEUMLD,OADNet_audio,2,123,3.0,0.5,True,0.3,0.09999999999999999,0.4009597599506378,0.8506146520376205,0.15,0.15,0.049999999999999996,0.6850152905198776,0.03125,0.14285714285714285,0.4709480122324159,0.4370212256908417,0.832557201385498,0
SEUMLD,OADNet_audio,2,123,3.0,0.5,True,0.3,0.09999999999999999,0.4009597599506378,0.8506146520376205,0.2,0.2,0.06666666666666667,0.6269113149847095,0.052083333333333336,0.19480519480519481,0.4969418960244648,0.4043448567390442,0.8313525766134262,0
SEUMLD,OADNet_audio,2,123,3.0,0.5,True,0.3,0.09999999999999999,0.4009597599506378,0.8506146520376205,0.25,0.25,0.08333333333333333,0.5382262996941896,0.07291666666666667,0.24675324675324675,0.5076452599388379,0.3760097026824951,0.8242290169000626,0
SEUMLD,OADNet_audio,2,123,3.0,0.5,True,0.3,0.09999999999999999,0.4009597599506378,0.8506146520376205,0.3,0.3,0.09999999999999999,0.46788990825688076,0.08333333333333333,0.2943722943722944,0.5152905198776758,0.3553931713104248,0.8193497955799103,1
SEUMLD,OADNet_audio,2,123,3.0,0.6,True,0.25,0.08333333333333333,0.4272245168685913,0.8513431400060654,0.05,0.05,0.016666666666666666,0.8807339449541285,0.0,0.04329004329004329,0.4709480122324159,0.5568745136260986,0.8588161319494247,0
SEUMLD,OADNet_audio,2,123,3.0,0.6,True,0.25,0.08333333333333333,0.4272245168685913,0.8513431400060654,0.075,0.075,0.024999999999999998,0.8012232415902141,0.010416666666666666,0.06926406926406926,0.45871559633027525,0.5084543228149414,0.8351832628250122,0
SEUMLD,OADNet_audio,2,123,3.0,0.6,True,0.25,0.08333333333333333,0.4272245168685913,0.8513431400060654,0.1,0.1,0.03333333333333333,0.7492354740061162,0.020833333333333332,0.09523809523809523,0.4602446483180428,0.4804607331752777,0.8340732455253601,0
SEUMLD,OADNet_audio,2,123,3.0,0.6,True,0.25,0.08333333333333333,0.4272245168685913,0.8513431400060654,0.15,0.15,0.049999999999999996,0.6850152905198776,0.03125,0.14285714285714285,0.4709480122324159,0.4370212256908417,0.832557201385498,0
SEUMLD,OADNet_audio,2,123,3.0,0.6,True,0.25,0.08333333333333333,0.4272245168685913,0.8513431400060654,0.2,0.2,0.06666666666666667,0.6269113149847095,0.052083333333333336,0.19480519480519481,0.4969418960244648,0.4043448567390442,0.8313525766134262,0
SEUMLD,OADNet_audio,2,123,3.0,0.6,True,0.25,0.08333333333333333,0.4272245168685913,0.8513431400060654,0.25,0.25,0.08333333333333333,0.5382262996941896,0.07291666666666667,0.24675324675324675,0.5076452599388379,0.3760097026824951,0.8242290169000626,1
SEUMLD,OADNet_audio,2,123,3.0,0.6,True,0.25,0.08333333333333333,0.4272245168685913,0.8513431400060654,0.3,0.3,0.09999999999999999,0.46788990825688076,0.08333333333333333,0.2943722943722944,0.5152905198776758,0.3553931713104248,0.8193497955799103,0
SEUMLD,OADNet_audio,2,123,3.0,0.7,True,0.15,0.049999999999999996,0.4937441945075989,0.8605484664440155,0.05,0.05,0.016666666666666666,0.8807339449541285,0.0,0.04329004329004329,0.4709480122324159,0.5568745136260986,0.8588161319494247,0
SEUMLD,OADNet_audio,2,123,3.0,0.7,True,0.15,0.049999999999999996,0.4937441945075989,0.8605484664440155,0.075,0.075,0.024999999999999998,0.8012232415902141,0.010416666666666666,0.06926406926406926,0.45871559633027525,0.5084543228149414,0.8351832628250122,0
SEUMLD,OADNet_audio,2,123,3.0,0.7,True,0.15,0.049999999999999996,0.4937441945075989,0.8605484664440155,0.1,0.1,0.03333333333333333,0.7492354740061162,0.020833333333333332,0.09523809523809523,0.4602446483180428,0.4804607331752777,0.8340732455253601,0
SEUMLD,OADNet_audio,2,123,3.0,0.7,True,0.15,0.049999999999999996,0.4937441945075989,0.8605484664440155,0.15,0.15,0.049999999999999996,0.6850152905198776,0.03125,0.14285714285714285,0.4709480122324159,0.4370212256908417,0.832557201385498,1
SEUMLD,OADNet_audio,2,123,3.0,0.7,True,0.15,0.049999999999999996,0.4937441945075989,0.8605484664440155,0.2,0.2,0.06666666666666667,0.6269113149847095,0.052083333333333336,0.19480519480519481,0.4969418960244648,0.4043448567390442,0.8313525766134262,0
SEUMLD,OADNet_audio,2,123,3.0,0.7,True,0.15,0.049999999999999996,0.4937441945075989,0.8605484664440155,0.25,0.25,0.08333333333333333,0.5382262996941896,0.07291666666666667,0.24675324675324675,0.5076452599388379,0.3760097026824951,0.8242290169000626,0
SEUMLD,OADNet_audio,2,123,3.0,0.7,True,0.15,0.049999999999999996,0.4937441945075989,0.8605484664440155,0.3,0.3,0.09999999999999999,0.46788990825688076,0.08333333333333333,0.2943722943722944,0.5152905198776758,0.3553931713104248,0.8193497955799103,0
SEUMLD,OADNet_audio,2,123,3.0,0.8,True,0.1,0.03333333333333333,0.5245423913002014,0.8688136637210846,0.05,0.05,0.016666666666666666,0.8807339449541285,0.0,0.04329004329004329,0.4709480122324159,0.5568745136260986,0.8588161319494247,0
SEUMLD,OADNet_audio,2,123,3.0,0.8,True,0.1,0.03333333333333333,0.5245423913002014,0.8688136637210846,0.075,0.075,0.024999999999999998,0.8012232415902141,0.010416666666666666,0.06926406926406926,0.45871559633027525,0.5084543228149414,0.8351832628250122,0
SEUMLD,OADNet_audio,2,123,3.0,0.8,True,0.1,0.03333333333333333,0.5245423913002014,0.8688136637210846,0.1,0.1,0.03333333333333333,0.7492354740061162,0.020833333333333332,0.09523809523809523,0.4602446483180428,0.4804607331752777,0.8340732455253601,1
SEUMLD,OADNet_audio,2,123,3.0,0.8,True,0.1,0.03333333333333333,0.5245423913002014,0.8688136637210846,0.15,0.15,0.049999999999999996,0.6850152905198776,0.03125,0.14285714285714285,0.4709480122324159,0.4370212256908417,0.832557201385498,0
SEUMLD,OADNet_audio,2,123,3.0,0.8,True,0.1,0.03333333333333333,0.5245423913002014,0.8688136637210846,0.2,0.2,0.06666666666666667,0.6269113149847095,0.052083333333333336,0.19480519480519481,0.4969418960244648,0.4043448567390442,0.8313525766134262,0
SEUMLD,OADNet_audio,2,123,3.0,0.8,True,0.1,0.03333333333333333,0.5245423913002014,0.8688136637210846,0.25,0.25,0.08333333333333333,0.5382262996941896,0.07291666666666667,0.24675324675324675,0.5076452599388379,0.3760097026824951,0.8242290169000626,0
SEUMLD,OADNet_audio,2,123,3.0,0.8,True,0.1,0.03333333333333333,0.5245423913002014,0.8688136637210846,0.3,0.3,0.09999999999999999,0.46788990825688076,0.08333333333333333,0.2943722943722944,0.5152905198776758,0.3553931713104248,0.8193497955799103,0
SEUMLD,OADNet_audio,2,2024,3.0,0.5,True,0.3,0.09999999999999999,0.36877670884132385,0.832236647605896,0.05,0.05,0.016666666666666666,0.8654434250764526,0.0,0.04329004329004329,0.463302752293578,0.5160431265830994,0.8455827385187149,0
SEUMLD,OADNet_audio,2,2024,3.0,0.5,True,0.3,0.09999999999999999,0.36877670884132385,0.832236647605896,0.075,0.075,0.024999999999999998,0.7889908256880734,0.010416666666666666,0.06926406926406926,0.4525993883792049,0.4652124047279358,0.8263823539018631,0
SEUMLD,OADNet_audio,2,2024,3.0,0.5,True,0.3,0.09999999999999999,0.36877670884132385,0.832236647605896,0.1,0.1,0.03333333333333333,0.7370030581039755,0.020833333333333332,0.09523809523809523,0.4541284403669725,0.4358556270599365,0.8226421624422073,0
SEUMLD,OADNet_audio,2,2024,3.0,0.5,True,0.3,0.09999999999999999,0.36877670884132385,0.832236647605896,0.15,0.15,0.049999999999999996,0.672782874617737,0.03125,0.14285714285714285,0.4648318042813456,0.41490232944488525,0.8208752274513245,0
SEUMLD,OADNet_audio,2,2024,3.0,0.5,True,0.3,0.09999999999999999,0.36877670884132385,0.832236647605896,0.2,0.2,0.06666666666666667,0.599388379204893,0.052083333333333336,0.19480519480519481,0.4831804281345566,0.38901734352111816,0.8154054880142212,0
SEUMLD,OADNet_audio,2,2024,3.0,0.5,True,0.3,0.09999999999999999,0.36877670884132385,0.832236647605896,0.25,0.25,0.08333333333333333,0.5198776758409785,0.07291666666666667,0.24675324675324675,0.4984709480122324,0.3583596646785736,0.8088322579860687,0
SEUMLD,OADNet_audio,2,2024,3.0,0.5,True,0.3,0.09999999999999999,0.36877670884132385,0.832236647605896,0.3,0.3,0.09999999999999999,0.45565749235474007,0.08333333333333333,0.2943722943722944,0.5091743119266054,0.33169251680374146,0.8073623925447464,1
SEUMLD,OADNet_audio,2,2024,3.0,0.6,True,0.2,0.06666666666666667,0.41776391863822937,0.8368371278047562,0.05,0.05,0.016666666666666666,0.8654434250764526,0.0,0.04329004329004329,0.463302752293578,0.5160431265830994,0.8455827385187149,0
SEUMLD,OADNet_audio,2,2024,3.0,0.6,True,0.2,0.06666666666666667,0.41776391863822937,0.8368371278047562,0.075,0.075,0.024999999999999998,0.7889908256880734,0.010416666666666666,0.06926406926406926,0.4525993883792049,0.4652124047279358,0.8263823539018631,0
SEUMLD,OADNet_audio,2,2024,3.0,0.6,True,0.2,0.06666666666666667,0.41776391863822937,0.8368371278047562,0.1,0.1,0.03333333333333333,0.7370030581039755,0.020833333333333332,0.09523809523809523,0.4541284403669725,0.4358556270599365,0.8226421624422073,0
SEUMLD,OADNet_audio,2,2024,3.0,0.6,True,0.2,0.06666666666666667,0.41776391863822937,0.8368371278047562,0.15,0.15,0.049999999999999996,0.672782874617737,0.03125,0.14285714285714285,0.4648318042813456,0.41490232944488525,0.8208752274513245,0
SEUMLD,OADNet_audio,2,2024,3.0,0.6,True,0.2,0.06666666666666667,0.41776391863822937,0.8368371278047562,0.2,0.2,0.06666666666666667,0.599388379204893,0.052083333333333336,0.19480519480519481,0.4831804281345566,0.38901734352111816,0.8154054880142212,1
SEUMLD,OADNet_audio,2,2024,3.0,0.6,True,0.2,0.06666666666666667,0.41776391863822937,0.8368371278047562,0.25,0.25,0.08333333333333333,0.5198776758409785,0.07291666666666667,0.24675324675324675,0.4984709480122324,0.3583596646785736,0.8088322579860687,0
SEUMLD,OADNet_audio,2,2024,3.0,0.6,True,0.2,0.06666666666666667,0.41776391863822937,0.8368371278047562,0.3,0.3,0.09999999999999999,0.45565749235474007,0.08333333333333333,0.2943722943722944,0.5091743119266054,0.33169251680374146,0.8073623925447464,0
SEUMLD,OADNet_audio,2,2024,3.0,0.7,True,0.15,0.049999999999999996,0.43935465812683105,0.8542992919683456,0.05,0.05,0.016666666666666666,0.8654434250764526,0.0,0.04329004329004329,0.463302752293578,0.5160431265830994,0.8455827385187149,0
SEUMLD,OADNet_audio,2,2024,3.0,0.7,True,0.15,0.049999999999999996,0.43935465812683105,0.8542992919683456,0.075,0.075,0.024999999999999998,0.7889908256880734,0.010416666666666666,0.06926406926406926,0.4525993883792049,0.4652124047279358,0.8263823539018631,0
SEUMLD,OADNet_audio,2,2024,3.0,0.7,True,0.15,0.049999999999999996,0.43935465812683105,0.8542992919683456,0.1,0.1,0.03333333333333333,0.7370030581039755,0.020833333333333332,0.09523809523809523,0.4541284403669725,0.4358556270599365,0.8226421624422073,0
SEUMLD,OADNet_audio,2,2024,3.0,0.7,True,0.15,0.049999999999999996,0.43935465812683105,0.8542992919683456,0.15,0.15,0.049999999999999996,0.672782874617737,0.03125,0.14285714285714285,0.4648318042813456,0.41490232944488525,0.8208752274513245,1
SEUMLD,OADNet_audio,2,2024,3.0,0.7,True,0.15,0.049999999999999996,0.43935465812683105,0.8542992919683456,0.2,0.2,0.06666666666666667,0.599388379204893,0.052083333333333336,0.19480519480519481,0.4831804281345566,0.38901734352111816,0.8154054880142212,0
SEUMLD,OADNet_audio,2,2024,3.0,0.7,True,0.15,0.049999999999999996,0.43935465812683105,0.8542992919683456,0.25,0.25,0.08333333333333333,0.5198776758409785,0.07291666666666667,0.24675324675324675,0.4984709480122324,0.3583596646785736,0.8088322579860687,0
SEUMLD,OADNet_audio,2,2024,3.0,0.7,True,0.15,0.049999999999999996,0.43935465812683105,0.8542992919683456,0.3,0.3,0.09999999999999999,0.45565749235474007,0.08333333333333333,0.2943722943722944,0.5091743119266054,0.33169251680374146,0.8073623925447464,0
SEUMLD,OADNet_audio,2,2024,3.0,0.8,True,0.075,0.024999999999999998,0.49913832545280457,0.8657056540250778,0.05,0.05,0.016666666666666666,0.8654434250764526,0.0,0.04329004329004329,0.463302752293578,0.5160431265830994,0.8455827385187149,0
SEUMLD,OADNet_audio,2,2024,3.0,0.8,True,0.075,0.024999999999999998,0.49913832545280457,0.8657056540250778,0.075,0.075,0.024999999999999998,0.7889908256880734,0.010416666666666666,0.06926406926406926,0.4525993883792049,0.4652124047279358,0.8263823539018631,1
SEUMLD,OADNet_audio,2,2024,3.0,0.8,True,0.075,0.024999999999999998,0.49913832545280457,0.8657056540250778,0.1,0.1,0.03333333333333333,0.7370030581039755,0.020833333333333332,0.09523809523809523,0.4541284403669725,0.4358556270599365,0.8226421624422073,0
SEUMLD,OADNet_audio,2,2024,3.0,0.8,True,0.075,0.024999999999999998,0.49913832545280457,0.8657056540250778,0.15,0.15,0.049999999999999996,0.672782874617737,0.03125,0.14285714285714285,0.4648318042813456,0.41490232944488525,0.8208752274513245,0
SEUMLD,OADNet_audio,2,2024,3.0,0.8,True,0.075,0.024999999999999998,0.49913832545280457,0.8657056540250778,0.2,0.2,0.06666666666666667,0.599388379204893,0.052083333333333336,0.19480519480519481,0.4831804281345566,0.38901734352111816,0.8154054880142212,0
SEUMLD,OADNet_audio,2,2024,3.0,0.8,True,0.075,0.024999999999999998,0.49913832545280457,0.8657056540250778,0.25,0.25,0.08333333333333333,0.5198776758409785,0.07291666666666667,0.24675324675324675,0.4984709480122324,0.3583596646785736,0.8088322579860687,0
SEUMLD,OADNet_audio,2,2024,3.0,0.8,True,0.075,0.024999999999999998,0.49913832545280457,0.8657056540250778,0.3,0.3,0.09999999999999999,0.45565749235474007,0.08333333333333333,0.2943722943722944,0.5091743119266054,0.33169251680374146,0.8073623925447464,0
SEUMLD,OADNet_audio,2,2026,3.0,0.5,True,0.3,0.09999999999999999,0.38545629382133484,0.8505416512489319,0.05,0.05,0.016666666666666666,0.8837920489296636,0.0,0.04329004329004329,0.4724770642201835,0.5515879392623901,0.870182529091835,0
SEUMLD,OADNet_audio,2,2026,3.0,0.5,True,0.3,0.09999999999999999,0.38545629382133484,0.8505416512489319,0.075,0.075,0.024999999999999998,0.7737003058103975,0.010416666666666666,0.06926406926406926,0.44495412844036697,0.4938070476055145,0.84202441573143,0
SEUMLD,OADNet_audio,2,2026,3.0,0.5,True,0.3,0.09999999999999999,0.38545629382133484,0.8505416512489319,0.1,0.1,0.03333333333333333,0.7370030581039755,0.020833333333333332,0.09523809523809523,0.4541284403669725,0.4680003225803375,0.8411052972078323,0
SEUMLD,OADNet_audio,2,2026,3.0,0.5,True,0.3,0.09999999999999999,0.38545629382133484,0.8505416512489319,0.15,0.15,0.049999999999999996,0.6697247706422018,0.03125,0.14285714285714285,0.463302752293578,0.444907009601593,0.8354993313550949,0
SEUMLD,OADNet_audio,2,2026,3.0,0.5,True,0.3,0.09999999999999999,0.38545629382133484,0.8505416512489319,0.2,0.2,0.06666666666666667,0.5932721712538226,0.052083333333333336,0.19480519480519481,0.4801223241590214,0.4015808403491974,0.8315940499305725,0
SEUMLD,OADNet_audio,2,2026,3.0,0.5,True,0.3,0.09999999999999999,0.38545629382133484,0.8505416512489319,0.25,0.25,0.08333333333333333,0.5045871559633027,0.07291666666666667,0.24675324675324675,0.4908256880733945,0.36832547187805176,0.8187538385391235,0
SEUMLD,OADNet_audio,2,2026,3.0,0.5,True,0.3,0.09999999999999999,0.38545629382133484,0.8505416512489319,0.3,0.3,0.09999999999999999,0.43425076452599387,0.08333333333333333,0.2943722943722944,0.4984709480122324,0.34156960248947144,0.815145954489708,1
SEUMLD,OADNet_audio,2,2026,3.0,0.6,True,0.2,0.06666666666666667,0.4333677589893341,0.8607551753520966,0.05,0.05,0.016666666666666666,0.8837920489296636,0.0,0.04329004329004329,0.4724770642201835,0.5515879392623901,0.870182529091835,0
SEUMLD,OADNet_audio,2,2026,3.0,0.6,True,0.2,0.06666666666666667,0.4333677589893341,0.8607551753520966,0.075,0.075,0.024999999999999998,0.7737003058103975,0.010416666666666666,0.06926406926406926,0.44495412844036697,0.4938070476055145,0.84202441573143,0
SEUMLD,OADNet_audio,2,2026,3.0,0.6,True,0.2,0.06666666666666667,0.4333677589893341,0.8607551753520966,0.1,0.1,0.03333333333333333,0.7370030581039755,0.020833333333333332,0.09523809523809523,0.4541284403669725,0.4680003225803375,0.8411052972078323,0
SEUMLD,OADNet_audio,2,2026,3.0,0.6,True,0.2,0.06666666666666667,0.4333677589893341,0.8607551753520966,0.15,0.15,0.049999999999999996,0.6697247706422018,0.03125,0.14285714285714285,0.463302752293578,0.444907009601593,0.8354993313550949,0
SEUMLD,OADNet_audio,2,2026,3.0,0.6,True,0.2,0.06666666666666667,0.4333677589893341,0.8607551753520966,0.2,0.2,0.06666666666666667,0.5932721712538226,0.052083333333333336,0.19480519480519481,0.4801223241590214,0.4015808403491974,0.8315940499305725,1
SEUMLD,OADNet_audio,2,2026,3.0,0.6,True,0.2,0.06666666666666667,0.4333677589893341,0.8607551753520966,0.25,0.25,0.08333333333333333,0.5045871559633027,0.07291666666666667,0.24675324675324675,0.4908256880733945,0.36832547187805176,0.8187538385391235,0
SEUMLD,OADNet_audio,2,2026,3.0,0.6,True,0.2,0.06666666666666667,0.4333677589893341,0.8607551753520966,0.3,0.3,0.09999999999999999,0.43425076452599387,0.08333333333333333,0.2943722943722944,0.4984709480122324,0.34156960248947144,0.815145954489708,0
SEUMLD,OADNet_audio,2,2026,3.0,0.7,True,0.15,0.049999999999999996,0.4565238058567047,0.8690753430128098,0.05,0.05,0.016666666666666666,0.8837920489296636,0.0,0.04329004329004329,0.4724770642201835,0.5515879392623901,0.870182529091835,0
SEUMLD,OADNet_audio,2,2026,3.0,0.7,True,0.15,0.049999999999999996,0.4565238058567047,0.8690753430128098,0.075,0.075,0.024999999999999998,0.7737003058103975,0.010416666666666666,0.06926406926406926,0.44495412844036697,0.4938070476055145,0.84202441573143,0
SEUMLD,OADNet_audio,2,2026,3.0,0.7,True,0.15,0.049999999999999996,0.4565238058567047,0.8690753430128098,0.1,0.1,0.03333333333333333,0.7370030581039755,0.020833333333333332,0.09523809523809523,0.4541284403669725,0.4680003225803375,0.8411052972078323,0
SEUMLD,OADNet_audio,2,2026,3.0,0.7,True,0.15,0.049999999999999996,0.4565238058567047,0.8690753430128098,0.15,0.15,0.049999999999999996,0.6697247706422018,0.03125,0.14285714285714285,0.463302752293578,0.444907009601593,0.8354993313550949,1
SEUMLD,OADNet_audio,2,2026,3.0,0.7,True,0.15,0.049999999999999996,0.4565238058567047,0.8690753430128098,0.2,0.2,0.06666666666666667,0.5932721712538226,0.052083333333333336,0.19480519480519481,0.4801223241590214,0.4015808403491974,0.8315940499305725,0
SEUMLD,OADNet_audio,2,2026,3.0,0.7,True,0.15,0.049999999999999996,0.4565238058567047,0.8690753430128098,0.25,0.25,0.08333333333333333,0.5045871559633027,0.07291666666666667,0.24675324675324675,0.4908256880733945,0.36832547187805176,0.8187538385391235,0
SEUMLD,OADNet_audio,2,2026,3.0,0.7,True,0.15,0.049999999999999996,0.4565238058567047,0.8690753430128098,0.3,0.3,0.09999999999999999,0.43425076452599387,0.08333333333333333,0.2943722943722944,0.4984709480122324,0.34156960248947144,0.815145954489708,0
SEUMLD,OADNet_audio,2,2026,3.0,0.8,True,0.075,0.024999999999999998,0.5519608855247498,0.8783265203237534,0.05,0.05,0.016666666666666666,0.8837920489296636,0.0,0.04329004329004329,0.4724770642201835,0.5515879392623901,0.870182529091835,0
SEUMLD,OADNet_audio,2,2026,3.0,0.8,True,0.075,0.024999999999999998,0.5519608855247498,0.8783265203237534,0.075,0.075,0.024999999999999998,0.7737003058103975,0.010416666666666666,0.06926406926406926,0.44495412844036697,0.4938070476055145,0.84202441573143,1
SEUMLD,OADNet_audio,2,2026,3.0,0.8,True,0.075,0.024999999999999998,0.5519608855247498,0.8783265203237534,0.1,0.1,0.03333333333333333,0.7370030581039755,0.020833333333333332,0.09523809523809523,0.4541284403669725,0.4680003225803375,0.8411052972078323,0
SEUMLD,OADNet_audio,2,2026,3.0,0.8,True,0.075,0.024999999999999998,0.5519608855247498,0.8783265203237534,0.15,0.15,0.049999999999999996,0.6697247706422018,0.03125,0.14285714285714285,0.463302752293578,0.444907009601593,0.8354993313550949,0
SEUMLD,OADNet_audio,2,2026,3.0,0.8,True,0.075,0.024999999999999998,0.5519608855247498,0.8783265203237534,0.2,0.2,0.06666666666666667,0.5932721712538226,0.052083333333333336,0.19480519480519481,0.4801223241590214,0.4015808403491974,0.8315940499305725,0
SEUMLD,OADNet_audio,2,2026,3.0,0.8,True,0.075,0.024999999999999998,0.5519608855247498,0.8783265203237534,0.25,0.25,0.08333333333333333,0.5045871559633027,0.07291666666666667,0.24675324675324675,0.4908256880733945,0.36832547187805176,0.8187538385391235,0
SEUMLD,OADNet_audio,2,2026,3.0,0.8,True,0.075,0.024999999999999998,0.5519608855247498,0.8783265203237534,0.3,0.3,0.09999999999999999,0.43425076452599387,0.08333333333333333,0.2943722943722944,0.4984709480122324,0.34156960248947144,0.815145954489708,0
SEUMLD,OADNet_audio,3,7,3.0,0.5,False,0.3,0.09999999999999999,0.42173394560813904,0.7721872627735138,0.05,0.05,0.016666666666666666,0.9159159159159159,0.0,0.042735042735042736,0.487987987987988,0.48658108711242676,0.8421008139848709,0
SEUMLD,OADNet_audio,3,7,3.0,0.5,False,0.3,0.09999999999999999,0.42173394560813904,0.7721872627735138,0.075,0.075,0.024999999999999998,0.8678678678678678,0.010101010101010102,0.06837606837606838,0.49099099099099097,0.4743877053260803,0.8248108327388763,0
SEUMLD,OADNet_audio,3,7,3.0,0.5,False,0.3,0.09999999999999999,0.42173394560813904,0.7721872627735138,0.1,0.1,0.03333333333333333,0.8348348348348348,0.020202020202020204,0.09401709401709402,0.5015015015015015,0.4646318554878235,0.8207062482833862,0
SEUMLD,OADNet_audio,3,7,3.0,0.5,False,0.3,0.09999999999999999,0.42173394560813904,0.7721872627735138,0.15,0.15,0.049999999999999996,0.7297297297297297,0.04040404040404041,0.1452991452991453,0.503003003003003,0.4448094367980957,0.7835016548633575,0
SEUMLD,OADNet_audio,3,7,3.0,0.5,False,0.3,0.09999999999999999,0.42173394560813904,0.7721872627735138,0.2,0.2,0.06666666666666667,0.6456456456456456,0.050505050505050504,0.19658119658119658,0.506006006006006,0.42548584938049316,0.7734982967376709,0
SEUMLD,OADNet_audio,3,7,3.0,0.5,False,0.3,0.09999999999999999,0.42173394560813904,0.7721872627735138,0.25,0.25,0.08333333333333333,0.5975975975975976,0.0707070707070707,0.24358974358974358,0.5330330330330331,0.41778138279914856,0.7715297490358353,0
SEUMLD,OADNet_audio,3,7,3.0,0.5,False,0.3,0.09999999999999999,0.42173394560813904,0.7721872627735138,0.3,0.3,0.09999999999999999,0.5285285285285285,0.09090909090909091,0.2948717948717949,0.5525525525525525,0.39963245391845703,0.7693453729152679,1
SEUMLD,OADNet_audio,3,7,3.0,0.6,True,0.25,0.08333333333333333,0.44303691387176514,0.7807608395814896,0.05,0.05,0.016666666666666666,0.9159159159159159,0.0,0.042735042735042736,0.487987987987988,0.48658108711242676,0.8421008139848709,0
SEUMLD,OADNet_audio,3,7,3.0,0.6,True,0.25,0.08333333333333333,0.44303691387176514,0.7807608395814896,0.075,0.075,0.024999999999999998,0.8678678678678678,0.010101010101010102,0.06837606837606838,0.49099099099099097,0.4743877053260803,0.8248108327388763,0
SEUMLD,OADNet_audio,3,7,3.0,0.6,True,0.25,0.08333333333333333,0.44303691387176514,0.7807608395814896,0.1,0.1,0.03333333333333333,0.8348348348348348,0.020202020202020204,0.09401709401709402,0.5015015015015015,0.4646318554878235,0.8207062482833862,0
SEUMLD,OADNet_audio,3,7,3.0,0.6,True,0.25,0.08333333333333333,0.44303691387176514,0.7807608395814896,0.15,0.15,0.049999999999999996,0.7297297297297297,0.04040404040404041,0.1452991452991453,0.503003003003003,0.4448094367980957,0.7835016548633575,0
SEUMLD,OADNet_audio,3,7,3.0,0.6,True,0.25,0.08333333333333333,0.44303691387176514,0.7807608395814896,0.2,0.2,0.06666666666666667,0.6456456456456456,0.050505050505050504,0.19658119658119658,0.506006006006006,0.42548584938049316,0.7734982967376709,0
SEUMLD,OADNet_audio,3,7,3.0,0.6,True,0.25,0.08333333333333333,0.44303691387176514,0.7807608395814896,0.25,0.25,0.08333333333333333,0.5975975975975976,0.0707070707070707,0.24358974358974358,0.5330330330330331,0.41778138279914856,0.7715297490358353,1
SEUMLD,OADNet_audio,3,7,3.0,0.6,True,0.25,0.08333333333333333,0.44303691387176514,0.7807608395814896,0.3,0.3,0.09999999999999999,0.5285285285285285,0.09090909090909091,0.2948717948717949,0.5525525525525525,0.39963245391845703,0.7693453729152679,0
SEUMLD,OADNet_audio,3,7,3.0,0.7,True,0.2,0.06666666666666667,0.4530163109302521,0.7889086306095123,0.05,0.05,0.016666666666666666,0.9159159159159159,0.0,0.042735042735042736,0.487987987987988,0.48658108711242676,0.8421008139848709,0
SEUMLD,OADNet_audio,3,7,3.0,0.7,True,0.2,0.06666666666666667,0.4530163109302521,0.7889086306095123,0.075,0.075,0.024999999999999998,0.8678678678678678,0.010101010101010102,0.06837606837606838,0.49099099099099097,0.4743877053260803,0.8248108327388763,0
SEUMLD,OADNet_audio,3,7,3.0,0.7,True,0.2,0.06666666666666667,0.4530163109302521,0.7889086306095123,0.1,0.1,0.03333333333333333,0.8348348348348348,0.020202020202020204,0.09401709401709402,0.5015015015015015,0.4646318554878235,0.8207062482833862,0
SEUMLD,OADNet_audio,3,7,3.0,0.7,True,0.2,0.06666666666666667,0.4530163109302521,0.7889086306095123,0.15,0.15,0.049999999999999996,0.7297297297297297,0.04040404040404041,0.1452991452991453,0.503003003003003,0.4448094367980957,0.7835016548633575,0
SEUMLD,OADNet_audio,3,7,3.0,0.7,True,0.2,0.06666666666666667,0.4530163109302521,0.7889086306095123,0.2,0.2,0.06666666666666667,0.6456456456456456,0.050505050505050504,0.19658119658119658,0.506006006006006,0.42548584938049316,0.7734982967376709,1
SEUMLD,OADNet_audio,3,7,3.0,0.7,True,0.2,0.06666666666666667,0.4530163109302521,0.7889086306095123,0.25,0.25,0.08333333333333333,0.5975975975975976,0.0707070707070707,0.24358974358974358,0.5330330330330331,0.41778138279914856,0.7715297490358353,0
SEUMLD,OADNet_audio,3,7,3.0,0.7,True,0.2,0.06666666666666667,0.4530163109302521,0.7889086306095123,0.3,0.3,0.09999999999999999,0.5285285285285285,0.09090909090909091,0.2948717948717949,0.5525525525525525,0.39963245391845703,0.7693453729152679,0
SEUMLD,OADNet_audio,3,7,3.0,0.8,True,0.15,0.049999999999999996,0.46067777276039124,0.7938401848077774,0.05,0.05,0.016666666666666666,0.9159159159159159,0.0,0.042735042735042736,0.487987987987988,0.48658108711242676,0.8421008139848709,0
SEUMLD,OADNet_audio,3,7,3.0,0.8,True,0.15,0.049999999999999996,0.46067777276039124,0.7938401848077774,0.075,0.075,0.024999999999999998,0.8678678678678678,0.010101010101010102,0.06837606837606838,0.49099099099099097,0.4743877053260803,0.8248108327388763,0
SEUMLD,OADNet_audio,3,7,3.0,0.8,True,0.15,0.049999999999999996,0.46067777276039124,0.7938401848077774,0.1,0.1,0.03333333333333333,0.8348348348348348,0.020202020202020204,0.09401709401709402,0.5015015015015015,0.4646318554878235,0.8207062482833862,0
SEUMLD,OADNet_audio,3,7,3.0,0.8,True,0.15,0.049999999999999996,0.46067777276039124,0.7938401848077774,0.15,0.15,0.049999999999999996,0.7297297297297297,0.04040404040404041,0.1452991452991453,0.503003003003003,0.4448094367980957,0.7835016548633575,1
SEUMLD,OADNet_audio,3,7,3.0,0.8,True,0.15,0.049999999999999996,0.46067777276039124,0.7938401848077774,0.2,0.2,0.06666666666666667,0.6456456456456456,0.050505050505050504,0.19658119658119658,0.506006006006006,0.42548584938049316,0.7734982967376709,0
SEUMLD,OADNet_audio,3,7,3.0,0.8,True,0.15,0.049999999999999996,0.46067777276039124,0.7938401848077774,0.25,0.25,0.08333333333333333,0.5975975975975976,0.0707070707070707,0.24358974358974358,0.5330330330330331,0.41778138279914856,0.7715297490358353,0
SEUMLD,OADNet_audio,3,7,3.0,0.8,True,0.15,0.049999999999999996,0.46067777276039124,0.7938401848077774,0.3,0.3,0.09999999999999999,0.5285285285285285,0.09090909090909091,0.2948717948717949,0.5525525525525525,0.39963245391845703,0.7693453729152679,0
SEUMLD,OADNet_audio,3,42,3.0,0.5,False,0.3,0.09999999999999999,0.3442067801952362,0.7859277725219727,0.05,0.05,0.016666666666666666,0.933933933933934,0.0,0.042735042735042736,0.496996996996997,0.3890770375728607,0.8464060127735138,0
SEUMLD,OADNet_audio,3,42,3.0,0.5,False,0.3,0.09999999999999999,0.3442067801952362,0.7859277725219727,0.075,0.075,0.024999999999999998,0.8918918918918919,0.010101010101010102,0.06837606837606838,0.503003003003003,0.3809756934642792,0.837619960308075,0
SEUMLD,OADNet_audio,3,42,3.0,0.5,False,0.3,0.09999999999999999,0.3442067801952362,0.7859277725219727,0.1,0.1,0.03333333333333333,0.8588588588588588,0.020202020202020204,0.09401709401709402,0.5135135135135135,0.3759254515171051,0.8334362506866455,0
SEUMLD,OADNet_audio,3,42,3.0,0.5,False,0.3,0.09999999999999999,0.3442067801952362,0.7859277725219727,0.15,0.15,0.049999999999999996,0.7567567567567568,0.04040404040404041,0.1452991452991453,0.5165165165165165,0.3600289821624756,0.7985936105251312,0
SEUMLD,OADNet_audio,3,42,3.0,0.5,False,0.3,0.09999999999999999,0.3442067801952362,0.7859277725219727,0.2,0.2,0.06666666666666667,0.6756756756756757,0.050505050505050504,0.19658119658119658,0.521021021021021,0.34666651487350464,0.7977607846260071,0
SEUMLD,OADNet_audio,3,42,3.0,0.5,False,0.3,0.09999999999999999,0.3442067801952362,0.7859277725219727,0.25,0.25,0.08333333333333333,0.5975975975975976,0.0707070707070707,0.24358974358974358,0.5330330330330331,0.3375759422779083,0.7869890034198761,0
SEUMLD,OADNet_audio,3,42,3.0,0.5,False,0.3,0.09999999999999999,0.3442067801952362,0.7859277725219727,0.3,0.3,0.09999999999999999,0.5255255255255256,0.09090909090909091,0.2948717948717949,0.551051051051051,0.323971152305603,0.7786889225244522,1
SEUMLD,OADNet_audio,3,42,3.0,0.6,True,0.25,0.08333333333333333,0.35303613543510437,0.7896729111671448,0.05,0.05,0.016666666666666666,0.933933933933934,0.0,0.042735042735042736,0.496996996996997,0.3890770375728607,0.8464060127735138,0
SEUMLD,OADNet_audio,3,42,3.0,0.6,True,0.25,0.08333333333333333,0.35303613543510437,0.7896729111671448,0.075,0.075,0.024999999999999998,0.8918918918918919,0.010101010101010102,0.06837606837606838,0.503003003003003,0.3809756934642792,0.837619960308075,0
SEUMLD,OADNet_audio,3,42,3.0,0.6,True,0.25,0.08333333333333333,0.35303613543510437,0.7896729111671448,0.1,0.1,0.03333333333333333,0.8588588588588588,0.020202020202020204,0.09401709401709402,0.5135135135135135,0.3759254515171051,0.8334362506866455,0
SEUMLD,OADNet_audio,3,42,3.0,0.6,True,0.25,0.08333333333333333,0.35303613543510437,0.7896729111671448,0.15,0.15,0.049999999999999996,0.7567567567567568,0.04040404040404041,0.1452991452991453,0.5165165165165165,0.3600289821624756,0.7985936105251312,0
SEUMLD,OADNet_audio,3,42,3.0,0.6,True,0.25,0.08333333333333333,0.35303613543510437,0.7896729111671448,0.2,0.2,0.06666666666666667,0.6756756756756757,0.050505050505050504,0.19658119658119658,0.521021021021021,0.34666651487350464,0.7977607846260071,0
SEUMLD,OADNet_audio,3,42,3.0,0.6,True,0.25,0.08333333333333333,0.35303613543510437,0.7896729111671448,0.25,0.25,0.08333333333333333,0.5975975975975976,0.0707070707070707,0.24358974358974358,0.5330330330330331,0.3375759422779083,0.7869890034198761,1
SEUMLD,OADNet_audio,3,42,3.0,0.6,True,0.25,0.08333333333333333,0.35303613543510437,0.7896729111671448,0.3,0.3,0.09999999999999999,0.5255255255255256,0.09090909090909091,0.2948717948717949,0.551051051051051,0.323971152305603,0.7786889225244522,0
SEUMLD,OADNet_audio,3,42,3.0,0.7,True,0.2,0.06666666666666667,0.36290448904037476,0.7997921109199524,0.05,0.05,0.016666666666666666,0.933933933933934,0.0,0.042735042735042736,0.496996996996997,0.3890770375728607,0.8464060127735138,0
SEUMLD,OADNet_audio,3,42,3.0,0.7,True,0.2,0.06666666666666667,0.36290448904037476,0.7997921109199524,0.075,0.075,0.024999999999999998,0.8918918918918919,0.010101010101010102,0.06837606837606838,0.503003003003003,0.3809756934642792,0.837619960308075,0
SEUMLD,OADNet_audio,3,42,3.0,0.7,True,0.2,0.06666666666666667,0.36290448904037476,0.7997921109199524,0.1,0.1,0.03333333333333333,0.8588588588588588,0.020202020202020204,0.09401709401709402,0.5135135135135135,0.3759254515171051,0.8334362506866455,0
SEUMLD,OADNet_audio,3,42,3.0,0.7,True,0.2,0.06666666666666667,0.36290448904037476,0.7997921109199524,0.15,0.15,0.049999999999999996,0.7567567567567568,0.04040404040404041,0.1452991452991453,0.5165165165165165,0.3600289821624756,0.7985936105251312,0
SEUMLD,OADNet_audio,3,42,3.0,0.7,True,0.2,0.06666666666666667,0.36290448904037476,0.7997921109199524,0.2,0.2,0.06666666666666667,0.6756756756756757,0.050505050505050504,0.19658119658119658,0.521021021021021,0.34666651487350464,0.7977607846260071,1
SEUMLD,OADNet_audio,3,42,3.0,0.7,True,0.2,0.06666666666666667,0.36290448904037476,0.7997921109199524,0.25,0.25,0.08333333333333333,0.5975975975975976,0.0707070707070707,0.24358974358974358,0.5330330330330331,0.3375759422779083,0.7869890034198761,0
SEUMLD,OADNet_audio,3,42,3.0,0.7,True,0.2,0.06666666666666667,0.36290448904037476,0.7997921109199524,0.3,0.3,0.09999999999999999,0.5255255255255256,0.09090909090909091,0.2948717948717949,0.551051051051051,0.323971152305603,0.7786889225244522,0
SEUMLD,OADNet_audio,3,42,3.0,0.8,True,0.15,0.049999999999999996,0.3739396929740906,0.8014426529407501,0.05,0.05,0.016666666666666666,0.933933933933934,0.0,0.042735042735042736,0.496996996996997,0.3890770375728607,0.8464060127735138,0
SEUMLD,OADNet_audio,3,42,3.0,0.8,True,0.15,0.049999999999999996,0.3739396929740906,0.8014426529407501,0.075,0.075,0.024999999999999998,0.8918918918918919,0.010101010101010102,0.06837606837606838,0.503003003003003,0.3809756934642792,0.837619960308075,0
SEUMLD,OADNet_audio,3,42,3.0,0.8,True,0.15,0.049999999999999996,0.3739396929740906,0.8014426529407501,0.1,0.1,0.03333333333333333,0.8588588588588588,0.020202020202020204,0.09401709401709402,0.5135135135135135,0.3759254515171051,0.8334362506866455,0
SEUMLD,OADNet_audio,3,42,3.0,0.8,True,0.15,0.049999999999999996,0.3739396929740906,0.8014426529407501,0.15,0.15,0.049999999999999996,0.7567567567567568,0.04040404040404041,0.1452991452991453,0.5165165165165165,0.3600289821624756,0.7985936105251312,1
SEUMLD,OADNet_audio,3,42,3.0,0.8,True,0.15,0.049999999999999996,0.3739396929740906,0.8014426529407501,0.2,0.2,0.06666666666666667,0.6756756756756757,0.050505050505050504,0.19658119658119658,0.521021021021021,0.34666651487350464,0.7977607846260071,0
SEUMLD,OADNet_audio,3,42,3.0,0.8,True,0.15,0.049999999999999996,0.3739396929740906,0.8014426529407501,0.25,0.25,0.08333333333333333,0.5975975975975976,0.0707070707070707,0.24358974358974358,0.5330330330330331,0.3375759422779083,0.7869890034198761,0
SEUMLD,OADNet_audio,3,42,3.0,0.8,True,0.15,0.049999999999999996,0.3739396929740906,0.8014426529407501,0.3,0.3,0.09999999999999999,0.5255255255255256,0.09090909090909091,0.2948717948717949,0.551051051051051,0.323971152305603,0.7786889225244522,0
SEUMLD,OADNet_audio,3,123,3.0,0.5,False,0.3,0.09999999999999999,0.3328076899051666,0.8036274760961533,0.05,0.05,0.016666666666666666,0.924924924924925,0.0,0.042735042735042736,0.4924924924924925,0.393703818321228,0.8497366011142731,0
SEUMLD,OADNet_audio,3,123,3.0,0.5,False,0.3,0.09999999999999999,0.3328076899051666,0.8036274760961533,0.075,0.075,0.024999999999999998,0.8888888888888888,0.010101010101010102,0.06837606837606838,0.5015015015015015,0.37351951003074646,0.8433191031217575,0
SEUMLD,OADNet_audio,3,123,3.0,0.5,False,0.3,0.09999999999999999,0.3328076899051666,0.8036274760961533,0.1,0.1,0.03333333333333333,0.8588588588588588,0.020202020202020204,0.09401709401709402,0.5135135135135135,0.3666897714138031,0.837619960308075,0
SEUMLD,OADNet_audio,3,123,3.0,0.5,False,0.3,0.09999999999999999,0.3328076899051666,0.8036274760961533,0.15,0.15,0.049999999999999996,0.7357357357357357,0.04040404040404041,0.1452991452991453,0.506006006006006,0.34825387597084045,0.8155783414840698,0
SEUMLD,OADNet_audio,3,123,3.0,0.5,False,0.3,0.09999999999999999,0.3328076899051666,0.8036274760961533,0.2,0.2,0.06666666666666667,0.6786786786786787,0.050505050505050504,0.19658119658119658,0.5225225225225225,0.3392479121685028,0.8112189918756485,0
SEUMLD,OADNet_audio,3,123,3.0,0.5,False,0.3,0.09999999999999999,0.3328076899051666,0.8036274760961533,0.25,0.25,0.08333333333333333,0.6156156156156156,0.0707070707070707,0.24358974358974358,0.5420420420420421,0.3303885757923126,0.8080761283636093,0
SEUMLD,OADNet_audio,3,123,3.0,0.5,False,0.3,0.09999999999999999,0.3328076899051666,0.8036274760961533,0.3,0.3,0.09999999999999999,0.5315315315315315,0.09090909090909091,0.2948717948717949,0.5540540540540541,0.31124213337898254,0.8049385994672775,1
SEUMLD,OADNet_audio,3,123,3.0,0.6,True,0.3,0.09999999999999999,0.3328076899051666,0.8036274760961533,0.05,0.05,0.016666666666666666,0.924924924924925,0.0,0.042735042735042736,0.4924924924924925,0.393703818321228,0.8497366011142731,0
SEUMLD,OADNet_audio,3,123,3.0,0.6,True,0.3,0.09999999999999999,0.3328076899051666,0.8036274760961533,0.075,0.075,0.024999999999999998,0.8888888888888888,0.010101010101010102,0.06837606837606838,0.5015015015015015,0.37351951003074646,0.8433191031217575,0
SEUMLD,OADNet_audio,3,123,3.0,0.6,True,0.3,0.09999999999999999,0.3328076899051666,0.8036274760961533,0.1,0.1,0.03333333333333333,0.8588588588588588,0.020202020202020204,0.09401709401709402,0.5135135135135135,0.3666897714138031,0.837619960308075,0
SEUMLD,OADNet_audio,3,123,3.0,0.6,True,0.3,0.09999999999999999,0.3328076899051666,0.8036274760961533,0.15,0.15,0.049999999999999996,0.7357357357357357,0.04040404040404041,0.1452991452991453,0.506006006006006,0.34825387597084045,0.8155783414840698,0
SEUMLD,OADNet_audio,3,123,3.0,0.6,True,0.3,0.09999999999999999,0.3328076899051666,0.8036274760961533,0.2,0.2,0.06666666666666667,0.6786786786786787,0.050505050505050504,0.19658119658119658,0.5225225225225225,0.3392479121685028,0.8112189918756485,0
SEUMLD,OADNet_audio,3,123,3.0,0.6,True,0.3,0.09999999999999999,0.3328076899051666,0.8036274760961533,0.25,0.25,0.08333333333333333,0.6156156156156156,0.0707070707070707,0.24358974358974358,0.5420420420420421,0.3303885757923126,0.8080761283636093,0
SEUMLD,OADNet_audio,3,123,3.0,0.6,True,0.3,0.09999999999999999,0.3328076899051666,0.8036274760961533,0.3,0.3,0.09999999999999999,0.5315315315315315,0.09090909090909091,0.2948717948717949,0.5540540540540541,0.31124213337898254,0.8049385994672775,1
SEUMLD,OADNet_audio,3,123,3.0,0.7,True,0.2,0.06666666666666667,0.354768306016922,0.8103376924991608,0.05,0.05,0.016666666666666666,0.924924924924925,0.0,0.042735042735042736,0.4924924924924925,0.393703818321228,0.8497366011142731,0
SEUMLD,OADNet_audio,3,123,3.0,0.7,True,0.2,0.06666666666666667,0.354768306016922,0.8103376924991608,0.075,0.075,0.024999999999999998,0.8888888888888888,0.010101010101010102,0.06837606837606838,0.5015015015015015,0.37351951003074646,0.8433191031217575,0
SEUMLD,OADNet_audio,3,123,3.0,0.7,True,0.2,0.06666666666666667,0.354768306016922,0.8103376924991608,0.1,0.1,0.03333333333333333,0.8588588588588588,0.020202020202020204,0.09401709401709402,0.5135135135135135,0.3666897714138031,0.837619960308075,0
SEUMLD,OADNet_audio,3,123,3.0,0.7,True,0.2,0.06666666666666667,0.354768306016922,0.8103376924991608,0.15,0.15,0.049999999999999996,0.7357357357357357,0.04040404040404041,0.1452991452991453,0.506006006006006,0.34825387597084045,0.8155783414840698,0
SEUMLD,OADNet_audio,3,123,3.0,0.7,True,0.2,0.06666666666666667,0.354768306016922,0.8103376924991608,0.2,0.2,0.06666666666666667,0.6786786786786787,0.050505050505050504,0.19658119658119658,0.5225225225225225,0.3392479121685028,0.8112189918756485,1
SEUMLD,OADNet_audio,3,123,3.0,0.7,True,0.2,0.06666666666666667,0.354768306016922,0.8103376924991608,0.25,0.25,0.08333333333333333,0.6156156156156156,0.0707070707070707,0.24358974358974358,0.5420420420420421,0.3303885757923126,0.8080761283636093,0
SEUMLD,OADNet_audio,3,123,3.0,0.7,True,0.2,0.06666666666666667,0.354768306016922,0.8103376924991608,0.3,0.3,0.09999999999999999,0.5315315315315315,0.09090909090909091,0.2948717948717949,0.5540540540540541,0.31124213337898254,0.8049385994672775,0
SEUMLD,OADNet_audio,3,123,3.0,0.8,True,0.15,0.049999999999999996,0.36226552724838257,0.8134084790945053,0.05,0.05,0.016666666666666666,0.924924924924925,0.0,0.042735042735042736,0.4924924924924925,0.393703818321228,0.8497366011142731,0
SEUMLD,OADNet_audio,3,123,3.0,0.8,True,0.15,0.049999999999999996,0.36226552724838257,0.8134084790945053,0.075,0.075,0.024999999999999998,0.8888888888888888,0.010101010101010102,0.06837606837606838,0.5015015015015015,0.37351951003074646,0.8433191031217575,0
SEUMLD,OADNet_audio,3,123,3.0,0.8,True,0.15,0.049999999999999996,0.36226552724838257,0.8134084790945053,0.1,0.1,0.03333333333333333,0.8588588588588588,0.020202020202020204,0.09401709401709402,0.5135135135135135,0.3666897714138031,0.837619960308075,0
SEUMLD,OADNet_audio,3,123,3.0,0.8,True,0.15,0.049999999999999996,0.36226552724838257,0.8134084790945053,0.15,0.15,0.049999999999999996,0.7357357357357357,0.04040404040404041,0.1452991452991453,0.506006006006006,0.34825387597084045,0.8155783414840698,1
SEUMLD,OADNet_audio,3,123,3.0,0.8,True,0.15,0.049999999999999996,0.36226552724838257,0.8134084790945053,0.2,0.2,0.06666666666666667,0.6786786786786787,0.050505050505050504,0.19658119658119658,0.5225225225225225,0.3392479121685028,0.8112189918756485,0
SEUMLD,OADNet_audio,3,123,3.0,0.8,True,0.15,0.049999999999999996,0.36226552724838257,0.8134084790945053,0.25,0.25,0.08333333333333333,0.6156156156156156,0.0707070707070707,0.24358974358974358,0.5420420420420421,0.3303885757923126,0.8080761283636093,0
SEUMLD,OADNet_audio,3,123,3.0,0.8,True,0.15,0.049999999999999996,0.36226552724838257,0.8134084790945053,0.3,0.3,0.09999999999999999,0.5315315315315315,0.09090909090909091,0.2948717948717949,0.5540540540540541,0.31124213337898254,0.8049385994672775,0
SEUMLD,OADNet_audio,3,2024,3.0,0.5,False,0.3,0.09999999999999999,0.36395934224128723,0.7612984478473663,0.05,0.05,0.016666666666666666,0.9369369369369369,0.0,0.042735042735042736,0.4984984984984985,0.40456971526145935,0.8269174098968506,0
SEUMLD,OADNet_audio,3,2024,3.0,0.5,False,0.3,0.09999999999999999,0.36395934224128723,0.7612984478473663,0.075,0.075,0.024999999999999998,0.8918918918918919,0.010101010101010102,0.06837606837606838,0.503003003003003,0.3936523497104645,0.8154919147491455,0
SEUMLD,OADNet_audio,3,2024,3.0,0.5,False,0.3,0.09999999999999999,0.36395934224128723,0.7612984478473663,0.1,0.1,0.03333333333333333,0.8378378378378378,0.020202020202020204,0.09401709401709402,0.503003003003003,0.3904689848423004,0.7988245189189911,0
SEUMLD,OADNet_audio,3,2024,3.0,0.5,False,0.3,0.09999999999999999,0.36395934224128723,0.7612984478473663,0.15,0.15,0.049999999999999996,0.7567567567567568,0.04040404040404041,0.1452991452991453,0.5165165165165165,0.3765489459037781,0.7983625382184982,0
SEUMLD,OADNet_audio,3,2024,3.0,0.5,False,0.3,0.09999999999999999,0.36395934224128723,0.7612984478473663,0.2,0.2,0.06666666666666667,0.6906906906906907,0.050505050505050504,0.19658119658119658,0.5285285285285285,0.36548998951911926,0.7888607829809189,0
SEUMLD,OADNet_audio,3,2024,3.0,0.5,False,0.3,0.09999999999999999,0.36395934224128723,0.7612984478473663,0.25,0.25,0.08333333333333333,0.6096096096096096,0.0707070707070707,0.24358974358974358,0.539039039039039,0.35978081822395325,0.7606715708971024,0
SEUMLD,OADNet_audio,3,2024,3.0,0.5,False,0.3,0.09999999999999999,0.36395934224128723,0.7612984478473663,0.3,0.3,0.09999999999999999,0.5315315315315315,0.09090909090909091,0.2948717948717949,0.5540540540540541,0.3532904088497162,0.7550849616527557,1
SEUMLD,OADNet_audio,3,2024,3.0,0.6,True,0.3,0.09999999999999999,0.36395934224128723,0.7612984478473663,0.05,0.05,0.016666666666666666,0.9369369369369369,0.0,0.042735042735042736,0.4984984984984985,0.40456971526145935,0.8269174098968506,0
SEUMLD,OADNet_audio,3,2024,3.0,0.6,True,0.3,0.09999999999999999,0.36395934224128723,0.7612984478473663,0.075,0.075,0.024999999999999998,0.8918918918918919,0.010101010101010102,0.06837606837606838,0.503003003003003,0.3936523497104645,0.8154919147491455,0
SEUMLD,OADNet_audio,3,2024,3.0,0.6,True,0.3,0.09999999999999999,0.36395934224128723,0.7612984478473663,0.1,0.1,0.03333333333333333,0.8378378378378378,0.020202020202020204,0.09401709401709402,0.503003003003003,0.3904689848423004,0.7988245189189911,0
SEUMLD,OADNet_audio,3,2024,3.0,0.6,True,0.3,0.09999999999999999,0.36395934224128723,0.7612984478473663,0.15,0.15,0.049999999999999996,0.7567567567567568,0.04040404040404041,0.1452991452991453,0.5165165165165165,0.3765489459037781,0.7983625382184982,0
SEUMLD,OADNet_audio,3,2024,3.0,0.6,True,0.3,0.09999999999999999,0.36395934224128723,0.7612984478473663,0.2,0.2,0.06666666666666667,0.6906906906906907,0.050505050505050504,0.19658119658119658,0.5285285285285285,0.36548998951911926,0.7888607829809189,0
SEUMLD,OADNet_audio,3,2024,3.0,0.6,True,0.3,0.09999999999999999,0.36395934224128723,0.7612984478473663,0.25,0.25,0.08333333333333333,0.6096096096096096,0.0707070707070707,0.24358974358974358,0.539039039039039,0.35978081822395325,0.7606715708971024,0
SEUMLD,OADNet_audio,3,2024,3.0,0.6,True,0.3,0.09999999999999999,0.36395934224128723,0.7612984478473663,0.3,0.3,0.09999999999999999,0.5315315315315315,0.09090909090909091,0.2948717948717949,0.5540540540540541,0.3532904088497162,0.7550849616527557,1
SEUMLD,OADNet_audio,3,2024,3.0,0.7,True,0.2,0.06666666666666667,0.3776283860206604,0.7705155462026596,0.05,0.05,0.016666666666666666,0.9369369369369369,0.0,0.042735042735042736,0.4984984984984985,0.40456971526145935,0.8269174098968506,0
SEUMLD,OADNet_audio,3,2024,3.0,0.7,True,0.2,0.06666666666666667,0.3776283860206604,0.7705155462026596,0.075,0.075,0.024999999999999998,0.8918918918918919,0.010101010101010102,0.06837606837606838,0.503003003003003,0.3936523497104645,0.8154919147491455,0
SEUMLD,OADNet_audio,3,2024,3.0,0.7,True,0.2,0.06666666666666667,0.3776283860206604,0.7705155462026596,0.1,0.1,0.03333333333333333,0.8378378378378378,0.020202020202020204,0.09401709401709402,0.503003003003003,0.3904689848423004,0.7988245189189911,0
SEUMLD,OADNet_audio,3,2024,3.0,0.7,True,0.2,0.06666666666666667,0.3776283860206604,0.7705155462026596,0.15,0.15,0.049999999999999996,0.7567567567567568,0.04040404040404041,0.1452991452991453,0.5165165165165165,0.3765489459037781,0.7983625382184982,0
SEUMLD,OADNet_audio,3,2024,3.0,0.7,True,0.2,0.06666666666666667,0.3776283860206604,0.7705155462026596,0.2,0.2,0.06666666666666667,0.6906906906906907,0.050505050505050504,0.19658119658119658,0.5285285285285285,0.36548998951911926,0.7888607829809189,1
SEUMLD,OADNet_audio,3,2024,3.0,0.7,True,0.2,0.06666666666666667,0.3776283860206604,0.7705155462026596,0.25,0.25,0.08333333333333333,0.6096096096096096,0.0707070707070707,0.24358974358974358,0.539039039039039,0.35978081822395325,0.7606715708971024,0
SEUMLD,OADNet_audio,3,2024,3.0,0.7,True,0.2,0.06666666666666667,0.3776283860206604,0.7705155462026596,0.3,0.3,0.09999999999999999,0.5315315315315315,0.09090909090909091,0.2948717948717949,0.5540540540540541,0.3532904088497162,0.7550849616527557,0
SEUMLD,OADNet_audio,3,2024,3.0,0.8,True,0.15,0.049999999999999996,0.3832474648952484,0.7726921439170837,0.05,0.05,0.016666666666666666,0.9369369369369369,0.0,0.042735042735042736,0.4984984984984985,0.40456971526145935,0.8269174098968506,0
SEUMLD,OADNet_audio,3,2024,3.0,0.8,True,0.15,0.049999999999999996,0.3832474648952484,0.7726921439170837,0.075,0.075,0.024999999999999998,0.8918918918918919,0.010101010101010102,0.06837606837606838,0.503003003003003,0.3936523497104645,0.8154919147491455,0
SEUMLD,OADNet_audio,3,2024,3.0,0.8,True,0.15,0.049999999999999996,0.3832474648952484,0.7726921439170837,0.1,0.1,0.03333333333333333,0.8378378378378378,0.020202020202020204,0.09401709401709402,0.503003003003003,0.3904689848423004,0.7988245189189911,0
SEUMLD,OADNet_audio,3,2024,3.0,0.8,True,0.15,0.049999999999999996,0.3832474648952484,0.7726921439170837,0.15,0.15,0.049999999999999996,0.7567567567567568,0.04040404040404041,0.1452991452991453,0.5165165165165165,0.3765489459037781,0.7983625382184982,1
SEUMLD,OADNet_audio,3,2024,3.0,0.8,True,0.15,0.049999999999999996,0.3832474648952484,0.7726921439170837,0.2,0.2,0.06666666666666667,0.6906906906906907,0.050505050505050504,0.19658119658119658,0.5285285285285285,0.36548998951911926,0.7888607829809189,0
SEUMLD,OADNet_audio,3,2024,3.0,0.8,True,0.15,0.049999999999999996,0.3832474648952484,0.7726921439170837,0.25,0.25,0.08333333333333333,0.6096096096096096,0.0707070707070707,0.24358974358974358,0.539039039039039,0.35978081822395325,0.7606715708971024,0
SEUMLD,OADNet_audio,3,2024,3.0,0.8,True,0.15,0.049999999999999996,0.3832474648952484,0.7726921439170837,0.3,0.3,0.09999999999999999,0.5315315315315315,0.09090909090909091,0.2948717948717949,0.5540540540540541,0.3532904088497162,0.7550849616527557,0
SEUMLD,OADNet_audio,3,2026,3.0,0.5,False,0.3,0.09999999999999999,0.3179928660392761,0.7743024080991745,0.05,0.05,0.016666666666666666,0.933933933933934,0.0,0.042735042735042736,0.496996996996997,0.35430818796157837,0.818156361579895,0
SEUMLD,OADNet_audio,3,2026,3.0,0.5,False,0.3,0.09999999999999999,0.3179928660392761,0.7743024080991745,0.075,0.075,0.024999999999999998,0.9039039039039038,0.010101010101010102,0.06837606837606838,0.509009009009009,0.3472115099430084,0.8163546919822693,0
SEUMLD,OADNet_audio,3,2026,3.0,0.5,False,0.3,0.09999999999999999,0.3179928660392761,0.7743024080991745,0.1,0.1,0.03333333333333333,0.8558558558558559,0.020202020202020204,0.09401709401709402,0.512012012012012,0.3362605571746826,0.8091873079538345,0
SEUMLD,OADNet_audio,3,2026,3.0,0.5,False,0.3,0.09999999999999999,0.3179928660392761,0.7743024080991745,0.15,0.15,0.049999999999999996,0.7537537537537538,0.04040404040404041,0.1452991452991453,0.515015015015015,0.3290555775165558,0.7920482456684113,0
SEUMLD,OADNet_audio,3,2026,3.0,0.5,False,0.3,0.09999999999999999,0.3179928660392761,0.7743024080991745,0.2,0.2,0.06666666666666667,0.6996996996996997,0.050505050505050504,0.19658119658119658,0.5330330330330331,0.3218986988067627,0.7911005020141602,0
SEUMLD,OADNet_audio,3,2026,3.0,0.5,False,0.3,0.09999999999999999,0.3179928660392761,0.7743024080991745,0.25,0.25,0.08333333333333333,0.5885885885885885,0.0707070707070707,0.24358974358974358,0.5285285285285285,0.3133085072040558,0.7765033096075058,0
SEUMLD,OADNet_audio,3,2026,3.0,0.5,False,0.3,0.09999999999999999,0.3179928660392761,0.7743024080991745,0.3,0.3,0.09999999999999999,0.5195195195195195,0.09090909090909091,0.2948717948717949,0.5480480480480481,0.30679574608802795,0.7743024080991745,1
SEUMLD,OADNet_audio,3,2026,3.0,0.6,True,0.25,0.08333333333333333,0.32949957251548767,0.7788868397474289,0.05,0.05,0.016666666666666666,0.933933933933934,0.0,0.042735042735042736,0.496996996996997,0.35430818796157837,0.818156361579895,0
SEUMLD,OADNet_audio,3,2026,3.0,0.6,True,0.25,0.08333333333333333,0.32949957251548767,0.7788868397474289,0.075,0.075,0.024999999999999998,0.9039039039039038,0.010101010101010102,0.06837606837606838,0.509009009009009,0.3472115099430084,0.8163546919822693,0
SEUMLD,OADNet_audio,3,2026,3.0,0.6,True,0.25,0.08333333333333333,0.32949957251548767,0.7788868397474289,0.1,0.1,0.03333333333333333,0.8558558558558559,0.020202020202020204,0.09401709401709402,0.512012012012012,0.3362605571746826,0.8091873079538345,0
SEUMLD,OADNet_audio,3,2026,3.0,0.6,True,0.25,0.08333333333333333,0.32949957251548767,0.7788868397474289,0.15,0.15,0.049999999999999996,0.7537537537537538,0.04040404040404041,0.1452991452991453,0.515015015015015,0.3290555775165558,0.7920482456684113,0
SEUMLD,OADNet_audio,3,2026,3.0,0.6,True,0.25,0.08333333333333333,0.32949957251548767,0.7788868397474289,0.2,0.2,0.06666666666666667,0.6996996996996997,0.050505050505050504,0.19658119658119658,0.5330330330330331,0.3218986988067627,0.7911005020141602,0
SEUMLD,OADNet_audio,3,2026,3.0,0.6,True,0.25,0.08333333333333333,0.32949957251548767,0.7788868397474289,0.25,0.25,0.08333333333333333,0.5885885885885885,0.0707070707070707,0.24358974358974358,0.5285285285285285,0.3133085072040558,0.7765033096075058,1
SEUMLD,OADNet_audio,3,2026,3.0,0.6,True,0.25,0.08333333333333333,0.32949957251548767,0.7788868397474289,0.3,0.3,0.09999999999999999,0.5195195195195195,0.09090909090909091,0.2948717948717949,0.5480480480480481,0.30679574608802795,0.7743024080991745,0
SEUMLD,OADNet_audio,3,2026,3.0,0.7,True,0.25,0.08333333333333333,0.32949957251548767,0.7788868397474289,0.05,0.05,0.016666666666666666,0.933933933933934,0.0,0.042735042735042736,0.496996996996997,0.35430818796157837,0.818156361579895,0
SEUMLD,OADNet_audio,3,2026,3.0,0.7,True,0.25,0.08333333333333333,0.32949957251548767,0.7788868397474289,0.075,0.075,0.024999999999999998,0.9039039039039038,0.010101010101010102,0.06837606837606838,0.509009009009009,0.3472115099430084,0.8163546919822693,0
SEUMLD,OADNet_audio,3,2026,3.0,0.7,True,0.25,0.08333333333333333,0.32949957251548767,0.7788868397474289,0.1,0.1,0.03333333333333333,0.8558558558558559,0.020202020202020204,0.09401709401709402,0.512012012012012,0.3362605571746826,0.8091873079538345,0
SEUMLD,OADNet_audio,3,2026,3.0,0.7,True,0.25,0.08333333333333333,0.32949957251548767,0.7788868397474289,0.15,0.15,0.049999999999999996,0.7537537537537538,0.04040404040404041,0.1452991452991453,0.515015015015015,0.3290555775165558,0.7920482456684113,0
SEUMLD,OADNet_audio,3,2026,3.0,0.7,True,0.25,0.08333333333333333,0.32949957251548767,0.7788868397474289,0.2,0.2,0.06666666666666667,0.6996996996996997,0.050505050505050504,0.19658119658119658,0.5330330330330331,0.3218986988067627,0.7911005020141602,0
SEUMLD,OADNet_audio,3,2026,3.0,0.7,True,0.25,0.08333333333333333,0.32949957251548767,0.7788868397474289,0.25,0.25,0.08333333333333333,0.5885885885885885,0.0707070707070707,0.24358974358974358,0.5285285285285285,0.3133085072040558,0.7765033096075058,1
SEUMLD,OADNet_audio,3,2026,3.0,0.7,True,0.25,0.08333333333333333,0.32949957251548767,0.7788868397474289,0.3,0.3,0.09999999999999999,0.5195195195195195,0.09090909090909091,0.2948717948717949,0.5480480480480481,0.30679574608802795,0.7743024080991745,0
SEUMLD,OADNet_audio,3,2026,3.0,0.8,True,0.15,0.049999999999999996,0.3417634069919586,0.78785440325737,0.05,0.05,0.016666666666666666,0.933933933933934,0.0,0.042735042735042736,0.496996996996997,0.35430818796157837,0.818156361579895,0
SEUMLD,OADNet_audio,3,2026,3.0,0.8,True,0.15,0.049999999999999996,0.3417634069919586,0.78785440325737,0.075,0.075,0.024999999999999998,0.9039039039039038,0.010101010101010102,0.06837606837606838,0.509009009009009,0.3472115099430084,0.8163546919822693,0
SEUMLD,OADNet_audio,3,2026,3.0,0.8,True,0.15,0.049999999999999996,0.3417634069919586,0.78785440325737,0.1,0.1,0.03333333333333333,0.8558558558558559,0.020202020202020204,0.09401709401709402,0.512012012012012,0.3362605571746826,0.8091873079538345,0
SEUMLD,OADNet_audio,3,2026,3.0,0.8,True,0.15,0.049999999999999996,0.3417634069919586,0.78785440325737,0.15,0.15,0.049999999999999996,0.7537537537537538,0.04040404040404041,0.1452991452991453,0.515015015015015,0.3290555775165558,0.7920482456684113,1
SEUMLD,OADNet_audio,3,2026,3.0,0.8,True,0.15,0.049999999999999996,0.3417634069919586,0.78785440325737,0.2,0.2,0.06666666666666667,0.6996996996996997,0.050505050505050504,0.19658119658119658,0.5330330330330331,0.3218986988067627,0.7911005020141602,0
SEUMLD,OADNet_audio,3,2026,3.0,0.8,True,0.15,0.049999999999999996,0.3417634069919586,0.78785440325737,0.25,0.25,0.08333333333333333,0.5885885885885885,0.0707070707070707,0.24358974358974358,0.5285285285285285,0.3133085072040558,0.7765033096075058,0
SEUMLD,OADNet_audio,3,2026,3.0,0.8,True,0.15,0.049999999999999996,0.3417634069919586,0.78785440325737,0.3,0.3,0.09999999999999999,0.5195195195195195,0.09090909090909091,0.2948717948717949,0.5480480480480481,0.30679574608802795,0.7743024080991745,0
SEUMLD,OADNet_audio,4,7,3.0,0.5,False,0.3,0.09999999999999999,0.35809552669525146,0.7678127586841583,0.05,0.05,0.016666666666666666,0.9652777777777778,0.0,0.042105263157894736,0.5104166666666666,0.4793943464756012,0.7844744920730591,0
SEUMLD,OADNet_audio,4,7,3.0,0.5,False,0.3,0.09999999999999999,0.35809552669525146,0.7678127586841583,0.075,0.075,0.024999999999999998,0.9375,0.01020408163265306,0.06842105263157895,0.5243055555555556,0.45216238498687744,0.7787878811359406,0
SEUMLD,OADNet_audio,4,7,3.0,0.5,False,0.3,0.09999999999999999,0.35809552669525146,0.7678127586841583,0.1,0.1,0.03333333333333333,0.8993055555555556,0.02040816326530612,0.09473684210526316,0.5329861111111112,0.435926228761673,0.7747036963701248,0
SEUMLD,OADNet_audio,4,7,3.0,0.5,False,0.3,0.09999999999999999,0.35809552669525146,0.7678127586841583,0.15,0.15,0.049999999999999996,0.8194444444444444,0.030612244897959183,0.14210526315789473,0.5347222222222222,0.41450148820877075,0.7692434191703796,0
SEUMLD,OADNet_audio,4,7,3.0,0.5,False,0.3,0.09999999999999999,0.35809552669525146,0.7678127586841583,0.2,0.2,0.06666666666666667,0.7222222222222222,0.05102040816326531,0.19473684210526315,0.5416666666666666,0.3999081254005432,0.7496266961097717,0
SEUMLD,OADNet_audio,4,7,3.0,0.5,False,0.3,0.09999999999999999,0.35809552669525146,0.7678127586841583,0.25,0.25,0.08333333333333333,0.6631944444444444,0.07142857142857142,0.23684210526315788,0.5607638888888888,0.3919397294521332,0.7440332174301147,0
SEUMLD,OADNet_audio,4,7,3.0,0.5,False,0.3,0.09999999999999999,0.35809552669525146,0.7678127586841583,0.3,0.3,0.09999999999999999,0.5833333333333334,0.08163265306122448,0.29473684210526313,0.5694444444444444,0.37749341130256653,0.7389683425426483,1
SEUMLD,OADNet_audio,4,7,3.0,0.6,True,0.3,0.09999999999999999,0.35809552669525146,0.7678127586841583,0.05,0.05,0.016666666666666666,0.9652777777777778,0.0,0.042105263157894736,0.5104166666666666,0.4793943464756012,0.7844744920730591,0
SEUMLD,OADNet_audio,4,7,3.0,0.6,True,0.3,0.09999999999999999,0.35809552669525146,0.7678127586841583,0.075,0.075,0.024999999999999998,0.9375,0.01020408163265306,0.06842105263157895,0.5243055555555556,0.45216238498687744,0.7787878811359406,0
SEUMLD,OADNet_audio,4,7,3.0,0.6,True,0.3,0.09999999999999999,0.35809552669525146,0.7678127586841583,0.1,0.1,0.03333333333333333,0.8993055555555556,0.02040816326530612,0.09473684210526316,0.5329861111111112,0.435926228761673,0.7747036963701248,0
SEUMLD,OADNet_audio,4,7,3.0,0.6,True,0.3,0.09999999999999999,0.35809552669525146,0.7678127586841583,0.15,0.15,0.049999999999999996,0.8194444444444444,0.030612244897959183,0.14210526315789473,0.5347222222222222,0.41450148820877075,0.7692434191703796,0
SEUMLD,OADNet_audio,4,7,3.0,0.6,True,0.3,0.09999999999999999,0.35809552669525146,0.7678127586841583,0.2,0.2,0.06666666666666667,0.7222222222222222,0.05102040816326531,0.19473684210526315,0.5416666666666666,0.3999081254005432,0.7496266961097717,0
SEUMLD,OADNet_audio,4,7,3.0,0.6,True,0.3,0.09999999999999999,0.35809552669525146,0.7678127586841583,0.25,0.25,0.08333333333333333,0.6631944444444444,0.07142857142857142,0.23684210526315788,0.5607638888888888,0.3919397294521332,0.7440332174301147,0
SEUMLD,OADNet_audio,4,7,3.0,0.6,True,0.3,0.09999999999999999,0.35809552669525146,0.7678127586841583,0.3,0.3,0.09999999999999999,0.5833333333333334,0.08163265306122448,0.29473684210526313,0.5694444444444444,0.37749341130256653,0.7389683425426483,1
SEUMLD,OADNet_audio,4,7,3.0,0.7,True,0.25,0.08333333333333333,0.3751676678657532,0.7682221531867981,0.05,0.05,0.016666666666666666,0.9652777777777778,0.0,0.042105263157894736,0.5104166666666666,0.4793943464756012,0.7844744920730591,0
SEUMLD,OADNet_audio,4,7,3.0,0.7,True,0.25,0.08333333333333333,0.3751676678657532,0.7682221531867981,0.075,0.075,0.024999999999999998,0.9375,0.01020408163265306,0.06842105263157895,0.5243055555555556,0.45216238498687744,0.7787878811359406,0
SEUMLD,OADNet_audio,4,7,3.0,0.7,True,0.25,0.08333333333333333,0.3751676678657532,0.7682221531867981,0.1,0.1,0.03333333333333333,0.8993055555555556,0.02040816326530612,0.09473684210526316,0.5329861111111112,0.435926228761673,0.7747036963701248,0
SEUMLD,OADNet_audio,4,7,3.0,0.7,True,0.25,0.08333333333333333,0.3751676678657532,0.7682221531867981,0.15,0.15,0.049999999999999996,0.8194444444444444,0.030612244897959183,0.14210526315789473,0.5347222222222222,0.41450148820877075,0.7692434191703796,0
SEUMLD,OADNet_audio,4,7,3.0,0.7,True,0.25,0.08333333333333333,0.3751676678657532,0.7682221531867981,0.2,0.2,0.06666666666666667,0.7222222222222222,0.05102040816326531,0.19473684210526315,0.5416666666666666,0.3999081254005432,0.7496266961097717,0
SEUMLD,OADNet_audio,4,7,3.0,0.7,True,0.25,0.08333333333333333,0.3751676678657532,0.7682221531867981,0.25,0.25,0.08333333333333333,0.6631944444444444,0.07142857142857142,0.23684210526315788,0.5607638888888888,0.3919397294521332,0.7440332174301147,1
SEUMLD,OADNet_audio,4,7,3.0,0.7,True,0.25,0.08333333333333333,0.3751676678657532,0.7682221531867981,0.3,0.3,0.09999999999999999,0.5833333333333334,0.08163265306122448,0.29473684210526313,0.5694444444444444,0.37749341130256653,0.7389683425426483,0
SEUMLD,OADNet_audio,4,7,3.0,0.8,True,0.2,0.06666666666666667,0.3920423984527588,0.7726921439170837,0.05,0.05,0.016666666666666666,0.9652777777777778,0.0,0.042105263157894736,0.5104166666666666,0.4793943464756012,0.7844744920730591,0
SEUMLD,OADNet_audio,4,7,3.0,0.8,True,0.2,0.06666666666666667,0.3920423984527588,0.7726921439170837,0.075,0.075,0.024999999999999998,0.9375,0.01020408163265306,0.06842105263157895,0.5243055555555556,0.45216238498687744,0.7787878811359406,0
SEUMLD,OADNet_audio,4,7,3.0,0.8,True,0.2,0.06666666666666667,0.3920423984527588,0.7726921439170837,0.1,0.1,0.03333333333333333,0.8993055555555556,0.02040816326530612,0.09473684210526316,0.5329861111111112,0.435926228761673,0.7747036963701248,0
SEUMLD,OADNet_audio,4,7,3.0,0.8,True,0.2,0.06666666666666667,0.3920423984527588,0.7726921439170837,0.15,0.15,0.049999999999999996,0.8194444444444444,0.030612244897959183,0.14210526315789473,0.5347222222222222,0.41450148820877075,0.7692434191703796,0
SEUMLD,OADNet_audio,4,7,3.0,0.8,True,0.2,0.06666666666666667,0.3920423984527588,0.7726921439170837,0.2,0.2,0.06666666666666667,0.7222222222222222,0.05102040816326531,0.19473684210526315,0.5416666666666666,0.3999081254005432,0.7496266961097717,1
SEUMLD,OADNet_audio,4,7,3.0,0.8,True,0.2,0.06666666666666667,0.3920423984527588,0.7726921439170837,0.25,0.25,0.08333333333333333,0.6631944444444444,0.07142857142857142,0.23684210526315788,0.5607638888888888,0.3919397294521332,0.7440332174301147,0
SEUMLD,OADNet_audio,4,7,3.0,0.8,True,0.2,0.06666666666666667,0.3920423984527588,0.7726921439170837,0.3,0.3,0.09999999999999999,0.5833333333333334,0.08163265306122448,0.29473684210526313,0.5694444444444444,0.37749341130256653,0.7389683425426483,0
SEUMLD,OADNet_audio,4,42,3.0,0.5,False,0.3,0.09999999999999999,0.2664414644241333,0.8393315523862839,0.05,0.05,0.016666666666666666,0.9444444444444444,0.0,0.042105263157894736,0.5,0.43670329451560974,0.8534032255411148,0
SEUMLD,OADNet_audio,4,42,3.0,0.5,False,0.3,0.09999999999999999,0.2664414644241333,0.8393315523862839,0.075,0.075,0.024999999999999998,0.8888888888888888,0.01020408163265306,0.06842105263157895,0.5,0.3663896918296814,0.843357041478157,0
SEUMLD,OADNet_audio,4,42,3.0,0.5,False,0.3,0.09999999999999999,0.2664414644241333,0.8393315523862839,0.1,0.1,0.03333333333333333,0.84375,0.02040816326530612,0.09473684210526316,0.5052083333333334,0.352618008852005,0.8390989899635315,0
SEUMLD,OADNet_audio,4,42,3.0,0.5,False,0.3,0.09999999999999999,0.2664414644241333,0.8393315523862839,0.15,0.15,0.049999999999999996,0.7708333333333334,0.030612244897959183,0.14210526315789473,0.5104166666666666,0.3285009264945984,0.8343116194009781,0
SEUMLD,OADNet_audio,4,42,3.0,0.5,False,0.3,0.09999999999999999,0.2664414644241333,0.8393315523862839,0.2,0.2,0.06666666666666667,0.7152777777777778,0.05102040816326531,0.19473684210526315,0.5381944444444444,0.31453028321266174,0.8281880915164948,0
SEUMLD,OADNet_audio,4,42,3.0,0.5,False,0.3,0.09999999999999999,0.2664414644241333,0.8393315523862839,0.25,0.25,0.08333333333333333,0.6319444444444444,0.07142857142857142,0.24210526315789474,0.5486111111111112,0.29525384306907654,0.8178142309188843,0
SEUMLD,OADNet_audio,4,42,3.0,0.5,False,0.3,0.09999999999999999,0.2664414644241333,0.8393315523862839,0.3,0.3,0.09999999999999999,0.5833333333333334,0.08163265306122448,0.29473684210526313,0.5694444444444444,0.28636878728866577,0.8170426785945892,1
SEUMLD,OADNet_audio,4,42,3.0,0.6,True,0.3,0.09999999999999999,0.2664414644241333,0.8393315523862839,0.05,0.05,0.016666666666666666,0.9444444444444444,0.0,0.042105263157894736,0.5,0.43670329451560974,0.8534032255411148,0
SEUMLD,OADNet_audio,4,42,3.0,0.6,True,0.3,0.09999999999999999,0.2664414644241333,0.8393315523862839,0.075,0.075,0.024999999999999998,0.8888888888888888,0.01020408163265306,0.06842105263157895,0.5,0.3663896918296814,0.843357041478157,0
SEUMLD,OADNet_audio,4,42,3.0,0.6,True,0.3,0.09999999999999999,0.2664414644241333,0.8393315523862839,0.1,0.1,0.03333333333333333,0.84375,0.02040816326530612,0.09473684210526316,0.5052083333333334,0.352618008852005,0.8390989899635315,0
SEUMLD,OADNet_audio,4,42,3.0,0.6,True,0.3,0.09999999999999999,0.2664414644241333,0.8393315523862839,0.15,0.15,0.049999999999999996,0.7708333333333334,0.030612244897959183,0.14210526315789473,0.5104166666666666,0.3285009264945984,0.8343116194009781,0
SEUMLD,OADNet_audio,4,42,3.0,0.6,True,0.3,0.09999999999999999,0.2664414644241333,0.8393315523862839,0.2,0.2,0.06666666666666667,0.7152777777777778,0.05102040816326531,0.19473684210526315,0.5381944444444444,0.31453028321266174,0.8281880915164948,0
SEUMLD,OADNet_audio,4,42,3.0,0.6,True,0.3,0.09999999999999999,0.2664414644241333,0.8393315523862839,0.25,0.25,0.08333333333333333,0.6319444444444444,0.07142857142857142,0.24210526315789474,0.5486111111111112,0.29525384306907654,0.8178142309188843,0
SEUMLD,OADNet_audio,4,42,3.0,0.6,True,0.3,0.09999999999999999,0.2664414644241333,0.8393315523862839,0.3,0.3,0.09999999999999999,0.5833333333333334,0.08163265306122448,0.29473684210526313,0.5694444444444444,0.28636878728866577,0.8170426785945892,1
SEUMLD,OADNet_audio,4,42,3.0,0.7,True,0.25,0.08333333333333333,0.2785683870315552,0.8396411836147308,0.05,0.05,0.016666666666666666,0.9444444444444444,0.0,0.042105263157894736,0.5,0.43670329451560974,0.8534032255411148,0
SEUMLD,OADNet_audio,4,42,3.0,0.7,True,0.25,0.08333333333333333,0.2785683870315552,0.8396411836147308,0.075,0.075,0.024999999999999998,0.8888888888888888,0.01020408163265306,0.06842105263157895,0.5,0.3663896918296814,0.843357041478157,0
SEUMLD,OADNet_audio,4,42,3.0,0.7,True,0.25,0.08333333333333333,0.2785683870315552,0.8396411836147308,0.1,0.1,0.03333333333333333,0.84375,0.02040816326530612,0.09473684210526316,0.5052083333333334,0.352618008852005,0.8390989899635315,0
SEUMLD,OADNet_audio,4,42,3.0,0.7,True,0.25,0.08333333333333333,0.2785683870315552,0.8396411836147308,0.15,0.15,0.049999999999999996,0.7708333333333334,0.030612244897959183,0.14210526315789473,0.5104166666666666,0.3285009264945984,0.8343116194009781,0
SEUMLD,OADNet_audio,4,42,3.0,0.7,True,0.25,0.08333333333333333,0.2785683870315552,0.8396411836147308,0.2,0.2,0.06666666666666667,0.7152777777777778,0.05102040816326531,0.19473684210526315,0.5381944444444444,0.31453028321266174,0.8281880915164948,0
SEUMLD,OADNet_audio,4,42,3.0,0.7,True,0.25,0.08333333333333333,0.2785683870315552,0.8396411836147308,0.25,0.25,0.08333333333333333,0.6319444444444444,0.07142857142857142,0.24210526315789474,0.5486111111111112,0.29525384306907654,0.8178142309188843,1
SEUMLD,OADNet_audio,4,42,3.0,0.7,True,0.25,0.08333333333333333,0.2785683870315552,0.8396411836147308,0.3,0.3,0.09999999999999999,0.5833333333333334,0.08163265306122448,0.29473684210526313,0.5694444444444444,0.28636878728866577,0.8170426785945892,0
SEUMLD,OADNet_audio,4,42,3.0,0.8,True,0.15,0.049999999999999996,0.3134784996509552,0.8567841053009033,0.05,0.05,0.016666666666666666,0.9444444444444444,0.0,0.042105263157894736,0.5,0.43670329451560974,0.8534032255411148,0
SEUMLD,OADNet_audio,4,42,3.0,0.8,True,0.15,0.049999999999999996,0.3134784996509552,0.8567841053009033,0.075,0.075,0.024999999999999998,0.8888888888888888,0.01020408163265306,0.06842105263157895,0.5,0.3663896918296814,0.843357041478157,0
SEUMLD,OADNet_audio,4,42,3.0,0.8,True,0.15,0.049999999999999996,0.3134784996509552,0.8567841053009033,0.1,0.1,0.03333333333333333,0.84375,0.02040816326530612,0.09473684210526316,0.5052083333333334,0.352618008852005,0.8390989899635315,0
SEUMLD,OADNet_audio,4,42,3.0,0.8,True,0.15,0.049999999999999996,0.3134784996509552,0.8567841053009033,0.15,0.15,0.049999999999999996,0.7708333333333334,0.030612244897959183,0.14210526315789473,0.5104166666666666,0.3285009264945984,0.8343116194009781,1
SEUMLD,OADNet_audio,4,42,3.0,0.8,True,0.15,0.049999999999999996,0.3134784996509552,0.8567841053009033,0.2,0.2,0.06666666666666667,0.7152777777777778,0.05102040816326531,0.19473684210526315,0.5381944444444444,0.31453028321266174,0.8281880915164948,0
SEUMLD,OADNet_audio,4,42,3.0,0.8,True,0.15,0.049999999999999996,0.3134784996509552,0.8567841053009033,0.25,0.25,0.08333333333333333,0.6319444444444444,0.07142857142857142,0.24210526315789474,0.5486111111111112,0.29525384306907654,0.8178142309188843,0
SEUMLD,OADNet_audio,4,42,3.0,0.8,True,0.15,0.049999999999999996,0.3134784996509552,0.8567841053009033,0.3,0.3,0.09999999999999999,0.5833333333333334,0.08163265306122448,0.29473684210526313,0.5694444444444444,0.28636878728866577,0.8170426785945892,0
SEUMLD,OADNet_audio,4,123,3.0,0.5,False,0.3,0.09999999999999999,0.3144838511943817,0.763587474822998,0.05,0.05,0.016666666666666666,0.9131944444444444,0.0,0.042105263157894736,0.484375,0.43860307335853577,0.7821343690156937,0
SEUMLD,OADNet_audio,4,123,3.0,0.5,False,0.3,0.09999999999999999,0.3144838511943817,0.763587474822998,0.075,0.075,0.024999999999999998,0.8472222222222222,0.01020408163265306,0.06842105263157895,0.4791666666666667,0.3961746394634247,0.7717321962118149,0
SEUMLD,OADNet_audio,4,123,3.0,0.5,False,0.3,0.09999999999999999,0.3144838511943817,0.763587474822998,0.1,0.1,0.03333333333333333,0.8159722222222222,0.02040816326530612,0.09473684210526316,0.4913194444444444,0.3903493881225586,0.7691924422979355,0
SEUMLD,OADNet_audio,4,123,3.0,0.5,False,0.3,0.09999999999999999,0.3144838511943817,0.763587474822998,0.15,0.15,0.049999999999999996,0.7569444444444444,0.030612244897959183,0.14210526315789473,0.5034722222222222,0.37127071619033813,0.7625488936901093,0
SEUMLD,OADNet_audio,4,123,3.0,0.5,False,0.3,0.09999999999999999,0.3144838511943817,0.763587474822998,0.2,0.2,0.06666666666666667,0.7013888888888888,0.05102040816326531,0.19473684210526315,0.53125,0.3548998236656189,0.7595192939043045,0
SEUMLD,OADNet_audio,4,123,3.0,0.5,False,0.3,0.09999999999999999,0.3144838511943817,0.763587474822998,0.25,0.25,0.08333333333333333,0.6354166666666666,0.07142857142857142,0.24210526315789474,0.5503472222222222,0.34341296553611755,0.7542341202497482,0
SEUMLD,OADNet_audio,4,123,3.0,0.5,False,0.3,0.09999999999999999,0.3144838511943817,0.763587474822998,0.3,0.3,0.09999999999999999,0.5902777777777778,0.08163265306122448,0.29473684210526313,0.5729166666666666,0.33146968483924866,0.7533812820911407,1
SEUMLD,OADNet_audio,4,123,3.0,0.6,True,0.3,0.09999999999999999,0.3144838511943817,0.763587474822998,0.05,0.05,0.016666666666666666,0.9131944444444444,0.0,0.042105263157894736,0.484375,0.43860307335853577,0.7821343690156937,0
SEUMLD,OADNet_audio,4,123,3.0,0.6,True,0.3,0.09999999999999999,0.3144838511943817,0.763587474822998,0.075,0.075,0.024999999999999998,0.8472222222222222,0.01020408163265306,0.06842105263157895,0.4791666666666667,0.3961746394634247,0.7717321962118149,0
SEUMLD,OADNet_audio,4,123,3.0,0.6,True,0.3,0.09999999999999999,0.3144838511943817,0.763587474822998,0.1,0.1,0.03333333333333333,0.8159722222222222,0.02040816326530612,0.09473684210526316,0.4913194444444444,0.3903493881225586,0.7691924422979355,0
SEUMLD,OADNet_audio,4,123,3.0,0.6,True,0.3,0.09999999999999999,0.3144838511943817,0.763587474822998,0.15,0.15,0.049999999999999996,0.7569444444444444,0.030612244897959183,0.14210526315789473,0.5034722222222222,0.37127071619033813,0.7625488936901093,0
SEUMLD,OADNet_audio,4,123,3.0,0.6,True,0.3,0.09999999999999999,0.3144838511943817,0.763587474822998,0.2,0.2,0.06666666666666667,0.7013888888888888,0.05102040816326531,0.19473684210526315,0.53125,0.3548998236656189,0.7595192939043045,0
SEUMLD,OADNet_audio,4,123,3.0,0.6,True,0.3,0.09999999999999999,0.3144838511943817,0.763587474822998,0.25,0.25,0.08333333333333333,0.6354166666666666,0.07142857142857142,0.24210526315789474,0.5503472222222222,0.34341296553611755,0.7542341202497482,0
SEUMLD,OADNet_audio,4,123,3.0,0.6,True,0.3,0.09999999999999999,0.3144838511943817,0.763587474822998,0.3,0.3,0.09999999999999999,0.5902777777777778,0.08163265306122448,0.29473684210526313,0.5729166666666666,0.33146968483924866,0.7533812820911407,1
SEUMLD,OADNet_audio,4,123,3.0,0.7,True,0.25,0.08333333333333333,0.3268399238586426,0.7661701440811157,0.05,0.05,0.016666666666666666,0.9131944444444444,0.0,0.042105263157894736,0.484375,0.43860307335853577,0.7821343690156937,0
SEUMLD,OADNet_audio,4,123,3.0,0.7,True,0.25,0.08333333333333333,0.3268399238586426,0.7661701440811157,0.075,0.075,0.024999999999999998,0.8472222222222222,0.01020408163265306,0.06842105263157895,0.4791666666666667,0.3961746394634247,0.7717321962118149,0
SEUMLD,OADNet_audio,4,123,3.0,0.7,True,0.25,0.08333333333333333,0.3268399238586426,0.7661701440811157,0.1,0.1,0.03333333333333333,0.8159722222222222,0.02040816326530612,0.09473684210526316,0.4913194444444444,0.3903493881225586,0.7691924422979355,0
SEUMLD,OADNet_audio,4,123,3.0,0.7,True,0.25,0.08333333333333333,0.3268399238586426,0.7661701440811157,0.15,0.15,0.049999999999999996,0.7569444444444444,0.030612244897959183,0.14210526315789473,0.5034722222222222,0.37127071619033813,0.7625488936901093,0
SEUMLD,OADNet_audio,4,123,3.0,0.7,True,0.25,0.08333333333333333,0.3268399238586426,0.7661701440811157,0.2,0.2,0.06666666666666667,0.7013888888888888,0.05102040816326531,0.19473684210526315,0.53125,0.3548998236656189,0.7595192939043045,0
SEUMLD,OADNet_audio,4,123,3.0,0.7,True,0.25,0.08333333333333333,0.3268399238586426,0.7661701440811157,0.25,0.25,0.08333333333333333,0.6354166666666666,0.07142857142857142,0.24210526315789474,0.5503472222222222,0.34341296553611755,0.7542341202497482,1
SEUMLD,OADNet_audio,4,123,3.0,0.7,True,0.25,0.08333333333333333,0.3268399238586426,0.7661701440811157,0.3,0.3,0.09999999999999999,0.5902777777777778,0.08163265306122448,0.29473684210526313,0.5729166666666666,0.33146968483924866,0.7533812820911407,0
SEUMLD,OADNet_audio,4,123,3.0,0.8,True,0.15,0.049999999999999996,0.354735404253006,0.7717828005552292,0.05,0.05,0.016666666666666666,0.9131944444444444,0.0,0.042105263157894736,0.484375,0.43860307335853577,0.7821343690156937,0
SEUMLD,OADNet_audio,4,123,3.0,0.8,True,0.15,0.049999999999999996,0.354735404253006,0.7717828005552292,0.075,0.075,0.024999999999999998,0.8472222222222222,0.01020408163265306,0.06842105263157895,0.4791666666666667,0.3961746394634247,0.7717321962118149,0
SEUMLD,OADNet_audio,4,123,3.0,0.8,True,0.15,0.049999999999999996,0.354735404253006,0.7717828005552292,0.1,0.1,0.03333333333333333,0.8159722222222222,0.02040816326530612,0.09473684210526316,0.4913194444444444,0.3903493881225586,0.7691924422979355,0
SEUMLD,OADNet_audio,4,123,3.0,0.8,True,0.15,0.049999999999999996,0.354735404253006,0.7717828005552292,0.15,0.15,0.049999999999999996,0.7569444444444444,0.030612244897959183,0.14210526315789473,0.5034722222222222,0.37127071619033813,0.7625488936901093,1
SEUMLD,OADNet_audio,4,123,3.0,0.8,True,0.15,0.049999999999999996,0.354735404253006,0.7717828005552292,0.2,0.2,0.06666666666666667,0.7013888888888888,0.05102040816326531,0.19473684210526315,0.53125,0.3548998236656189,0.7595192939043045,0
SEUMLD,OADNet_audio,4,123,3.0,0.8,True,0.15,0.049999999999999996,0.354735404253006,0.7717828005552292,0.25,0.25,0.08333333333333333,0.6354166666666666,0.07142857142857142,0.24210526315789474,0.5503472222222222,0.34341296553611755,0.7542341202497482,0
SEUMLD,OADNet_audio,4,123,3.0,0.8,True,0.15,0.049999999999999996,0.354735404253006,0.7717828005552292,0.3,0.3,0.09999999999999999,0.5902777777777778,0.08163265306122448,0.29473684210526313,0.5729166666666666,0.33146968483924866,0.7533812820911407,0
SEUMLD,OADNet_audio,4,2024,3.0,0.5,False,0.3,0.09999999999999999,0.32934099435806274,0.7554566264152527,0.05,0.05,0.016666666666666666,0.9270833333333334,0.0,0.042105263157894736,0.4913194444444444,0.40156352519989014,0.7788868397474289,0
SEUMLD,OADNet_audio,4,2024,3.0,0.5,False,0.3,0.09999999999999999,0.32934099435806274,0.7554566264152527,0.075,0.075,0.024999999999999998,0.8958333333333334,0.01020408163265306,0.06842105263157895,0.5034722222222222,0.3962949216365814,0.7746535837650299,0
SEUMLD,OADNet_audio,4,2024,3.0,0.5,False,0.3,0.09999999999999999,0.32934099435806274,0.7554566264152527,0.1,0.1,0.03333333333333333,0.8472222222222222,0.02040816326530612,0.09473684210526316,0.5069444444444444,0.38535428047180176,0.7674028873443604,0
SEUMLD,OADNet_audio,4,2024,3.0,0.5,False,0.3,0.09999999999999999,0.32934099435806274,0.7554566264152527,0.15,0.15,0.049999999999999996,0.7638888888888888,0.030612244897959183,0.14210526315789473,0.5069444444444444,0.37210920453071594,0.7548724561929703,0
SEUMLD,OADNet_audio,4,2024,3.0,0.5,False,0.3,0.09999999999999999,0.32934099435806274,0.7554566264152527,0.2,0.2,0.06666666666666667,0.7048611111111112,0.05102040816326531,0.19473684210526315,0.5329861111111112,0.362398236989975,0.7518839836120605,0
SEUMLD,OADNet_audio,4,2024,3.0,0.5,False,0.3,0.09999999999999999,0.32934099435806274,0.7554566264152527,0.25,0.25,0.08333333333333333,0.625,0.07142857142857142,0.24210526315789474,0.5451388888888888,0.3550971448421478,0.7390791475772858,0
SEUMLD,OADNet_audio,4,2024,3.0,0.5,False,0.3,0.09999999999999999,0.32934099435806274,0.7554566264152527,0.3,0.3,0.09999999999999999,0.5798611111111112,0.08163265306122448,0.29473684210526313,0.5677083333333334,0.3472115099430084,0.7385803461074829,1
SEUMLD,OADNet_audio,4,2024,3.0,0.6,True,0.3,0.09999999999999999,0.32934099435806274,0.7554566264152527,0.05,0.05,0.016666666666666666,0.9270833333333334,0.0,0.042105263157894736,0.4913194444444444,0.40156352519989014,0.7788868397474289,0
SEUMLD,OADNet_audio,4,2024,3.0,0.6,True,0.3,0.09999999999999999,0.32934099435806274,0.7554566264152527,0.075,0.075,0.024999999999999998,0.8958333333333334,0.01020408163265306,0.06842105263157895,0.5034722222222222,0.3962949216365814,0.7746535837650299,0
SEUMLD,OADNet_audio,4,2024,3.0,0.6,True,0.3,0.09999999999999999,0.32934099435806274,0.7554566264152527,0.1,0.1,0.03333333333333333,0.8472222222222222,0.02040816326530612,0.09473684210526316,0.5069444444444444,0.38535428047180176,0.7674028873443604,0
SEUMLD,OADNet_audio,4,2024,3.0,0.6,True,0.3,0.09999999999999999,0.32934099435806274,0.7554566264152527,0.15,0.15,0.049999999999999996,0.7638888888888888,0.030612244897959183,0.14210526315789473,0.5069444444444444,0.37210920453071594,0.7548724561929703,0
SEUMLD,OADNet_audio,4,2024,3.0,0.6,True,0.3,0.09999999999999999,0.32934099435806274,0.7554566264152527,0.2,0.2,0.06666666666666667,0.7048611111111112,0.05102040816326531,0.19473684210526315,0.5329861111111112,0.362398236989975,0.7518839836120605,0
SEUMLD,OADNet_audio,4,2024,3.0,0.6,True,0.3,0.09999999999999999,0.32934099435806274,0.7554566264152527,0.25,0.25,0.08333333333333333,0.625,0.07142857142857142,0.24210526315789474,0.5451388888888888,0.3550971448421478,0.7390791475772858,0
SEUMLD,OADNet_audio,4,2024,3.0,0.6,True,0.3,0.09999999999999999,0.32934099435806274,0.7554566264152527,0.3,0.3,0.09999999999999999,0.5798611111111112,0.08163265306122448,0.29473684210526313,0.5677083333333334,0.3472115099430084,0.7385803461074829,1
SEUMLD,OADNet_audio,4,2024,3.0,0.7,True,0.25,0.08333333333333333,0.3386365473270416,0.7583106160163879,0.05,0.05,0.016666666666666666,0.9270833333333334,0.0,0.042105263157894736,0.4913194444444444,0.40156352519989014,0.7788868397474289,0
SEUMLD,OADNet_audio,4,2024,3.0,0.7,True,0.25,0.08333333333333333,0.3386365473270416,0.7583106160163879,0.075,0.075,0.024999999999999998,0.8958333333333334,0.01020408163265306,0.06842105263157895,0.5034722222222222,0.3962949216365814,0.7746535837650299,0
SEUMLD,OADNet_audio,4,2024,3.0,0.7,True,0.25,0.08333333333333333,0.3386365473270416,0.7583106160163879,0.1,0.1,0.03333333333333333,0.8472222222222222,0.02040816326530612,0.09473684210526316,0.5069444444444444,0.38535428047180176,0.7674028873443604,0
SEUMLD,OADNet_audio,4,2024,3.0,0.7,True,0.25,0.08333333333333333,0.3386365473270416,0.7583106160163879,0.15,0.15,0.049999999999999996,0.7638888888888888,0.030612244897959183,0.14210526315789473,0.5069444444444444,0.37210920453071594,0.7548724561929703,0
SEUMLD,OADNet_audio,4,2024,3.0,0.7,True,0.25,0.08333333333333333,0.3386365473270416,0.7583106160163879,0.2,0.2,0.06666666666666667,0.7048611111111112,0.05102040816326531,0.19473684210526315,0.5329861111111112,0.362398236989975,0.7518839836120605,0
SEUMLD,OADNet_audio,4,2024,3.0,0.7,True,0.25,0.08333333333333333,0.3386365473270416,0.7583106160163879,0.25,0.25,0.08333333333333333,0.625,0.07142857142857142,0.24210526315789474,0.5451388888888888,0.3550971448421478,0.7390791475772858,1
SEUMLD,OADNet_audio,4,2024,3.0,0.7,True,0.25,0.08333333333333333,0.3386365473270416,0.7583106160163879,0.3,0.3,0.09999999999999999,0.5798611111111112,0.08163265306122448,0.29473684210526313,0.5677083333333334,0.3472115099430084,0.7385803461074829,0
SEUMLD,OADNet_audio,4,2024,3.0,0.8,True,0.15,0.049999999999999996,0.3606744706630707,0.7821832895278931,0.05,0.05,0.016666666666666666,0.9270833333333334,0.0,0.042105263157894736,0.4913194444444444,0.40156352519989014,0.7788868397474289,0
SEUMLD,OADNet_audio,4,2024,3.0,0.8,True,0.15,0.049999999999999996,0.3606744706630707,0.7821832895278931,0.075,0.075,0.024999999999999998,0.8958333333333334,0.01020408163265306,0.06842105263157895,0.5034722222222222,0.3962949216365814,0.7746535837650299,0
SEUMLD,OADNet_audio,4,2024,3.0,0.8,True,0.15,0.049999999999999996,0.3606744706630707,0.7821832895278931,0.1,0.1,0.03333333333333333,0.8472222222222222,0.02040816326530612,0.09473684210526316,0.5069444444444444,0.38535428047180176,0.7674028873443604,0
SEUMLD,OADNet_audio,4,2024,3.0,0.8,True,0.15,0.049999999999999996,0.3606744706630707,0.7821832895278931,0.15,0.15,0.049999999999999996,0.7638888888888888,0.030612244897959183,0.14210526315789473,0.5069444444444444,0.37210920453071594,0.7548724561929703,1
SEUMLD,OADNet_audio,4,2024,3.0,0.8,True,0.15,0.049999999999999996,0.3606744706630707,0.7821832895278931,0.2,0.2,0.06666666666666667,0.7048611111111112,0.05102040816326531,0.19473684210526315,0.5329861111111112,0.362398236989975,0.7518839836120605,0
SEUMLD,OADNet_audio,4,2024,3.0,0.8,True,0.15,0.049999999999999996,0.3606744706630707,0.7821832895278931,0.25,0.25,0.08333333333333333,0.625,0.07142857142857142,0.24210526315789474,0.5451388888888888,0.3550971448421478,0.7390791475772858,0
SEUMLD,OADNet_audio,4,2024,3.0,0.8,True,0.15,0.049999999999999996,0.3606744706630707,0.7821832895278931,0.3,0.3,0.09999999999999999,0.5798611111111112,0.08163265306122448,0.29473684210526313,0.5677083333333334,0.3472115099430084,0.7385803461074829,0
SEUMLD,OADNet_audio,4,2026,3.0,0.5,False,0.3,0.09999999999999999,0.32070863246917725,0.8142353445291519,0.05,0.05,0.016666666666666666,0.9340277777777778,0.0,0.042105263157894736,0.4947916666666667,0.5006103515625,0.8310301303863525,0
SEUMLD,OADNet_audio,4,2026,3.0,0.5,False,0.3,0.09999999999999999,0.32070863246917725,0.8142353445291519,0.075,0.075,0.024999999999999998,0.8784722222222222,0.01020408163265306,0.06842105263157895,0.4947916666666667,0.44277113676071167,0.8182844966650009,0
SEUMLD,OADNet_audio,4,2026,3.0,0.5,False,0.3,0.09999999999999999,0.32070863246917725,0.8142353445291519,0.1,0.1,0.03333333333333333,0.8402777777777778,0.02040816326530612,0.09473684210526316,0.5034722222222222,0.42606520652770996,0.8177714496850967,0
SEUMLD,OADNet_audio,4,2026,3.0,0.5,False,0.3,0.09999999999999999,0.32070863246917725,0.8142353445291519,0.15,0.15,0.049999999999999996,0.7708333333333334,0.030612244897959183,0.14210526315789473,0.5104166666666666,0.40206408500671387,0.8089654445648193,0
SEUMLD,OADNet_audio,4,2026,3.0,0.5,False,0.3,0.09999999999999999,0.32070863246917725,0.8142353445291519,0.2,0.2,0.06666666666666667,0.6979166666666666,0.05102040816326531,0.19473684210526315,0.5295138888888888,0.3796218931674957,0.7979923635721207,0
SEUMLD,OADNet_audio,4,2026,3.0,0.5,False,0.3,0.09999999999999999,0.32070863246917725,0.8142353445291519,0.25,0.25,0.08333333333333333,0.6423611111111112,0.07142857142857142,0.24210526315789474,0.5538194444444444,0.36475756764411926,0.7934168428182602,0
SEUMLD,OADNet_audio,4,2026,3.0,0.5,False,0.3,0.09999999999999999,0.32070863246917725,0.8142353445291519,0.3,0.3,0.09999999999999999,0.5902777777777778,0.08163265306122448,0.29473684210526313,0.5729166666666666,0.35086607933044434,0.7908630520105362,1
SEUMLD,OADNet_audio,4,2026,3.0,0.6,True,0.3,0.09999999999999999,0.32070863246917725,0.8142353445291519,0.05,0.05,0.016666666666666666,0.9340277777777778,0.0,0.042105263157894736,0.4947916666666667,0.5006103515625,0.8310301303863525,0
SEUMLD,OADNet_audio,4,2026,3.0,0.6,True,0.3,0.09999999999999999,0.32070863246917725,0.8142353445291519,0.075,0.075,0.024999999999999998,0.8784722222222222,0.01020408163265306,0.06842105263157895,0.4947916666666667,0.44277113676071167,0.8182844966650009,0
SEUMLD,OADNet_audio,4,2026,3.0,0.6,True,0.3,0.09999999999999999,0.32070863246917725,0.8142353445291519,0.1,0.1,0.03333333333333333,0.8402777777777778,0.02040816326530612,0.09473684210526316,0.5034722222222222,0.42606520652770996,0.8177714496850967,0
SEUMLD,OADNet_audio,4,2026,3.0,0.6,True,0.3,0.09999999999999999,0.32070863246917725,0.8142353445291519,0.15,0.15,0.049999999999999996,0.7708333333333334,0.030612244897959183,0.14210526315789473,0.5104166666666666,0.40206408500671387,0.8089654445648193,0
SEUMLD,OADNet_audio,4,2026,3.0,0.6,True,0.3,0.09999999999999999,0.32070863246917725,0.8142353445291519,0.2,0.2,0.06666666666666667,0.6979166666666666,0.05102040816326531,0.19473684210526315,0.5295138888888888,0.3796218931674957,0.7979923635721207,0
SEUMLD,OADNet_audio,4,2026,3.0,0.6,True,0.3,0.09999999999999999,0.32070863246917725,0.8142353445291519,0.25,0.25,0.08333333333333333,0.6423611111111112,0.07142857142857142,0.24210526315789474,0.5538194444444444,0.36475756764411926,0.7934168428182602,0
SEUMLD,OADNet_audio,4,2026,3.0,0.6,True,0.3,0.09999999999999999,0.32070863246917725,0.8142353445291519,0.3,0.3,0.09999999999999999,0.5902777777777778,0.08163265306122448,0.29473684210526313,0.5729166666666666,0.35086607933044434,0.7908630520105362,1
SEUMLD,OADNet_audio,4,2026,3.0,0.7,True,0.2,0.06666666666666667,0.3572706878185272,0.82777900993824,0.05,0.05,0.016666666666666666,0.9340277777777778,0.0,0.042105263157894736,0.4947916666666667,0.5006103515625,0.8310301303863525,0
SEUMLD,OADNet_audio,4,2026,3.0,0.7,True,0.2,0.06666666666666667,0.3572706878185272,0.82777900993824,0.075,0.075,0.024999999999999998,0.8784722222222222,0.01020408163265306,0.06842105263157895,0.4947916666666667,0.44277113676071167,0.8182844966650009,0
SEUMLD,OADNet_audio,4,2026,3.0,0.7,True,0.2,0.06666666666666667,0.3572706878185272,0.82777900993824,0.1,0.1,0.03333333333333333,0.8402777777777778,0.02040816326530612,0.09473684210526316,0.5034722222222222,0.42606520652770996,0.8177714496850967,0
SEUMLD,OADNet_audio,4,2026,3.0,0.7,True,0.2,0.06666666666666667,0.3572706878185272,0.82777900993824,0.15,0.15,0.049999999999999996,0.7708333333333334,0.030612244897959183,0.14210526315789473,0.5104166666666666,0.40206408500671387,0.8089654445648193,0
SEUMLD,OADNet_audio,4,2026,3.0,0.7,True,0.2,0.06666666666666667,0.3572706878185272,0.82777900993824,0.2,0.2,0.06666666666666667,0.6979166666666666,0.05102040816326531,0.19473684210526315,0.5295138888888888,0.3796218931674957,0.7979923635721207,1
SEUMLD,OADNet_audio,4,2026,3.0,0.7,True,0.2,0.06666666666666667,0.3572706878185272,0.82777900993824,0.25,0.25,0.08333333333333333,0.6423611111111112,0.07142857142857142,0.24210526315789474,0.5538194444444444,0.36475756764411926,0.7934168428182602,0
SEUMLD,OADNet_audio,4,2026,3.0,0.7,True,0.2,0.06666666666666667,0.3572706878185272,0.82777900993824,0.3,0.3,0.09999999999999999,0.5902777777777778,0.08163265306122448,0.29473684210526313,0.5729166666666666,0.35086607933044434,0.7908630520105362,0
SEUMLD,OADNet_audio,4,2026,3.0,0.8,True,0.15,0.049999999999999996,0.3673737645149231,0.8369155377149582,0.05,0.05,0.016666666666666666,0.9340277777777778,0.0,0.042105263157894736,0.4947916666666667,0.5006103515625,0.8310301303863525,0
SEUMLD,OADNet_audio,4,2026,3.0,0.8,True,0.15,0.049999999999999996,0.3673737645149231,0.8369155377149582,0.075,0.075,0.024999999999999998,0.8784722222222222,0.01020408163265306,0.06842105263157895,0.4947916666666667,0.44277113676071167,0.8182844966650009,0
SEUMLD,OADNet_audio,4,2026,3.0,0.8,True,0.15,0.049999999999999996,0.3673737645149231,0.8369155377149582,0.1,0.1,0.03333333333333333,0.8402777777777778,0.02040816326530612,0.09473684210526316,0.5034722222222222,0.42606520652770996,0.8177714496850967,0
SEUMLD,OADNet_audio,4,2026,3.0,0.8,True,0.15,0.049999999999999996,0.3673737645149231,0.8369155377149582,0.15,0.15,0.049999999999999996,0.7708333333333334,0.030612244897959183,0.14210526315789473,0.5104166666666666,0.40206408500671387,0.8089654445648193,1
SEUMLD,OADNet_audio,4,2026,3.0,0.8,True,0.15,0.049999999999999996,0.3673737645149231,0.8369155377149582,0.2,0.2,0.06666666666666667,0.6979166666666666,0.05102040816326531,0.19473684210526315,0.5295138888888888,0.3796218931674957,0.7979923635721207,0
SEUMLD,OADNet_audio,4,2026,3.0,0.8,True,0.15,0.049999999999999996,0.3673737645149231,0.8369155377149582,0.25,0.25,0.08333333333333333,0.6423611111111112,0.07142857142857142,0.24210526315789474,0.5538194444444444,0.36475756764411926,0.7934168428182602,0
SEUMLD,OADNet_audio,4,2026,3.0,0.8,True,0.15,0.049999999999999996,0.3673737645149231,0.8369155377149582,0.3,0.3,0.09999999999999999,0.5902777777777778,0.08163265306122448,0.29473684210526313,0.5729166666666666,0.35086607933044434,0.7908630520105362,0
MDPE,OADNet_text,0,7,3.0,0.5,True,0.25,0.08333333333333333,0.5043082237243652,0.8642295747995377,0.05,0.05,0.016666666666666666,0.8421052631578947,0.005847953216374269,0.0456140350877193,0.45614035087719296,0.7427456378936768,0.9536421187222004,0
MDPE,OADNet_text,0,7,3.0,0.5,True,0.25,0.08333333333333333,0.5043082237243652,0.8642295747995377,0.075,0.075,0.024999999999999998,0.7741228070175439,0.017543859649122806,0.07017543859649122,0.4506578947368421,0.6969177722930908,0.9144796133041382,0
MDPE,OADNet_text,0,7,3.0,0.5,True,0.25,0.08333333333333333,0.5043082237243652,0.8642295747995377,0.1,0.1,0.03333333333333333,0.7390350877192983,0.023391812865497075,0.09473684210526316,0.4550438596491228,0.6780542731285095,0.9085510745644569,0
MDPE,OADNet_text,0,7,3.0,0.5,True,0.25,0.08333333333333333,0.5043082237243652,0.8642295747995377,0.15,0.15,0.049999999999999996,0.668859649122807,0.04093567251461988,0.14385964912280702,0.47039473684210525,0.6281927824020386,0.9021288082003593,0
MDPE,OADNet_text,0,7,3.0,0.5,True,0.25,0.08333333333333333,0.5043082237243652,0.8642295747995377,0.2,0.2,0.06666666666666667,0.5899122807017544,0.05847953216374269,0.19649122807017544,0.48355263157894735,0.5731093287467957,0.8863451927900314,0
MDPE,OADNet_text,0,7,3.0,0.5,True,0.25,0.08333333333333333,0.5043082237243652,0.8642295747995377,0.25,0.25,0.08333333333333333,0.4868421052631579,0.07602339181286549,0.24561403508771928,0.4824561403508772,0.5163658857345581,0.8654382824897766,1
MDPE,OADNet_text,0,7,3.0,0.5,True,0.25,0.08333333333333333,0.5043082237243652,0.8642295747995377,0.3,0.3,0.09999999999999999,0.4100877192982456,0.0935672514619883,0.29473684210526313,0.49451754385964913,0.4738147258758545,0.8460696637630463,0
MDPE,OADNet_text,0,7,3.0,0.6,True,0.25,0.08333333333333333,0.5043082237243652,0.8642295747995377,0.05,0.05,0.016666666666666666,0.8421052631578947,0.005847953216374269,0.0456140350877193,0.45614035087719296,0.7427456378936768,0.9536421187222004,0
MDPE,OADNet_text,0,7,3.0,0.6,True,0.25,0.08333333333333333,0.5043082237243652,0.8642295747995377,0.075,0.075,0.024999999999999998,0.7741228070175439,0.017543859649122806,0.07017543859649122,0.4506578947368421,0.6969177722930908,0.9144796133041382,0
MDPE,OADNet_text,0,7,3.0,0.6,True,0.25,0.08333333333333333,0.5043082237243652,0.8642295747995377,0.1,0.1,0.03333333333333333,0.7390350877192983,0.023391812865497075,0.09473684210526316,0.4550438596491228,0.6780542731285095,0.9085510745644569,0
MDPE,OADNet_text,0,7,3.0,0.6,True,0.25,0.08333333333333333,0.5043082237243652,0.8642295747995377,0.15,0.15,0.049999999999999996,0.668859649122807,0.04093567251461988,0.14385964912280702,0.47039473684210525,0.6281927824020386,0.9021288082003593,0
MDPE,OADNet_text,0,7,3.0,0.6,True,0.25,0.08333333333333333,0.5043082237243652,0.8642295747995377,0.2,0.2,0.06666666666666667,0.5899122807017544,0.05847953216374269,0.19649122807017544,0.48355263157894735,0.5731093287467957,0.8863451927900314,0
MDPE,OADNet_text,0,7,3.0,0.6,True,0.25,0.08333333333333333,0.5043082237243652,0.8642295747995377,0.25,0.25,0.08333333333333333,0.4868421052631579,0.07602339181286549,0.24561403508771928,0.4824561403508772,0.5163658857345581,0.8654382824897766,1
MDPE,OADNet_text,0,7,3.0,0.6,True,0.25,0.08333333333333333,0.5043082237243652,0.8642295747995377,0.3,0.3,0.09999999999999999,0.4100877192982456,0.0935672514619883,0.29473684210526313,0.49451754385964913,0.4738147258758545,0.8460696637630463,0
MDPE,OADNet_text,0,7,3.0,0.7,True,0.15,0.049999999999999996,0.6098556518554688,0.9072058796882629,0.05,0.05,0.016666666666666666,0.8421052631578947,0.005847953216374269,0.0456140350877193,0.45614035087719296,0.7427456378936768,0.9536421187222004,0
MDPE,OADNet_text,0,7,3.0,0.7,True,0.15,0.049999999999999996,0.6098556518554688,0.9072058796882629,0.075,0.075,0.024999999999999998,0.7741228070175439,0.017543859649122806,0.07017543859649122,0.4506578947368421,0.6969177722930908,0.9144796133041382,0
MDPE,OADNet_text,0,7,3.0,0.7,True,0.15,0.049999999999999996,0.6098556518554688,0.9072058796882629,0.1,0.1,0.03333333333333333,0.7390350877192983,0.023391812865497075,0.09473684210526316,0.4550438596491228,0.6780542731285095,0.9085510745644569,0
MDPE,OADNet_text,0,7,3.0,0.7,True,0.15,0.049999999999999996,0.6098556518554688,0.9072058796882629,0.15,0.15,0.049999999999999996,0.668859649122807,0.04093567251461988,0.14385964912280702,0.47039473684210525,0.6281927824020386,0.9021288082003593,1
MDPE,OADNet_text,0,7,3.0,0.7,True,0.15,0.049999999999999996,0.6098556518554688,0.9072058796882629,0.2,0.2,0.06666666666666667,0.5899122807017544,0.05847953216374269,0.19649122807017544,0.48355263157894735,0.5731093287467957,0.8863451927900314,0
MDPE,OADNet_text,0,7,3.0,0.7,True,0.15,0.049999999999999996,0.6098556518554688,0.9072058796882629,0.25,0.25,0.08333333333333333,0.4868421052631579,0.07602339181286549,0.24561403508771928,0.4824561403508772,0.5163658857345581,0.8654382824897766,0
MDPE,OADNet_text,0,7,3.0,0.7,True,0.15,0.049999999999999996,0.6098556518554688,0.9072058796882629,0.3,0.3,0.09999999999999999,0.4100877192982456,0.0935672514619883,0.29473684210526313,0.49451754385964913,0.4738147258758545,0.8460696637630463,0
MDPE,OADNet_text,0,7,3.0,0.8,True,0.075,0.024999999999999998,0.720738410949707,0.9396141730248928,0.05,0.05,0.016666666666666666,0.8421052631578947,0.005847953216374269,0.0456140350877193,0.45614035087719296,0.7427456378936768,0.9536421187222004,0
MDPE,OADNet_text,0,7,3.0,0.8,True,0.075,0.024999999999999998,0.720738410949707,0.9396141730248928,0.075,0.075,0.024999999999999998,0.7741228070175439,0.017543859649122806,0.07017543859649122,0.4506578947368421,0.6969177722930908,0.9144796133041382,1
MDPE,OADNet_text,0,7,3.0,0.8,True,0.075,0.024999999999999998,0.720738410949707,0.9396141730248928,0.1,0.1,0.03333333333333333,0.7390350877192983,0.023391812865497075,0.09473684210526316,0.4550438596491228,0.6780542731285095,0.9085510745644569,0
MDPE,OADNet_text,0,7,3.0,0.8,True,0.075,0.024999999999999998,0.720738410949707,0.9396141730248928,0.15,0.15,0.049999999999999996,0.668859649122807,0.04093567251461988,0.14385964912280702,0.47039473684210525,0.6281927824020386,0.9021288082003593,0
MDPE,OADNet_text,0,7,3.0,0.8,True,0.075,0.024999999999999998,0.720738410949707,0.9396141730248928,0.2,0.2,0.06666666666666667,0.5899122807017544,0.05847953216374269,0.19649122807017544,0.48355263157894735,0.5731093287467957,0.8863451927900314,0
MDPE,OADNet_text,0,7,3.0,0.8,True,0.075,0.024999999999999998,0.720738410949707,0.9396141730248928,0.25,0.25,0.08333333333333333,0.4868421052631579,0.07602339181286549,0.24561403508771928,0.4824561403508772,0.5163658857345581,0.8654382824897766,0
MDPE,OADNet_text,0,7,3.0,0.8,True,0.075,0.024999999999999998,0.720738410949707,0.9396141730248928,0.3,0.3,0.09999999999999999,0.4100877192982456,0.0935672514619883,0.29473684210526313,0.49451754385964913,0.4738147258758545,0.8460696637630463,0
MDPE,OADNet_text,0,42,3.0,0.5,True,0.3,0.09999999999999999,0.40066659450531006,0.956833939999342,0.05,0.05,0.016666666666666666,0.8486842105263158,0.005847953216374269,0.0456140350877193,0.4594298245614035,0.8420244455337524,0.9919030191376805,0
MDPE,OADNet_text,0,42,3.0,0.5,True,0.3,0.09999999999999999,0.40066659450531006,0.956833939999342,0.075,0.075,0.024999999999999998,0.7894736842105263,0.017543859649122806,0.07017543859649122,0.4583333333333333,0.7815709710121155,0.9856759496033192,0
MDPE,OADNet_text,0,42,3.0,0.5,True,0.3,0.09999999999999999,0.40066659450531006,0.956833939999342,0.1,0.1,0.03333333333333333,0.75,0.023391812865497075,0.09473684210526316,0.4605263157894737,0.7427730560302734,0.9824429415166378,0
MDPE,OADNet_text,0,42,3.0,0.5,True,0.3,0.09999999999999999,0.40066659450531006,0.956833939999342,0.15,0.15,0.049999999999999996,0.6535087719298246,0.04093567251461988,0.14385964912280702,0.46271929824561403,0.643849790096283,0.970063578337431,0
MDPE,OADNet_text,0,42,3.0,0.5,True,0.3,0.09999999999999999,0.40066659450531006,0.956833939999342,0.2,0.2,0.06666666666666667,0.5833333333333334,0.05847953216374269,0.19649122807017544,0.48026315789473684,0.5634203553199768,0.9643767438828945,0
MDPE,OADNet_text,0,42,3.0,0.5,True,0.3,0.09999999999999999,0.40066659450531006,0.956833939999342,0.25,0.25,0.08333333333333333,0.5021929824561403,0.07602339181286549,0.24561403508771928,0.4901315789473684,0.47811317443847656,0.9576334655284882,0
MDPE,OADNet_text,0,42,3.0,0.5,True,0.3,0.09999999999999999,0.40066659450531006,0.956833939999342,0.3,0.3,0.09999999999999999,0.43640350877192985,0.0935672514619883,0.29473684210526313,0.5076754385964912,0.44365715980529785,0.9487945958971977,1
MDPE,OADNet_text,0,42,3.0,0.6,True,0.2,0.06666666666666667,0.5202382802963257,0.9629077203571796,0.05,0.05,0.016666666666666666,0.8486842105263158,0.005847953216374269,0.0456140350877193,0.4594298245614035,0.8420244455337524,0.9919030191376805,0
MDPE,OADNet_text,0,42,3.0,0.6,True,0.2,0.06666666666666667,0.5202382802963257,0.9629077203571796,0.075,0.075,0.024999999999999998,0.7894736842105263,0.017543859649122806,0.07017543859649122,0.4583333333333333,0.7815709710121155,0.9856759496033192,0
MDPE,OADNet_text,0,42,3.0,0.6,True,0.2,0.06666666666666667,0.5202382802963257,0.9629077203571796,0.1,0.1,0.03333333333333333,0.75,0.023391812865497075,0.09473684210526316,0.4605263157894737,0.7427730560302734,0.9824429415166378,0
MDPE,OADNet_text,0,42,3.0,0.6,True,0.2,0.06666666666666667,0.5202382802963257,0.9629077203571796,0.15,0.15,0.049999999999999996,0.6535087719298246,0.04093567251461988,0.14385964912280702,0.46271929824561403,0.643849790096283,0.970063578337431,0
MDPE,OADNet_text,0,42,3.0,0.6,True,0.2,0.06666666666666667,0.5202382802963257,0.9629077203571796,0.2,0.2,0.06666666666666667,0.5833333333333334,0.05847953216374269,0.19649122807017544,0.48026315789473684,0.5634203553199768,0.9643767438828945,1
MDPE,OADNet_text,0,42,3.0,0.6,True,0.2,0.06666666666666667,0.5202382802963257,0.9629077203571796,0.25,0.25,0.08333333333333333,0.5021929824561403,0.07602339181286549,0.24561403508771928,0.4901315789473684,0.47811317443847656,0.9576334655284882,0
MDPE,OADNet_text,0,42,3.0,0.6,True,0.2,0.06666666666666667,0.5202382802963257,0.9629077203571796,0.3,0.3,0.09999999999999999,0.43640350877192985,0.0935672514619883,0.29473684210526313,0.5076754385964912,0.44365715980529785,0.9487945958971977,0
MDPE,OADNet_text,0,42,3.0,0.7,True,0.15,0.049999999999999996,0.605370283126831,0.9759814795106649,0.05,0.05,0.016666666666666666,0.8486842105263158,0.005847953216374269,0.0456140350877193,0.4594298245614035,0.8420244455337524,0.9919030191376805,0
MDPE,OADNet_text,0,42,3.0,0.7,True,0.15,0.049999999999999996,0.605370283126831,0.9759814795106649,0.075,0.075,0.024999999999999998,0.7894736842105263,0.017543859649122806,0.07017543859649122,0.4583333333333333,0.7815709710121155,0.9856759496033192,0
MDPE,OADNet_text,0,42,3.0,0.7,True,0.15,0.049999999999999996,0.605370283126831,0.9759814795106649,0.1,0.1,0.03333333333333333,0.75,0.023391812865497075,0.09473684210526316,0.4605263157894737,0.7427730560302734,0.9824429415166378,0
MDPE,OADNet_text,0,42,3.0,0.7,True,0.15,0.049999999999999996,0.605370283126831,0.9759814795106649,0.15,0.15,0.049999999999999996,0.6535087719298246,0.04093567251461988,0.14385964912280702,0.46271929824561403,0.643849790096283,0.970063578337431,1
MDPE,OADNet_text,0,42,3.0,0.7,True,0.15,0.049999999999999996,0.605370283126831,0.9759814795106649,0.2,0.2,0.06666666666666667,0.5833333333333334,0.05847953216374269,0.19649122807017544,0.48026315789473684,0.5634203553199768,0.9643767438828945,0
MDPE,OADNet_text,0,42,3.0,0.7,True,0.15,0.049999999999999996,0.605370283126831,0.9759814795106649,0.25,0.25,0.08333333333333333,0.5021929824561403,0.07602339181286549,0.24561403508771928,0.4901315789473684,0.47811317443847656,0.9576334655284882,0
MDPE,OADNet_text,0,42,3.0,0.7,True,0.15,0.049999999999999996,0.605370283126831,0.9759814795106649,0.3,0.3,0.09999999999999999,0.43640350877192985,0.0935672514619883,0.29473684210526313,0.5076754385964912,0.44365715980529785,0.9487945958971977,0
MDPE,OADNet_text,0,42,3.0,0.8,True,0.075,0.024999999999999998,0.7417840361595154,0.9893595930188894,0.05,0.05,0.016666666666666666,0.8486842105263158,0.005847953216374269,0.0456140350877193,0.4594298245614035,0.8420244455337524,0.9919030191376805,0
MDPE,OADNet_text,0,42,3.0,0.8,True,0.075,0.024999999999999998,0.7417840361595154,0.9893595930188894,0.075,0.075,0.024999999999999998,0.7894736842105263,0.017543859649122806,0.07017543859649122,0.4583333333333333,0.7815709710121155,0.9856759496033192,1
MDPE,OADNet_text,0,42,3.0,0.8,True,0.075,0.024999999999999998,0.7417840361595154,0.9893595930188894,0.1,0.1,0.03333333333333333,0.75,0.023391812865497075,0.09473684210526316,0.4605263157894737,0.7427730560302734,0.9824429415166378,0
MDPE,OADNet_text,0,42,3.0,0.8,True,0.075,0.024999999999999998,0.7417840361595154,0.9893595930188894,0.15,0.15,0.049999999999999996,0.6535087719298246,0.04093567251461988,0.14385964912280702,0.46271929824561403,0.643849790096283,0.970063578337431,0
MDPE,OADNet_text,0,42,3.0,0.8,True,0.075,0.024999999999999998,0.7417840361595154,0.9893595930188894,0.2,0.2,0.06666666666666667,0.5833333333333334,0.05847953216374269,0.19649122807017544,0.48026315789473684,0.5634203553199768,0.9643767438828945,0
MDPE,OADNet_text,0,42,3.0,0.8,True,0.075,0.024999999999999998,0.7417840361595154,0.9893595930188894,0.25,0.25,0.08333333333333333,0.5021929824561403,0.07602339181286549,0.24561403508771928,0.4901315789473684,0.47811317443847656,0.9576334655284882,0
MDPE,OADNet_text,0,42,3.0,0.8,True,0.075,0.024999999999999998,0.7417840361595154,0.9893595930188894,0.3,0.3,0.09999999999999999,0.43640350877192985,0.0935672514619883,0.29473684210526313,0.5076754385964912,0.44365715980529785,0.9487945958971977,0
MDPE,OADNet_text,0,123,3.0,0.5,True,0.25,0.08333333333333333,0.5544988512992859,0.8814829289913177,0.05,0.05,0.016666666666666666,0.8662280701754386,0.005847953216374269,0.0456140350877193,0.4682017543859649,0.7463239431381226,0.9450126178562641,0
MDPE,OADNet_text,0,123,3.0,0.5,True,0.25,0.08333333333333333,0.5544988512992859,0.8814829289913177,0.075,0.075,0.024999999999999998,0.7807017543859649,0.017543859649122806,0.07017543859649122,0.45394736842105265,0.6848346590995789,0.9305993691086769,0
MDPE,OADNet_text,0,123,3.0,0.5,True,0.25,0.08333333333333333,0.5544988512992859,0.8814829289913177,0.1,0.1,0.03333333333333333,0.7149122807017544,0.023391812865497075,0.09473684210526316,0.44298245614035087,0.6337103247642517,0.9066725745797157,0
MDPE,OADNet_text,0,123,3.0,0.5,True,0.25,0.08333333333333333,0.5544988512992859,0.8814829289913177,0.15,0.15,0.049999999999999996,0.6403508771929824,0.04093567251461988,0.14385964912280702,0.45614035087719296,0.5979186296463013,0.8886678963899612,0
MDPE,OADNet_text,0,123,3.0,0.5,True,0.25,0.08333333333333333,0.5544988512992859,0.8814829289913177,0.2,0.2,0.06666666666666667,0.5394736842105263,0.05847953216374269,0.19649122807017544,0.4583333333333333,0.5463608503341675,0.8583278506994247,0
MDPE,OADNet_text,0,123,3.0,0.5,True,0.25,0.08333333333333333,0.5544988512992859,0.8814829289913177,0.25,0.25,0.08333333333333333,0.46710526315789475,0.07602339181286549,0.24561403508771928,0.4725877192982456,0.5063185691833496,0.8362873196601868,1
MDPE,OADNet_text,0,123,3.0,0.5,True,0.25,0.08333333333333333,0.5544988512992859,0.8814829289913177,0.3,0.3,0.09999999999999999,0.375,0.0935672514619883,0.29473684210526313,0.4769736842105263,0.4632300138473511,0.8177286237478256,0
MDPE,OADNet_text,0,123,3.0,0.6,True,0.2,0.06666666666666667,0.6094284057617188,0.8914224579930305,0.05,0.05,0.016666666666666666,0.8662280701754386,0.005847953216374269,0.0456140350877193,0.4682017543859649,0.7463239431381226,0.9450126178562641,0
MDPE,OADNet_text,0,123,3.0,0.6,True,0.2,0.06666666666666667,0.6094284057617188,0.8914224579930305,0.075,0.075,0.024999999999999998,0.7807017543859649,0.017543859649122806,0.07017543859649122,0.45394736842105265,0.6848346590995789,0.9305993691086769,0
MDPE,OADNet_text,0,123,3.0,0.6,True,0.2,0.06666666666666667,0.6094284057617188,0.8914224579930305,0.1,0.1,0.03333333333333333,0.7149122807017544,0.023391812865497075,0.09473684210526316,0.44298245614035087,0.6337103247642517,0.9066725745797157,0
MDPE,OADNet_text,0,123,3.0,0.6,True,0.2,0.06666666666666667,0.6094284057617188,0.8914224579930305,0.15,0.15,0.049999999999999996,0.6403508771929824,0.04093567251461988,0.14385964912280702,0.45614035087719296,0.5979186296463013,0.8886678963899612,0
MDPE,OADNet_text,0,123,3.0,0.6,True,0.2,0.06666666666666667,0.6094284057617188,0.8914224579930305,0.2,0.2,0.06666666666666667,0.5394736842105263,0.05847953216374269,0.19649122807017544,0.4583333333333333,0.5463608503341675,0.8583278506994247,1
MDPE,OADNet_text,0,123,3.0,0.6,True,0.2,0.06666666666666667,0.6094284057617188,0.8914224579930305,0.25,0.25,0.08333333333333333,0.46710526315789475,0.07602339181286549,0.24561403508771928,0.4725877192982456,0.5063185691833496,0.8362873196601868,0
MDPE,OADNet_text,0,123,3.0,0.6,True,0.2,0.06666666666666667,0.6094284057617188,0.8914224579930305,0.3,0.3,0.09999999999999999,0.375,0.0935672514619883,0.29473684210526313,0.4769736842105263,0.4632300138473511,0.8177286237478256,0
MDPE,OADNet_text,0,123,3.0,0.7,True,0.15,0.049999999999999996,0.6623597741127014,0.9049078673124313,0.05,0.05,0.016666666666666666,0.8662280701754386,0.005847953216374269,0.0456140350877193,0.4682017543859649,0.7463239431381226,0.9450126178562641,0
MDPE,OADNet_text,0,123,3.0,0.7,True,0.15,0.049999999999999996,0.6623597741127014,0.9049078673124313,0.075,0.075,0.024999999999999998,0.7807017543859649,0.017543859649122806,0.07017543859649122,0.45394736842105265,0.6848346590995789,0.9305993691086769,0
MDPE,OADNet_text,0,123,3.0,0.7,True,0.15,0.049999999999999996,0.6623597741127014,0.9049078673124313,0.1,0.1,0.03333333333333333,0.7149122807017544,0.023391812865497075,0.09473684210526316,0.44298245614035087,0.6337103247642517,0.9066725745797157,0
MDPE,OADNet_text,0,123,3.0,0.7,True,0.15,0.049999999999999996,0.6623597741127014,0.9049078673124313,0.15,0.15,0.049999999999999996,0.6403508771929824,0.04093567251461988,0.14385964912280702,0.45614035087719296,0.5979186296463013,0.8886678963899612,1
MDPE,OADNet_text,0,123,3.0,0.7,True,0.15,0.049999999999999996,0.6623597741127014,0.9049078673124313,0.2,0.2,0.06666666666666667,0.5394736842105263,0.05847953216374269,0.19649122807017544,0.4583333333333333,0.5463608503341675,0.8583278506994247,0
MDPE,OADNet_text,0,123,3.0,0.7,True,0.15,0.049999999999999996,0.6623597741127014,0.9049078673124313,0.25,0.25,0.08333333333333333,0.46710526315789475,0.07602339181286549,0.24561403508771928,0.4725877192982456,0.5063185691833496,0.8362873196601868,0
MDPE,OADNet_text,0,123,3.0,0.7,True,0.15,0.049999999999999996,0.6623597741127014,0.9049078673124313,0.3,0.3,0.09999999999999999,0.375,0.0935672514619883,0.29473684210526313,0.4769736842105263,0.4632300138473511,0.8177286237478256,0
MDPE,OADNet_text,0,123,3.0,0.8,True,0.1,0.03333333333333333,0.7234473824501038,0.9114675223827362,0.05,0.05,0.016666666666666666,0.8662280701754386,0.005847953216374269,0.0456140350877193,0.4682017543859649,0.7463239431381226,0.9450126178562641,0
MDPE,OADNet_text,0,123,3.0,0.8,True,0.1,0.03333333333333333,0.7234473824501038,0.9114675223827362,0.075,0.075,0.024999999999999998,0.7807017543859649,0.017543859649122806,0.07017543859649122,0.45394736842105265,0.6848346590995789,0.9305993691086769,0
MDPE,OADNet_text,0,123,3.0,0.8,True,0.1,0.03333333333333333,0.7234473824501038,0.9114675223827362,0.1,0.1,0.03333333333333333,0.7149122807017544,0.023391812865497075,0.09473684210526316,0.44298245614035087,0.6337103247642517,0.9066725745797157,1
MDPE,OADNet_text,0,123,3.0,0.8,True,0.1,0.03333333333333333,0.7234473824501038,0.9114675223827362,0.15,0.15,0.049999999999999996,0.6403508771929824,0.04093567251461988,0.14385964912280702,0.45614035087719296,0.5979186296463013,0.8886678963899612,0
MDPE,OADNet_text,0,123,3.0,0.8,True,0.1,0.03333333333333333,0.7234473824501038,0.9114675223827362,0.2,0.2,0.06666666666666667,0.5394736842105263,0.05847953216374269,0.19649122807017544,0.4583333333333333,0.5463608503341675,0.8583278506994247,0
MDPE,OADNet_text,0,123,3.0,0.8,True,0.1,0.03333333333333333,0.7234473824501038,0.9114675223827362,0.25,0.25,0.08333333333333333,0.46710526315789475,0.07602339181286549,0.24561403508771928,0.4725877192982456,0.5063185691833496,0.8362873196601868,0
MDPE,OADNet_text,0,123,3.0,0.8,True,0.1,0.03333333333333333,0.7234473824501038,0.9114675223827362,0.3,0.3,0.09999999999999999,0.375,0.0935672514619883,0.29473684210526313,0.4769736842105263,0.4632300138473511,0.8177286237478256,0
MDPE,OADNet_text,0,2024,3.0,0.5,True,0.25,0.08333333333333333,0.47496065497398376,0.9293273091316223,0.05,0.05,0.016666666666666666,0.8793859649122807,0.005847953216374269,0.0456140350877193,0.47478070175438597,0.8276151418685913,0.981171116232872,0
MDPE,OADNet_text,0,2024,3.0,0.5,True,0.25,0.08333333333333333,0.47496065497398376,0.9293273091316223,0.075,0.075,0.024999999999999998,0.7587719298245614,0.017543859649122806,0.07017543859649122,0.44298245614035087,0.7786641716957092,0.9468920938670635,0
MDPE,OADNet_text,0,2024,3.0,0.5,True,0.25,0.08333333333333333,0.47496065497398376,0.9293273091316223,0.1,0.1,0.03333333333333333,0.7280701754385965,0.023391812865497075,0.09473684210526316,0.44956140350877194,0.7212656736373901,0.9450424648821354,0
MDPE,OADNet_text,0,2024,3.0,0.5,True,0.25,0.08333333333333333,0.47496065497398376,0.9293273091316223,0.15,0.15,0.049999999999999996,0.6578947368421053,0.04093567251461988,0.14385964912280702,0.4649122807017544,0.6601723432540894,0.9363740384578705,0
MDPE,OADNet_text,0,2024,3.0,0.5,True,0.25,0.08333333333333333,0.47496065497398376,0.9293273091316223,0.2,0.2,0.06666666666666667,0.5767543859649122,0.05847953216374269,0.19649122807017544,0.4769736842105263,0.5822535157203674,0.9260130152106285,0
MDPE,OADNet_text,0,2024,3.0,0.5,True,0.25,0.08333333333333333,0.47496065497398376,0.9293273091316223,0.25,0.25,0.08333333333333333,0.48903508771929827,0.07602339181286549,0.24561403508771928,0.48355263157894735,0.5099079608917236,0.9155960604548454,1
MDPE,OADNet_text,0,2024,3.0,0.5,True,0.25,0.08333333333333333,0.47496065497398376,0.9293273091316223,0.3,0.3,0.09999999999999999,0.4057017543859649,0.0935672514619883,0.29473684210526313,0.4923245614035088,0.4260125756263733,0.8958447054028511,0
MDPE,OADNet_text,0,2024,3.0,0.6,True,0.2,0.06666666666666667,0.549562394618988,0.9336161836981773,0.05,0.05,0.016666666666666666,0.8793859649122807,0.005847953216374269,0.0456140350877193,0.47478070175438597,0.8276151418685913,0.981171116232872,0
MDPE,OADNet_text,0,2024,3.0,0.6,True,0.2,0.06666666666666667,0.549562394618988,0.9336161836981773,0.075,0.075,0.024999999999999998,0.7587719298245614,0.017543859649122806,0.07017543859649122,0.44298245614035087,0.7786641716957092,0.9468920938670635,0
MDPE,OADNet_text,0,2024,3.0,0.6,True,0.2,0.06666666666666667,0.549562394618988,0.9336161836981773,0.1,0.1,0.03333333333333333,0.7280701754385965,0.023391812865497075,0.09473684210526316,0.44956140350877194,0.7212656736373901,0.9450424648821354,0
MDPE,OADNet_text,0,2024,3.0,0.6,True,0.2,0.06666666666666667,0.549562394618988,0.9336161836981773,0.15,0.15,0.049999999999999996,0.6578947368421053,0.04093567251461988,0.14385964912280702,0.4649122807017544,0.6601723432540894,0.9363740384578705,0
MDPE,OADNet_text,0,2024,3.0,0.6,True,0.2,0.06666666666666667,0.549562394618988,0.9336161836981773,0.2,0.2,0.06666666666666667,0.5767543859649122,0.05847953216374269,0.19649122807017544,0.4769736842105263,0.5822535157203674,0.9260130152106285,1
MDPE,OADNet_text,0,2024,3.0,0.6,True,0.2,0.06666666666666667,0.549562394618988,0.9336161836981773,0.25,0.25,0.08333333333333333,0.48903508771929827,0.07602339181286549,0.24561403508771928,0.48355263157894735,0.5099079608917236,0.9155960604548454,0
MDPE,OADNet_text,0,2024,3.0,0.6,True,0.2,0.06666666666666667,0.549562394618988,0.9336161836981773,0.3,0.3,0.09999999999999999,0.4057017543859649,0.0935672514619883,0.29473684210526313,0.4923245614035088,0.4260125756263733,0.8958447054028511,0
MDPE,OADNet_text,0,2024,3.0,0.7,True,0.15,0.049999999999999996,0.6256399750709534,0.9476951658725739,0.05,0.05,0.016666666666666666,0.8793859649122807,0.005847953216374269,0.0456140350877193,0.47478070175438597,0.8276151418685913,0.981171116232872,0
MDPE,OADNet_text,0,2024,3.0,0.7,True,0.15,0.049999999999999996,0.6256399750709534,0.9476951658725739,0.075,0.075,0.024999999999999998,0.7587719298245614,0.017543859649122806,0.07017543859649122,0.44298245614035087,0.7786641716957092,0.9468920938670635,0
MDPE,OADNet_text,0,2024,3.0,0.7,True,0.15,0.049999999999999996,0.6256399750709534,0.9476951658725739,0.1,0.1,0.03333333333333333,0.7280701754385965,0.023391812865497075,0.09473684210526316,0.44956140350877194,0.7212656736373901,0.9450424648821354,0
MDPE,OADNet_text,0,2024,3.0,0.7,True,0.15,0.049999999999999996,0.6256399750709534,0.9476951658725739,0.15,0.15,0.049999999999999996,0.6578947368421053,0.04093567251461988,0.14385964912280702,0.4649122807017544,0.6601723432540894,0.9363740384578705,1
MDPE,OADNet_text,0,2024,3.0,0.7,True,0.15,0.049999999999999996,0.6256399750709534,0.9476951658725739,0.2,0.2,0.06666666666666667,0.5767543859649122,0.05847953216374269,0.19649122807017544,0.4769736842105263,0.5822535157203674,0.9260130152106285,0
MDPE,OADNet_text,0,2024,3.0,0.7,True,0.15,0.049999999999999996,0.6256399750709534,0.9476951658725739,0.25,0.25,0.08333333333333333,0.48903508771929827,0.07602339181286549,0.24561403508771928,0.48355263157894735,0.5099079608917236,0.9155960604548454,0
MDPE,OADNet_text,0,2024,3.0,0.7,True,0.15,0.049999999999999996,0.6256399750709534,0.9476951658725739,0.3,0.3,0.09999999999999999,0.4057017543859649,0.0935672514619883,0.29473684210526313,0.4923245614035088,0.4260125756263733,0.8958447054028511,0
MDPE,OADNet_text,0,2024,3.0,0.8,True,0.075,0.024999999999999998,0.7939811944961548,0.9695759955793619,0.05,0.05,0.016666666666666666,0.8793859649122807,0.005847953216374269,0.0456140350877193,0.47478070175438597,0.8276151418685913,0.981171116232872,0
MDPE,OADNet_text,0,2024,3.0,0.8,True,0.075,0.024999999999999998,0.7939811944961548,0.9695759955793619,0.075,0.075,0.024999999999999998,0.7587719298245614,0.017543859649122806,0.07017543859649122,0.44298245614035087,0.7786641716957092,0.9468920938670635,1
MDPE,OADNet_text,0,2024,3.0,0.8,True,0.075,0.024999999999999998,0.7939811944961548,0.9695759955793619,0.1,0.1,0.03333333333333333,0.7280701754385965,0.023391812865497075,0.09473684210526316,0.44956140350877194,0.7212656736373901,0.9450424648821354,0
MDPE,OADNet_text,0,2024,3.0,0.8,True,0.075,0.024999999999999998,0.7939811944961548,0.9695759955793619,0.15,0.15,0.049999999999999996,0.6578947368421053,0.04093567251461988,0.14385964912280702,0.4649122807017544,0.6601723432540894,0.9363740384578705,0
MDPE,OADNet_text,0,2024,3.0,0.8,True,0.075,0.024999999999999998,0.7939811944961548,0.9695759955793619,0.2,0.2,0.06666666666666667,0.5767543859649122,0.05847953216374269,0.19649122807017544,0.4769736842105263,0.5822535157203674,0.9260130152106285,0
MDPE,OADNet_text,0,2024,3.0,0.8,True,0.075,0.024999999999999998,0.7939811944961548,0.9695759955793619,0.25,0.25,0.08333333333333333,0.48903508771929827,0.07602339181286549,0.24561403508771928,0.48355263157894735,0.5099079608917236,0.9155960604548454,0
MDPE,OADNet_text,0,2024,3.0,0.8,True,0.075,0.024999999999999998,0.7939811944961548,0.9695759955793619,0.3,0.3,0.09999999999999999,0.4057017543859649,0.0935672514619883,0.29473684210526313,0.4923245614035088,0.4260125756263733,0.8958447054028511,0
MDPE,OADNet_text,0,2026,3.0,0.5,True,0.25,0.08333333333333333,0.5552082657814026,0.9639200530946255,0.05,0.05,0.016666666666666666,0.8881578947368421,0.005847953216374269,0.0456140350877193,0.4791666666666667,0.7999529838562012,0.9932995047420263,0
MDPE,OADNet_text,0,2026,3.0,0.5,True,0.25,0.08333333333333333,0.5552082657814026,0.9639200530946255,0.075,0.075,0.024999999999999998,0.8442982456140351,0.017543859649122806,0.07017543859649122,0.4857456140350877,0.7684010863304138,0.9913104129955173,0
MDPE,OADNet_text,0,2026,3.0,0.5,True,0.25,0.08333333333333333,0.5552082657814026,0.9639200530946255,0.1,0.1,0.03333333333333333,0.7916666666666666,0.023391812865497075,0.09473684210526316,0.48135964912280704,0.7201888561248779,0.9908535610884428,0
MDPE,OADNet_text,0,2026,3.0,0.5,True,0.25,0.08333333333333333,0.5552082657814026,0.9639200530946255,0.15,0.15,0.049999999999999996,0.706140350877193,0.04093567251461988,0.14385964912280702,0.48903508771929827,0.6473983526229858,0.9784477483481169,0
MDPE,OADNet_text,0,2026,3.0,0.5,True,0.25,0.08333333333333333,0.5552082657814026,0.9639200530946255,0.2,0.2,0.06666666666666667,0.5986842105263158,0.05847953216374269,0.19649122807017544,0.48793859649122806,0.5498823523521423,0.9630510732531548,0
MDPE,OADNet_text,0,2026,3.0,0.5,True,0.25,0.08333333333333333,0.5552082657814026,0.9639200530946255,0.25,0.25,0.08333333333333333,0.4956140350877193,0.07602339181286549,0.24561403508771928,0.4868421052631579,0.46094539761543274,0.9538827687501907,1
MDPE,OADNet_text,0,2026,3.0,0.5,True,0.25,0.08333333333333333,0.5552082657814026,0.9639200530946255,0.3,0.3,0.09999999999999999,0.41228070175438597,0.0935672514619883,0.29473684210526313,0.4956140350877193,0.3935152590274811,0.9353395625948906,0
MDPE,OADNet_text,0,2026,3.0,0.6,True,0.25,0.08333333333333333,0.5552082657814026,0.9639200530946255,0.05,0.05,0.016666666666666666,0.8881578947368421,0.005847953216374269,0.0456140350877193,0.4791666666666667,0.7999529838562012,0.9932995047420263,0
MDPE,OADNet_text,0,2026,3.0,0.6,True,0.25,0.08333333333333333,0.5552082657814026,0.9639200530946255,0.075,0.075,0.024999999999999998,0.8442982456140351,0.017543859649122806,0.07017543859649122,0.4857456140350877,0.7684010863304138,0.9913104129955173,0
MDPE,OADNet_text,0,2026,3.0,0.6,True,0.25,0.08333333333333333,0.5552082657814026,0.9639200530946255,0.1,0.1,0.03333333333333333,0.7916666666666666,0.023391812865497075,0.09473684210526316,0.48135964912280704,0.7201888561248779,0.9908535610884428,0
MDPE,OADNet_text,0,2026,3.0,0.6,True,0.25,0.08333333333333333,0.5552082657814026,0.9639200530946255,0.15,0.15,0.049999999999999996,0.706140350877193,0.04093567251461988,0.14385964912280702,0.48903508771929827,0.6473983526229858,0.9784477483481169,0
MDPE,OADNet_text,0,2026,3.0,0.6,True,0.25,0.08333333333333333,0.5552082657814026,0.9639200530946255,0.2,0.2,0.06666666666666667,0.5986842105263158,0.05847953216374269,0.19649122807017544,0.48793859649122806,0.5498823523521423,0.9630510732531548,0
MDPE,OADNet_text,0,2026,3.0,0.6,True,0.25,0.08333333333333333,0.5552082657814026,0.9639200530946255,0.25,0.25,0.08333333333333333,0.4956140350877193,0.07602339181286549,0.24561403508771928,0.4868421052631579,0.46094539761543274,0.9538827687501907,1
MDPE,OADNet_text,0,2026,3.0,0.6,True,0.25,0.08333333333333333,0.5552082657814026,0.9639200530946255,0.3,0.3,0.09999999999999999,0.41228070175438597,0.0935672514619883,0.29473684210526313,0.4956140350877193,0.3935152590274811,0.9353395625948906,0
MDPE,OADNet_text,0,2026,3.0,0.7,True,0.25,0.08333333333333333,0.5552082657814026,0.9639200530946255,0.05,0.05,0.016666666666666666,0.8881578947368421,0.005847953216374269,0.0456140350877193,0.4791666666666667,0.7999529838562012,0.9932995047420263,0
MDPE,OADNet_text,0,2026,3.0,0.7,True,0.25,0.08333333333333333,0.5552082657814026,0.9639200530946255,0.075,0.075,0.024999999999999998,0.8442982456140351,0.017543859649122806,0.07017543859649122,0.4857456140350877,0.7684010863304138,0.9913104129955173,0
MDPE,OADNet_text,0,2026,3.0,0.7,True,0.25,0.08333333333333333,0.5552082657814026,0.9639200530946255,0.1,0.1,0.03333333333333333,0.7916666666666666,0.023391812865497075,0.09473684210526316,0.48135964912280704,0.7201888561248779,0.9908535610884428,0
MDPE,OADNet_text,0,2026,3.0,0.7,True,0.25,0.08333333333333333,0.5552082657814026,0.9639200530946255,0.15,0.15,0.049999999999999996,0.706140350877193,0.04093567251461988,0.14385964912280702,0.48903508771929827,0.6473983526229858,0.9784477483481169,0
MDPE,OADNet_text,0,2026,3.0,0.7,True,0.25,0.08333333333333333,0.5552082657814026,0.9639200530946255,0.2,0.2,0.06666666666666667,0.5986842105263158,0.05847953216374269,0.19649122807017544,0.48793859649122806,0.5498823523521423,0.9630510732531548,0
MDPE,OADNet_text,0,2026,3.0,0.7,True,0.25,0.08333333333333333,0.5552082657814026,0.9639200530946255,0.25,0.25,0.08333333333333333,0.4956140350877193,0.07602339181286549,0.24561403508771928,0.4868421052631579,0.46094539761543274,0.9538827687501907,1
MDPE,OADNet_text,0,2026,3.0,0.7,True,0.25,0.08333333333333333,0.5552082657814026,0.9639200530946255,0.3,0.3,0.09999999999999999,0.41228070175438597,0.0935672514619883,0.29473684210526313,0.4956140350877193,0.3935152590274811,0.9353395625948906,0
MDPE,OADNet_text,0,2026,3.0,0.8,True,0.1,0.03333333333333333,0.7640796899795532,0.9855946162715554,0.05,0.05,0.016666666666666666,0.8881578947368421,0.005847953216374269,0.0456140350877193,0.4791666666666667,0.7999529838562012,0.9932995047420263,0
MDPE,OADNet_text,0,2026,3.0,0.8,True,0.1,0.03333333333333333,0.7640796899795532,0.9855946162715554,0.075,0.075,0.024999999999999998,0.8442982456140351,0.017543859649122806,0.07017543859649122,0.4857456140350877,0.7684010863304138,0.9913104129955173,0
MDPE,OADNet_text,0,2026,3.0,0.8,True,0.1,0.03333333333333333,0.7640796899795532,0.9855946162715554,0.1,0.1,0.03333333333333333,0.7916666666666666,0.023391812865497075,0.09473684210526316,0.48135964912280704,0.7201888561248779,0.9908535610884428,1
MDPE,OADNet_text,0,2026,3.0,0.8,True,0.1,0.03333333333333333,0.7640796899795532,0.9855946162715554,0.15,0.15,0.049999999999999996,0.706140350877193,0.04093567251461988,0.14385964912280702,0.48903508771929827,0.6473983526229858,0.9784477483481169,0
MDPE,OADNet_text,0,2026,3.0,0.8,True,0.1,0.03333333333333333,0.7640796899795532,0.9855946162715554,0.2,0.2,0.06666666666666667,0.5986842105263158,0.05847953216374269,0.19649122807017544,0.48793859649122806,0.5498823523521423,0.9630510732531548,0
MDPE,OADNet_text,0,2026,3.0,0.8,True,0.1,0.03333333333333333,0.7640796899795532,0.9855946162715554,0.25,0.25,0.08333333333333333,0.4956140350877193,0.07602339181286549,0.24561403508771928,0.4868421052631579,0.46094539761543274,0.9538827687501907,0
MDPE,OADNet_text,0,2026,3.0,0.8,True,0.1,0.03333333333333333,0.7640796899795532,0.9855946162715554,0.3,0.3,0.09999999999999999,0.41228070175438597,0.0935672514619883,0.29473684210526313,0.4956140350877193,0.3935152590274811,0.9353395625948906,0
MDPE,OADNet_text,1,7,3.0,0.5,True,0.25,0.08333333333333333,0.39426952600479126,0.9142546877264977,0.05,0.05,0.016666666666666666,0.8859649122807017,0.005847953216374269,0.0456140350877193,0.4780701754385965,0.7053397297859192,0.9820624236017466,0
MDPE,OADNet_text,1,7,3.0,0.5,True,0.25,0.08333333333333333,0.39426952600479126,0.9142546877264977,0.075,0.075,0.024999999999999998,0.8333333333333334,0.017543859649122806,0.07017543859649122,0.48026315789473684,0.6677979230880737,0.9740658663213253,0
MDPE,OADNet_text,1,7,3.0,0.5,True,0.25,0.08333333333333333,0.39426952600479126,0.9142546877264977,0.1,0.1,0.03333333333333333,0.7543859649122807,0.023391812865497075,0.09473684210526316,0.46271929824561403,0.5814149379730225,0.9476096667349339,0
MDPE,OADNet_text,1,7,3.0,0.5,True,0.25,0.08333333333333333,0.39426952600479126,0.9142546877264977,0.15,0.15,0.049999999999999996,0.6381578947368421,0.04093567251461988,0.14385964912280702,0.4550438596491228,0.47465619444847107,0.9279953390359879,0
MDPE,OADNet_text,1,7,3.0,0.5,True,0.25,0.08333333333333333,0.39426952600479126,0.9142546877264977,0.2,0.2,0.06666666666666667,0.5548245614035088,0.05847953216374269,0.19649122807017544,0.46600877192982454,0.42131373286247253,0.9198460578918457,0
MDPE,OADNet_text,1,7,3.0,0.5,True,0.25,0.08333333333333333,0.39426952600479126,0.9142546877264977,0.25,0.25,0.08333333333333333,0.4934210526315789,0.07602339181286549,0.24561403508771928,0.4857456140350877,0.3892221748828888,0.9127569049596786,1
MDPE,OADNet_text,1,7,3.0,0.5,True,0.25,0.08333333333333333,0.39426952600479126,0.9142546877264977,0.3,0.3,0.09999999999999999,0.41228070175438597,0.0935672514619883,0.29473684210526313,0.4956140350877193,0.34137585759162903,0.9075438529253006,0
MDPE,OADNet_text,1,7,3.0,0.6,True,0.2,0.06666666666666667,0.4418766498565674,0.927398107945919,0.05,0.05,0.016666666666666666,0.8859649122807017,0.005847953216374269,0.0456140350877193,0.4780701754385965,0.7053397297859192,0.9820624236017466,0
MDPE,OADNet_text,1,7,3.0,0.6,True,0.2,0.06666666666666667,0.4418766498565674,0.927398107945919,0.075,0.075,0.024999999999999998,0.8333333333333334,0.017543859649122806,0.07017543859649122,0.48026315789473684,0.6677979230880737,0.9740658663213253,0
MDPE,OADNet_text,1,7,3.0,0.6,True,0.2,0.06666666666666667,0.4418766498565674,0.927398107945919,0.1,0.1,0.03333333333333333,0.7543859649122807,0.023391812865497075,0.09473684210526316,0.46271929824561403,0.5814149379730225,0.9476096667349339,0
MDPE,OADNet_text,1,7,3.0,0.6,True,0.2,0.06666666666666667,0.4418766498565674,0.927398107945919,0.15,0.15,0.049999999999999996,0.6381578947368421,0.04093567251461988,0.14385964912280702,0.4550438596491228,0.47465619444847107,0.9279953390359879,0
MDPE,OADNet_text,1,7,3.0,0.6,True,0.2,0.06666666666666667,0.4418766498565674,0.927398107945919,0.2,0.2,0.06666666666666667,0.5548245614035088,0.05847953216374269,0.19649122807017544,0.46600877192982454,0.42131373286247253,0.9198460578918457,1
MDPE,OADNet_text,1,7,3.0,0.6,True,0.2,0.06666666666666667,0.4418766498565674,0.927398107945919,0.25,0.25,0.08333333333333333,0.4934210526315789,0.07602339181286549,0.24561403508771928,0.4857456140350877,0.3892221748828888,0.9127569049596786,0
MDPE,OADNet_text,1,7,3.0,0.6,True,0.2,0.06666666666666667,0.4418766498565674,0.927398107945919,0.3,0.3,0.09999999999999999,0.41228070175438597,0.0935672514619883,0.29473684210526313,0.4956140350877193,0.34137585759162903,0.9075438529253006,0
MDPE,OADNet_text,1,7,3.0,0.7,True,0.15,0.049999999999999996,0.5003589987754822,0.9611452370882034,0.05,0.05,0.016666666666666666,0.8859649122807017,0.005847953216374269,0.0456140350877193,0.4780701754385965,0.7053397297859192,0.9820624236017466,0
MDPE,OADNet_text,1,7,3.0,0.7,True,0.15,0.049999999999999996,0.5003589987754822,0.9611452370882034,0.075,0.075,0.024999999999999998,0.8333333333333334,0.017543859649122806,0.07017543859649122,0.48026315789473684,0.6677979230880737,0.9740658663213253,0
MDPE,OADNet_text,1,7,3.0,0.7,True,0.15,0.049999999999999996,0.5003589987754822,0.9611452370882034,0.1,0.1,0.03333333333333333,0.7543859649122807,0.023391812865497075,0.09473684210526316,0.46271929824561403,0.5814149379730225,0.9476096667349339,0
MDPE,OADNet_text,1,7,3.0,0.7,True,0.15,0.049999999999999996,0.5003589987754822,0.9611452370882034,0.15,0.15,0.049999999999999996,0.6381578947368421,0.04093567251461988,0.14385964912280702,0.4550438596491228,0.47465619444847107,0.9279953390359879,1
MDPE,OADNet_text,1,7,3.0,0.7,True,0.15,0.049999999999999996,0.5003589987754822,0.9611452370882034,0.2,0.2,0.06666666666666667,0.5548245614035088,0.05847953216374269,0.19649122807017544,0.46600877192982454,0.42131373286247253,0.9198460578918457,0
MDPE,OADNet_text,1,7,3.0,0.7,True,0.15,0.049999999999999996,0.5003589987754822,0.9611452370882034,0.25,0.25,0.08333333333333333,0.4934210526315789,0.07602339181286549,0.24561403508771928,0.4857456140350877,0.3892221748828888,0.9127569049596786,0
MDPE,OADNet_text,1,7,3.0,0.7,True,0.15,0.049999999999999996,0.5003589987754822,0.9611452370882034,0.3,0.3,0.09999999999999999,0.41228070175438597,0.0935672514619883,0.29473684210526313,0.4956140350877193,0.34137585759162903,0.9075438529253006,0
MDPE,OADNet_text,1,7,3.0,0.8,True,0.15,0.049999999999999996,0.5003589987754822,0.9611452370882034,0.05,0.05,0.016666666666666666,0.8859649122807017,0.005847953216374269,0.0456140350877193,0.4780701754385965,0.7053397297859192,0.9820624236017466,0
MDPE,OADNet_text,1,7,3.0,0.8,True,0.15,0.049999999999999996,0.5003589987754822,0.9611452370882034,0.075,0.075,0.024999999999999998,0.8333333333333334,0.017543859649122806,0.07017543859649122,0.48026315789473684,0.6677979230880737,0.9740658663213253,0
MDPE,OADNet_text,1,7,3.0,0.8,True,0.15,0.049999999999999996,0.5003589987754822,0.9611452370882034,0.1,0.1,0.03333333333333333,0.7543859649122807,0.023391812865497075,0.09473684210526316,0.46271929824561403,0.5814149379730225,0.9476096667349339,0
MDPE,OADNet_text,1,7,3.0,0.8,True,0.15,0.049999999999999996,0.5003589987754822,0.9611452370882034,0.15,0.15,0.049999999999999996,0.6381578947368421,0.04093567251461988,0.14385964912280702,0.4550438596491228,0.47465619444847107,0.9279953390359879,1
MDPE,OADNet_text,1,7,3.0,0.8,True,0.15,0.049999999999999996,0.5003589987754822,0.9611452370882034,0.2,0.2,0.06666666666666667,0.5548245614035088,0.05847953216374269,0.19649122807017544,0.46600877192982454,0.42131373286247253,0.9198460578918457,0
MDPE,OADNet_text,1,7,3.0,0.8,True,0.15,0.049999999999999996,0.5003589987754822,0.9611452370882034,0.25,0.25,0.08333333333333333,0.4934210526315789,0.07602339181286549,0.24561403508771928,0.4857456140350877,0.3892221748828888,0.9127569049596786,0
MDPE,OADNet_text,1,7,3.0,0.8,True,0.15,0.049999999999999996,0.5003589987754822,0.9611452370882034,0.3,0.3,0.09999999999999999,0.41228070175438597,0.0935672514619883,0.29473684210526313,0.4956140350877193,0.34137585759162903,0.9075438529253006,0
MDPE,OADNet_text,1,42,3.0,0.5,True,0.25,0.08333333333333333,0.43185195326805115,0.9805127177387476,0.05,0.05,0.016666666666666666,0.881578947368421,0.005847953216374269,0.0456140350877193,0.4758771929824561,0.9162154793739319,0.9986513565527275,0
MDPE,OADNet_text,1,42,3.0,0.5,True,0.25,0.08333333333333333,0.43185195326805115,0.9805127177387476,0.075,0.075,0.024999999999999998,0.8399122807017544,0.017543859649122806,0.07017543859649122,0.48355263157894735,0.870449960231781,0.9982938073808327,0
MDPE,OADNet_text,1,42,3.0,0.5,True,0.25,0.08333333333333333,0.43185195326805115,0.9805127177387476,0.1,0.1,0.03333333333333333,0.7872807017543859,0.023391812865497075,0.09473684210526316,0.4791666666666667,0.7699055671691895,0.9967396538704634,0
MDPE,OADNet_text,1,42,3.0,0.5,True,0.25,0.08333333333333333,0.43185195326805115,0.9805127177387476,0.15,0.15,0.049999999999999996,0.6710526315789473,0.04093567251461988,0.14385964912280702,0.47149122807017546,0.6134545207023621,0.9941440322436392,0
MDPE,OADNet_text,1,42,3.0,0.5,True,0.25,0.08333333333333333,0.43185195326805115,0.9805127177387476,0.2,0.2,0.06666666666666667,0.5657894736842105,0.05847953216374269,0.19649122807017544,0.47149122807017546,0.4613736569881439,0.99226388707757,0
MDPE,OADNet_text,1,42,3.0,0.5,True,0.25,0.08333333333333333,0.43185195326805115,0.9805127177387476,0.25,0.25,0.08333333333333333,0.4868421052631579,0.07602339181286549,0.24561403508771928,0.4824561403508772,0.34010154008865356,0.9859650190919638,1
MDPE,OADNet_text,1,42,3.0,0.5,True,0.25,0.08333333333333333,0.43185195326805115,0.9805127177387476,0.3,0.3,0.09999999999999999,0.41885964912280704,0.0935672514619883,0.29473684210526313,0.49890350877192985,0.2571720480918884,0.9834629707038403,0
MDPE,OADNet_text,1,42,3.0,0.6,True,0.2,0.06666666666666667,0.5096208453178406,0.9888394325971603,0.05,0.05,0.016666666666666666,0.881578947368421,0.005847953216374269,0.0456140350877193,0.4758771929824561,0.9162154793739319,0.9986513565527275,0
MDPE,OADNet_text,1,42,3.0,0.6,True,0.2,0.06666666666666667,0.5096208453178406,0.9888394325971603,0.075,0.075,0.024999999999999998,0.8399122807017544,0.017543859649122806,0.07017543859649122,0.48355263157894735,0.870449960231781,0.9982938073808327,0
MDPE,OADNet_text,1,42,3.0,0.6,True,0.2,0.06666666666666667,0.5096208453178406,0.9888394325971603,0.1,0.1,0.03333333333333333,0.7872807017543859,0.023391812865497075,0.09473684210526316,0.4791666666666667,0.7699055671691895,0.9967396538704634,0
MDPE,OADNet_text,1,42,3.0,0.6,True,0.2,0.06666666666666667,0.5096208453178406,0.9888394325971603,0.15,0.15,0.049999999999999996,0.6710526315789473,0.04093567251461988,0.14385964912280702,0.47149122807017546,0.6134545207023621,0.9941440322436392,0
MDPE,OADNet_text,1,42,3.0,0.6,True,0.2,0.06666666666666667,0.5096208453178406,0.9888394325971603,0.2,0.2,0.06666666666666667,0.5657894736842105,0.05847953216374269,0.19649122807017544,0.47149122807017546,0.4613736569881439,0.99226388707757,1
MDPE,OADNet_text,1,42,3.0,0.6,True,0.2,0.06666666666666667,0.5096208453178406,0.9888394325971603,0.25,0.25,0.08333333333333333,0.4868421052631579,0.07602339181286549,0.24561403508771928,0.4824561403508772,0.34010154008865356,0.9859650190919638,0
MDPE,OADNet_text,1,42,3.0,0.6,True,0.2,0.06666666666666667,0.5096208453178406,0.9888394325971603,0.3,0.3,0.09999999999999999,0.41885964912280704,0.0935672514619883,0.29473684210526313,0.49890350877192985,0.2571720480918884,0.9834629707038403,0
MDPE,OADNet_text,1,42,3.0,0.7,True,0.2,0.06666666666666667,0.5096208453178406,0.9888394325971603,0.05,0.05,0.016666666666666666,0.881578947368421,0.005847953216374269,0.0456140350877193,0.4758771929824561,0.9162154793739319,0.9986513565527275,0
MDPE,OADNet_text,1,42,3.0,0.7,True,0.2,0.06666666666666667,0.5096208453178406,0.9888394325971603,0.075,0.075,0.024999999999999998,0.8399122807017544,0.017543859649122806,0.07017543859649122,0.48355263157894735,0.870449960231781,0.9982938073808327,0
MDPE,OADNet_text,1,42,3.0,0.7,True,0.2,0.06666666666666667,0.5096208453178406,0.9888394325971603,0.1,0.1,0.03333333333333333,0.7872807017543859,0.023391812865497075,0.09473684210526316,0.4791666666666667,0.7699055671691895,0.9967396538704634,0
MDPE,OADNet_text,1,42,3.0,0.7,True,0.2,0.06666666666666667,0.5096208453178406,0.9888394325971603,0.15,0.15,0.049999999999999996,0.6710526315789473,0.04093567251461988,0.14385964912280702,0.47149122807017546,0.6134545207023621,0.9941440322436392,0
MDPE,OADNet_text,1,42,3.0,0.7,True,0.2,0.06666666666666667,0.5096208453178406,0.9888394325971603,0.2,0.2,0.06666666666666667,0.5657894736842105,0.05847953216374269,0.19649122807017544,0.47149122807017546,0.4613736569881439,0.99226388707757,1
MDPE,OADNet_text,1,42,3.0,0.7,True,0.2,0.06666666666666667,0.5096208453178406,0.9888394325971603,0.25,0.25,0.08333333333333333,0.4868421052631579,0.07602339181286549,0.24561403508771928,0.4824561403508772,0.34010154008865356,0.9859650190919638,0
MDPE,OADNet_text,1,42,3.0,0.7,True,0.2,0.06666666666666667,0.5096208453178406,0.9888394325971603,0.3,0.3,0.09999999999999999,0.41885964912280704,0.0935672514619883,0.29473684210526313,0.49890350877192985,0.2571720480918884,0.9834629707038403,0
MDPE,OADNet_text,1,42,3.0,0.8,True,0.2,0.06666666666666667,0.5096208453178406,0.9888394325971603,0.05,0.05,0.016666666666666666,0.881578947368421,0.005847953216374269,0.0456140350877193,0.4758771929824561,0.9162154793739319,0.9986513565527275,0
MDPE,OADNet_text,1,42,3.0,0.8,True,0.2,0.06666666666666667,0.5096208453178406,0.9888394325971603,0.075,0.075,0.024999999999999998,0.8399122807017544,0.017543859649122806,0.07017543859649122,0.48355263157894735,0.870449960231781,0.9982938073808327,0
MDPE,OADNet_text,1,42,3.0,0.8,True,0.2,0.06666666666666667,0.5096208453178406,0.9888394325971603,0.1,0.1,0.03333333333333333,0.7872807017543859,0.023391812865497075,0.09473684210526316,0.4791666666666667,0.7699055671691895,0.9967396538704634,0
MDPE,OADNet_text,1,42,3.0,0.8,True,0.2,0.06666666666666667,0.5096208453178406,0.9888394325971603,0.15,0.15,0.049999999999999996,0.6710526315789473,0.04093567251461988,0.14385964912280702,0.47149122807017546,0.6134545207023621,0.9941440322436392,0
MDPE,OADNet_text,1,42,3.0,0.8,True,0.2,0.06666666666666667,0.5096208453178406,0.9888394325971603,0.2,0.2,0.06666666666666667,0.5657894736842105,0.05847953216374269,0.19649122807017544,0.47149122807017546,0.4613736569881439,0.99226388707757,1
MDPE,OADNet_text,1,42,3.0,0.8,True,0.2,0.06666666666666667,0.5096208453178406,0.9888394325971603,0.25,0.25,0.08333333333333333,0.4868421052631579,0.07602339181286549,0.24561403508771928,0.4824561403508772,0.34010154008865356,0.9859650190919638,0
MDPE,OADNet_text,1,42,3.0,0.8,True,0.2,0.06666666666666667,0.5096208453178406,0.9888394325971603,0.3,0.3,0.09999999999999999,0.41885964912280704,0.0935672514619883,0.29473684210526313,0.49890350877192985,0.2571720480918884,0.9834629707038403,0
MDPE,OADNet_text,1,123,3.0,0.5,True,0.25,0.08333333333333333,0.500861644744873,0.9372918680310249,0.05,0.05,0.016666666666666666,0.8486842105263158,0.005847953216374269,0.0456140350877193,0.4594298245614035,0.8090097904205322,0.9855128303170204,0
MDPE,OADNet_text,1,123,3.0,0.5,True,0.25,0.08333333333333333,0.500861644744873,0.9372918680310249,0.075,0.075,0.024999999999999998,0.7916666666666666,0.017543859649122806,0.07017543859649122,0.4594298245614035,0.7558279037475586,0.9753403812646866,0
MDPE,OADNet_text,1,123,3.0,0.5,True,0.25,0.08333333333333333,0.500861644744873,0.9372918680310249,0.1,0.1,0.03333333333333333,0.756578947368421,0.023391812865497075,0.09473684210526316,0.46381578947368424,0.7249389886856079,0.9709675926715136,0
MDPE,OADNet_text,1,123,3.0,0.5,True,0.25,0.08333333333333333,0.500861644744873,0.9372918680310249,0.15,0.15,0.049999999999999996,0.6842105263157895,0.04093567251461988,0.14385964912280702,0.4780701754385965,0.6800730228424072,0.9586471766233444,0
MDPE,OADNet_text,1,123,3.0,0.5,True,0.25,0.08333333333333333,0.500861644744873,0.9372918680310249,0.2,0.2,0.06666666666666667,0.5899122807017544,0.05847953216374269,0.19649122807017544,0.48355263157894735,0.5877969861030579,0.9480640925467014,0
MDPE,OADNet_text,1,123,3.0,0.5,True,0.25,0.08333333333333333,0.500861644744873,0.9372918680310249,0.25,0.25,0.08333333333333333,0.4868421052631579,0.07602339181286549,0.24561403508771928,0.4824561403508772,0.5119713544845581,0.9319231361150742,1
MDPE,OADNet_text,1,123,3.0,0.5,True,0.25,0.08333333333333333,0.500861644744873,0.9372918680310249,0.3,0.3,0.09999999999999999,0.40789473684210525,0.0935672514619883,0.29473684210526313,0.4934210526315789,0.4379931688308716,0.9165676161646843,0
MDPE,OADNet_text,1,123,3.0,0.6,True,0.25,0.08333333333333333,0.500861644744873,0.9372918680310249,0.05,0.05,0.016666666666666666,0.8486842105263158,0.005847953216374269,0.0456140350877193,0.4594298245614035,0.8090097904205322,0.9855128303170204,0
MDPE,OADNet_text,1,123,3.0,0.6,True,0.25,0.08333333333333333,0.500861644744873,0.9372918680310249,0.075,0.075,0.024999999999999998,0.7916666666666666,0.017543859649122806,0.07017543859649122,0.4594298245614035,0.7558279037475586,0.9753403812646866,0
MDPE,OADNet_text,1,123,3.0,0.6,True,0.25,0.08333333333333333,0.500861644744873,0.9372918680310249,0.1,0.1,0.03333333333333333,0.756578947368421,0.023391812865497075,0.09473684210526316,0.46381578947368424,0.7249389886856079,0.9709675926715136,0
MDPE,OADNet_text,1,123,3.0,0.6,True,0.25,0.08333333333333333,0.500861644744873,0.9372918680310249,0.15,0.15,0.049999999999999996,0.6842105263157895,0.04093567251461988,0.14385964912280702,0.4780701754385965,0.6800730228424072,0.9586471766233444,0
MDPE,OADNet_text,1,123,3.0,0.6,True,0.25,0.08333333333333333,0.500861644744873,0.9372918680310249,0.2,0.2,0.06666666666666667,0.5899122807017544,0.05847953216374269,0.19649122807017544,0.48355263157894735,0.5877969861030579,0.9480640925467014,0
MDPE,OADNet_text,1,123,3.0,0.6,True,0.25,0.08333333333333333,0.500861644744873,0.9372918680310249,0.25,0.25,0.08333333333333333,0.4868421052631579,0.07602339181286549,0.24561403508771928,0.4824561403508772,0.5119713544845581,0.9319231361150742,1
MDPE,OADNet_text,1,123,3.0,0.6,True,0.25,0.08333333333333333,0.500861644744873,0.9372918680310249,0.3,0.3,0.09999999999999999,0.40789473684210525,0.0935672514619883,0.29473684210526313,0.4934210526315789,0.4379931688308716,0.9165676161646843,0
MDPE,OADNet_text,1,123,3.0,0.7,True,0.15,0.049999999999999996,0.6100435853004456,0.965808629989624,0.05,0.05,0.016666666666666666,0.8486842105263158,0.005847953216374269,0.0456140350877193,0.4594298245614035,0.8090097904205322,0.9855128303170204,0
MDPE,OADNet_text,1,123,3.0,0.7,True,0.15,0.049999999999999996,0.6100435853004456,0.965808629989624,0.075,0.075,0.024999999999999998,0.7916666666666666,0.017543859649122806,0.07017543859649122,0.4594298245614035,0.7558279037475586,0.9753403812646866,0
MDPE,OADNet_text,1,123,3.0,0.7,True,0.15,0.049999999999999996,0.6100435853004456,0.965808629989624,0.1,0.1,0.03333333333333333,0.756578947368421,0.023391812865497075,0.09473684210526316,0.46381578947368424,0.7249389886856079,0.9709675926715136,0
MDPE,OADNet_text,1,123,3.0,0.7,True,0.15,0.049999999999999996,0.6100435853004456,0.965808629989624,0.15,0.15,0.049999999999999996,0.6842105263157895,0.04093567251461988,0.14385964912280702,0.4780701754385965,0.6800730228424072,0.9586471766233444,1
MDPE,OADNet_text,1,123,3.0,0.7,True,0.15,0.049999999999999996,0.6100435853004456,0.965808629989624,0.2,0.2,0.06666666666666667,0.5899122807017544,0.05847953216374269,0.19649122807017544,0.48355263157894735,0.5877969861030579,0.9480640925467014,0
MDPE,OADNet_text,1,123,3.0,0.7,True,0.15,0.049999999999999996,0.6100435853004456,0.965808629989624,0.25,0.25,0.08333333333333333,0.4868421052631579,0.07602339181286549,0.24561403508771928,0.4824561403508772,0.5119713544845581,0.9319231361150742,0
MDPE,OADNet_text,1,123,3.0,0.7,True,0.15,0.049999999999999996,0.6100435853004456,0.965808629989624,0.3,0.3,0.09999999999999999,0.40789473684210525,0.0935672514619883,0.29473684210526313,0.4934210526315789,0.4379931688308716,0.9165676161646843,0
MDPE,OADNet_text,1,123,3.0,0.8,True,0.075,0.024999999999999998,0.7573090195655823,0.9770998768508434,0.05,0.05,0.016666666666666666,0.8486842105263158,0.005847953216374269,0.0456140350877193,0.4594298245614035,0.8090097904205322,0.9855128303170204,0
MDPE,OADNet_text,1,123,3.0,0.8,True,0.075,0.024999999999999998,0.7573090195655823,0.9770998768508434,0.075,0.075,0.024999999999999998,0.7916666666666666,0.017543859649122806,0.07017543859649122,0.4594298245614035,0.7558279037475586,0.9753403812646866,1
MDPE,OADNet_text,1,123,3.0,0.8,True,0.075,0.024999999999999998,0.7573090195655823,0.9770998768508434,0.1,0.1,0.03333333333333333,0.756578947368421,0.023391812865497075,0.09473684210526316,0.46381578947368424,0.7249389886856079,0.9709675926715136,0
MDPE,OADNet_text,1,123,3.0,0.8,True,0.075,0.024999999999999998,0.7573090195655823,0.9770998768508434,0.15,0.15,0.049999999999999996,0.6842105263157895,0.04093567251461988,0.14385964912280702,0.4780701754385965,0.6800730228424072,0.9586471766233444,0
MDPE,OADNet_text,1,123,3.0,0.8,True,0.075,0.024999999999999998,0.7573090195655823,0.9770998768508434,0.2,0.2,0.06666666666666667,0.5899122807017544,0.05847953216374269,0.19649122807017544,0.48355263157894735,0.5877969861030579,0.9480640925467014,0
MDPE,OADNet_text,1,123,3.0,0.8,True,0.075,0.024999999999999998,0.7573090195655823,0.9770998768508434,0.25,0.25,0.08333333333333333,0.4868421052631579,0.07602339181286549,0.24561403508771928,0.4824561403508772,0.5119713544845581,0.9319231361150742,0
MDPE,OADNet_text,1,123,3.0,0.8,True,0.075,0.024999999999999998,0.7573090195655823,0.9770998768508434,0.3,0.3,0.09999999999999999,0.40789473684210525,0.0935672514619883,0.29473684210526313,0.4934210526315789,0.4379931688308716,0.9165676161646843,0
MDPE,OADNet_text,1,2024,3.0,0.5,True,0.25,0.08333333333333333,0.4481278657913208,0.8043516725301743,0.05,0.05,0.016666666666666666,0.8201754385964912,0.005847953216374269,0.0456140350877193,0.4451754385964912,0.6783519983291626,0.8664385974407196,0
MDPE,OADNet_text,1,2024,3.0,0.5,True,0.25,0.08333333333333333,0.4481278657913208,0.8043516725301743,0.075,0.075,0.024999999999999998,0.7741228070175439,0.017543859649122806,0.07017543859649122,0.4506578947368421,0.6385635137557983,0.8485592603683472,0
MDPE,OADNet_text,1,2024,3.0,0.5,True,0.25,0.08333333333333333,0.4481278657913208,0.8043516725301743,0.1,0.1,0.03333333333333333,0.7368421052631579,0.023391812865497075,0.09473684210526316,0.45394736842105265,0.6040486097335815,0.8448311686515808,0
MDPE,OADNet_text,1,2024,3.0,0.5,True,0.25,0.08333333333333333,0.4481278657913208,0.8043516725301743,0.15,0.15,0.049999999999999996,0.6469298245614035,0.04093567251461988,0.14385964912280702,0.4594298245614035,0.5427278280258179,0.8288817852735519,0
MDPE,OADNet_text,1,2024,3.0,0.5,True,0.25,0.08333333333333333,0.4481278657913208,0.8043516725301743,0.2,0.2,0.06666666666666667,0.5614035087719298,0.05847953216374269,0.19649122807017544,0.4692982456140351,0.4875800907611847,0.818156361579895,0
MDPE,OADNet_text,1,2024,3.0,0.5,True,0.25,0.08333333333333333,0.4481278657913208,0.8043516725301743,0.25,0.25,0.08333333333333333,0.47149122807017546,0.07602339181286549,0.24561403508771928,0.47478070175438597,0.4536035656929016,0.8069600164890289,1
MDPE,OADNet_text,1,2024,3.0,0.5,True,0.25,0.08333333333333333,0.4481278657913208,0.8043516725301743,0.3,0.3,0.09999999999999999,0.4144736842105263,0.0935672514619883,0.29473684210526313,0.4967105263157895,0.4206835925579071,0.8017167448997498,0
MDPE,OADNet_text,1,2024,3.0,0.6,True,0.2,0.06666666666666667,0.5127786993980408,0.8134302496910095,0.05,0.05,0.016666666666666666,0.8201754385964912,0.005847953216374269,0.0456140350877193,0.4451754385964912,0.6783519983291626,0.8664385974407196,0
MDPE,OADNet_text,1,2024,3.0,0.6,True,0.2,0.06666666666666667,0.5127786993980408,0.8134302496910095,0.075,0.075,0.024999999999999998,0.7741228070175439,0.017543859649122806,0.07017543859649122,0.4506578947368421,0.6385635137557983,0.8485592603683472,0
MDPE,OADNet_text,1,2024,3.0,0.6,True,0.2,0.06666666666666667,0.5127786993980408,0.8134302496910095,0.1,0.1,0.03333333333333333,0.7368421052631579,0.023391812865497075,0.09473684210526316,0.45394736842105265,0.6040486097335815,0.8448311686515808,0
MDPE,OADNet_text,1,2024,3.0,0.6,True,0.2,0.06666666666666667,0.5127786993980408,0.8134302496910095,0.15,0.15,0.049999999999999996,0.6469298245614035,0.04093567251461988,0.14385964912280702,0.4594298245614035,0.5427278280258179,0.8288817852735519,0
MDPE,OADNet_text,1,2024,3.0,0.6,True,0.2,0.06666666666666667,0.5127786993980408,0.8134302496910095,0.2,0.2,0.06666666666666667,0.5614035087719298,0.05847953216374269,0.19649122807017544,0.4692982456140351,0.4875800907611847,0.818156361579895,1
MDPE,OADNet_text,1,2024,3.0,0.6,True,0.2,0.06666666666666667,0.5127786993980408,0.8134302496910095,0.25,0.25,0.08333333333333333,0.47149122807017546,0.07602339181286549,0.24561403508771928,0.47478070175438597,0.4536035656929016,0.8069600164890289,0
MDPE,OADNet_text,1,2024,3.0,0.6,True,0.2,0.06666666666666667,0.5127786993980408,0.8134302496910095,0.3,0.3,0.09999999999999999,0.4144736842105263,0.0935672514619883,0.29473684210526313,0.4967105263157895,0.4206835925579071,0.8017167448997498,0
MDPE,OADNet_text,1,2024,3.0,0.7,True,0.15,0.049999999999999996,0.5381266474723816,0.830989807844162,0.05,0.05,0.016666666666666666,0.8201754385964912,0.005847953216374269,0.0456140350877193,0.4451754385964912,0.6783519983291626,0.8664385974407196,0
MDPE,OADNet_text,1,2024,3.0,0.7,True,0.15,0.049999999999999996,0.5381266474723816,0.830989807844162,0.075,0.075,0.024999999999999998,0.7741228070175439,0.017543859649122806,0.07017543859649122,0.4506578947368421,0.6385635137557983,0.8485592603683472,0
MDPE,OADNet_text,1,2024,3.0,0.7,True,0.15,0.049999999999999996,0.5381266474723816,0.830989807844162,0.1,0.1,0.03333333333333333,0.7368421052631579,0.023391812865497075,0.09473684210526316,0.45394736842105265,0.6040486097335815,0.8448311686515808,0
MDPE,OADNet_text,1,2024,3.0,0.7,True,0.15,0.049999999999999996,0.5381266474723816,0.830989807844162,0.15,0.15,0.049999999999999996,0.6469298245614035,0.04093567251461988,0.14385964912280702,0.4594298245614035,0.5427278280258179,0.8288817852735519,1
MDPE,OADNet_text,1,2024,3.0,0.7,True,0.15,0.049999999999999996,0.5381266474723816,0.830989807844162,0.2,0.2,0.06666666666666667,0.5614035087719298,0.05847953216374269,0.19649122807017544,0.4692982456140351,0.4875800907611847,0.818156361579895,0
MDPE,OADNet_text,1,2024,3.0,0.7,True,0.15,0.049999999999999996,0.5381266474723816,0.830989807844162,0.25,0.25,0.08333333333333333,0.47149122807017546,0.07602339181286549,0.24561403508771928,0.47478070175438597,0.4536035656929016,0.8069600164890289,0
MDPE,OADNet_text,1,2024,3.0,0.7,True,0.15,0.049999999999999996,0.5381266474723816,0.830989807844162,0.3,0.3,0.09999999999999999,0.4144736842105263,0.0935672514619883,0.29473684210526313,0.4967105263157895,0.4206835925579071,0.8017167448997498,0
MDPE,OADNet_text,1,2024,3.0,0.8,True,0.075,0.024999999999999998,0.6473245620727539,0.852068692445755,0.05,0.05,0.016666666666666666,0.8201754385964912,0.005847953216374269,0.0456140350877193,0.4451754385964912,0.6783519983291626,0.8664385974407196,0
MDPE,OADNet_text,1,2024,3.0,0.8,True,0.075,0.024999999999999998,0.6473245620727539,0.852068692445755,0.075,0.075,0.024999999999999998,0.7741228070175439,0.017543859649122806,0.07017543859649122,0.4506578947368421,0.6385635137557983,0.8485592603683472,1
MDPE,OADNet_text,1,2024,3.0,0.8,True,0.075,0.024999999999999998,0.6473245620727539,0.852068692445755,0.1,0.1,0.03333333333333333,0.7368421052631579,0.023391812865497075,0.09473684210526316,0.45394736842105265,0.6040486097335815,0.8448311686515808,0
MDPE,OADNet_text,1,2024,3.0,0.8,True,0.075,0.024999999999999998,0.6473245620727539,0.852068692445755,0.15,0.15,0.049999999999999996,0.6469298245614035,0.04093567251461988,0.14385964912280702,0.4594298245614035,0.5427278280258179,0.8288817852735519,0
MDPE,OADNet_text,1,2024,3.0,0.8,True,0.075,0.024999999999999998,0.6473245620727539,0.852068692445755,0.2,0.2,0.06666666666666667,0.5614035087719298,0.05847953216374269,0.19649122807017544,0.4692982456140351,0.4875800907611847,0.818156361579895,0
MDPE,OADNet_text,1,2024,3.0,0.8,True,0.075,0.024999999999999998,0.6473245620727539,0.852068692445755,0.25,0.25,0.08333333333333333,0.47149122807017546,0.07602339181286549,0.24561403508771928,0.47478070175438597,0.4536035656929016,0.8069600164890289,0
MDPE,OADNet_text,1,2024,3.0,0.8,True,0.075,0.024999999999999998,0.6473245620727539,0.852068692445755,0.3,0.3,0.09999999999999999,0.4144736842105263,0.0935672514619883,0.29473684210526313,0.4967105263157895,0.4206835925579071,0.8017167448997498,0
MDPE,OADNet_text,1,2026,3.0,0.5,True,0.3,0.09999999999999999,0.4804787039756775,0.7028000950813293,0.05,0.05,0.016666666666666666,0.8464912280701754,0.005847953216374269,0.0456140350877193,0.4583333333333333,0.6622634530067444,0.8808664008975029,0
MDPE,OADNet_text,1,2026,3.0,0.5,True,0.3,0.09999999999999999,0.4804787039756775,0.7028000950813293,0.075,0.075,0.024999999999999998,0.7894736842105263,0.017543859649122806,0.07017543859649122,0.4583333333333333,0.6301696300506592,0.8657891005277634,0
MDPE,OADNet_text,1,2026,3.0,0.5,True,0.3,0.09999999999999999,0.4804787039756775,0.7028000950813293,0.1,0.1,0.03333333333333333,0.75,0.023391812865497075,0.09473684210526316,0.4605263157894737,0.6002986431121826,0.8644316792488098,0
MDPE,OADNet_text,1,2026,3.0,0.5,True,0.3,0.09999999999999999,0.4804787039756775,0.7028000950813293,0.15,0.15,0.049999999999999996,0.6644736842105263,0.04093567251461988,0.14385964912280702,0.4682017543859649,0.5631377696990967,0.8167849034070969,0
MDPE,OADNet_text,1,2026,3.0,0.5,True,0.3,0.09999999999999999,0.4804787039756775,0.7028000950813293,0.2,0.2,0.06666666666666667,0.581140350877193,0.05847953216374269,0.19649122807017544,0.4791666666666667,0.522101879119873,0.7969486117362976,0
MDPE,OADNet_text,1,2026,3.0,0.5,True,0.3,0.09999999999999999,0.4804787039756775,0.7028000950813293,0.25,0.25,0.08333333333333333,0.5043859649122807,0.07602339181286549,0.24561403508771928,0.49122807017543857,0.4945429563522339,0.7750043570995331,0
MDPE,OADNet_text,1,2026,3.0,0.5,True,0.3,0.09999999999999999,0.4804787039756775,0.7028000950813293,0.3,0.3,0.09999999999999999,0.4057017543859649,0.0935672514619883,0.29473684210526313,0.4923245614035088,0.45909038186073303,0.7583369314670563,1
MDPE,OADNet_text,1,2026,3.0,0.6,True,0.2,0.06666666666666667,0.5351269841194153,0.7564104646444321,0.05,0.05,0.016666666666666666,0.8464912280701754,0.005847953216374269,0.0456140350877193,0.4583333333333333,0.6622634530067444,0.8808664008975029,0
MDPE,OADNet_text,1,2026,3.0,0.6,True,0.2,0.06666666666666667,0.5351269841194153,0.7564104646444321,0.075,0.075,0.024999999999999998,0.7894736842105263,0.017543859649122806,0.07017543859649122,0.4583333333333333,0.6301696300506592,0.8657891005277634,0
MDPE,OADNet_text,1,2026,3.0,0.6,True,0.2,0.06666666666666667,0.5351269841194153,0.7564104646444321,0.1,0.1,0.03333333333333333,0.75,0.023391812865497075,0.09473684210526316,0.4605263157894737,0.6002986431121826,0.8644316792488098,0
MDPE,OADNet_text,1,2026,3.0,0.6,True,0.2,0.06666666666666667,0.5351269841194153,0.7564104646444321,0.15,0.15,0.049999999999999996,0.6644736842105263,0.04093567251461988,0.14385964912280702,0.4682017543859649,0.5631377696990967,0.8167849034070969,0
MDPE,OADNet_text,1,2026,3.0,0.6,True,0.2,0.06666666666666667,0.5351269841194153,0.7564104646444321,0.2,0.2,0.06666666666666667,0.581140350877193,0.05847953216374269,0.19649122807017544,0.4791666666666667,0.522101879119873,0.7969486117362976,1
MDPE,OADNet_text,1,2026,3.0,0.6,True,0.2,0.06666666666666667,0.5351269841194153,0.7564104646444321,0.25,0.25,0.08333333333333333,0.5043859649122807,0.07602339181286549,0.24561403508771928,0.49122807017543857,0.4945429563522339,0.7750043570995331,0
MDPE,OADNet_text,1,2026,3.0,0.6,True,0.2,0.06666666666666667,0.5351269841194153,0.7564104646444321,0.3,0.3,0.09999999999999999,0.4057017543859649,0.0935672514619883,0.29473684210526313,0.4923245614035088,0.45909038186073303,0.7583369314670563,0
MDPE,OADNet_text,1,2026,3.0,0.7,True,0.15,0.049999999999999996,0.5625370144844055,0.7719597816467285,0.05,0.05,0.016666666666666666,0.8464912280701754,0.005847953216374269,0.0456140350877193,0.4583333333333333,0.6622634530067444,0.8808664008975029,0
MDPE,OADNet_text,1,2026,3.0,0.7,True,0.15,0.049999999999999996,0.5625370144844055,0.7719597816467285,0.075,0.075,0.024999999999999998,0.7894736842105263,0.017543859649122806,0.07017543859649122,0.4583333333333333,0.6301696300506592,0.8657891005277634,0
MDPE,OADNet_text,1,2026,3.0,0.7,True,0.15,0.049999999999999996,0.5625370144844055,0.7719597816467285,0.1,0.1,0.03333333333333333,0.75,0.023391812865497075,0.09473684210526316,0.4605263157894737,0.6002986431121826,0.8644316792488098,0
MDPE,OADNet_text,1,2026,3.0,0.7,True,0.15,0.049999999999999996,0.5625370144844055,0.7719597816467285,0.15,0.15,0.049999999999999996,0.6644736842105263,0.04093567251461988,0.14385964912280702,0.4682017543859649,0.5631377696990967,0.8167849034070969,1
MDPE,OADNet_text,1,2026,3.0,0.7,True,0.15,0.049999999999999996,0.5625370144844055,0.7719597816467285,0.2,0.2,0.06666666666666667,0.581140350877193,0.05847953216374269,0.19649122807017544,0.4791666666666667,0.522101879119873,0.7969486117362976,0
MDPE,OADNet_text,1,2026,3.0,0.7,True,0.15,0.049999999999999996,0.5625370144844055,0.7719597816467285,0.25,0.25,0.08333333333333333,0.5043859649122807,0.07602339181286549,0.24561403508771928,0.49122807017543857,0.4945429563522339,0.7750043570995331,0
MDPE,OADNet_text,1,2026,3.0,0.7,True,0.15,0.049999999999999996,0.5625370144844055,0.7719597816467285,0.3,0.3,0.09999999999999999,0.4057017543859649,0.0935672514619883,0.29473684210526313,0.4923245614035088,0.45909038186073303,0.7583369314670563,0
MDPE,OADNet_text,1,2026,3.0,0.8,True,0.075,0.024999999999999998,0.6207838654518127,0.8218235224485397,0.05,0.05,0.016666666666666666,0.8464912280701754,0.005847953216374269,0.0456140350877193,0.4583333333333333,0.6622634530067444,0.8808664008975029,0
MDPE,OADNet_text,1,2026,3.0,0.8,True,0.075,0.024999999999999998,0.6207838654518127,0.8218235224485397,0.075,0.075,0.024999999999999998,0.7894736842105263,0.017543859649122806,0.07017543859649122,0.4583333333333333,0.6301696300506592,0.8657891005277634,1
MDPE,OADNet_text,1,2026,3.0,0.8,True,0.075,0.024999999999999998,0.6207838654518127,0.8218235224485397,0.1,0.1,0.03333333333333333,0.75,0.023391812865497075,0.09473684210526316,0.4605263157894737,0.6002986431121826,0.8644316792488098,0
MDPE,OADNet_text,1,2026,3.0,0.8,True,0.075,0.024999999999999998,0.6207838654518127,0.8218235224485397,0.15,0.15,0.049999999999999996,0.6644736842105263,0.04093567251461988,0.14385964912280702,0.4682017543859649,0.5631377696990967,0.8167849034070969,0
MDPE,OADNet_text,1,2026,3.0,0.8,True,0.075,0.024999999999999998,0.6207838654518127,0.8218235224485397,0.2,0.2,0.06666666666666667,0.581140350877193,0.05847953216374269,0.19649122807017544,0.4791666666666667,0.522101879119873,0.7969486117362976,0
MDPE,OADNet_text,1,2026,3.0,0.8,True,0.075,0.024999999999999998,0.6207838654518127,0.8218235224485397,0.25,0.25,0.08333333333333333,0.5043859649122807,0.07602339181286549,0.24561403508771928,0.49122807017543857,0.4945429563522339,0.7750043570995331,0
MDPE,OADNet_text,1,2026,3.0,0.8,True,0.075,0.024999999999999998,0.6207838654518127,0.8218235224485397,0.3,0.3,0.09999999999999999,0.4057017543859649,0.0935672514619883,0.29473684210526313,0.4923245614035088,0.45909038186073303,0.7583369314670563,0
MDPE,OADNet_text,2,7,3.0,0.5,True,0.3,0.09999999999999999,0.1296229213476181,0.996124402852729,0.05,0.05,0.016666666666666666,0.868421052631579,0.005847953216374269,0.0456140350877193,0.4692982456140351,0.6442118883132935,0.9993140414007939,0
MDPE,OADNet_text,2,7,3.0,0.5,True,0.3,0.09999999999999999,0.1296229213476181,0.996124402852729,0.075,0.075,0.024999999999999998,0.7828947368421053,0.017543859649122806,0.07017543859649122,0.4550438596491228,0.5425496697425842,0.9987425223225728,0
MDPE,OADNet_text,2,7,3.0,0.5,True,0.3,0.09999999999999999,0.1296229213476181,0.996124402852729,0.1,0.1,0.03333333333333333,0.743421052631579,0.023391812865497075,0.09473684210526316,0.45723684210526316,0.47918829321861267,0.9987309268908575,0
MDPE,OADNet_text,2,7,3.0,0.5,True,0.3,0.09999999999999999,0.1296229213476181,0.996124402852729,0.15,0.15,0.049999999999999996,0.6622807017543859,0.04093567251461988,0.14385964912280702,0.46710526315789475,0.349069207906723,0.9980195057578385,0
MDPE,OADNet_text,2,7,3.0,0.5,True,0.3,0.09999999999999999,0.1296229213476181,0.996124402852729,0.2,0.2,0.06666666666666667,0.5899122807017544,0.05847953216374269,0.19649122807017544,0.48355263157894735,0.2480088621377945,0.9972637789323926,0
MDPE,OADNet_text,2,7,3.0,0.5,True,0.3,0.09999999999999999,0.1296229213476181,0.996124402852729,0.25,0.25,0.08333333333333333,0.5219298245614035,0.07602339181286549,0.24561403508771928,0.5,0.17405076324939728,0.9967433845158666,0
MDPE,OADNet_text,2,7,3.0,0.5,True,0.3,0.09999999999999999,0.1296229213476181,0.996124402852729,0.3,0.3,0.09999999999999999,0.43640350877192985,0.0935672514619883,0.29473684210526313,0.5076754385964912,0.12241209298372269,0.9950777417980134,1
MDPE,OADNet_text,2,7,3.0,0.6,True,0.2,0.06666666666666667,0.2238582819700241,0.9974977297242731,0.05,0.05,0.016666666666666666,0.868421052631579,0.005847953216374269,0.0456140350877193,0.4692982456140351,0.6442118883132935,0.9993140414007939,0
MDPE,OADNet_text,2,7,3.0,0.6,True,0.2,0.06666666666666667,0.2238582819700241,0.9974977297242731,0.075,0.075,0.024999999999999998,0.7828947368421053,0.017543859649122806,0.07017543859649122,0.4550438596491228,0.5425496697425842,0.9987425223225728,0
MDPE,OADNet_text,2,7,3.0,0.6,True,0.2,0.06666666666666667,0.2238582819700241,0.9974977297242731,0.1,0.1,0.03333333333333333,0.743421052631579,0.023391812865497075,0.09473684210526316,0.45723684210526316,0.47918829321861267,0.9987309268908575,0
MDPE,OADNet_text,2,7,3.0,0.6,True,0.2,0.06666666666666667,0.2238582819700241,0.9974977297242731,0.15,0.15,0.049999999999999996,0.6622807017543859,0.04093567251461988,0.14385964912280702,0.46710526315789475,0.349069207906723,0.9980195057578385,0
MDPE,OADNet_text,2,7,3.0,0.6,True,0.2,0.06666666666666667,0.2238582819700241,0.9974977297242731,0.2,0.2,0.06666666666666667,0.5899122807017544,0.05847953216374269,0.19649122807017544,0.48355263157894735,0.2480088621377945,0.9972637789323926,1
MDPE,OADNet_text,2,7,3.0,0.6,True,0.2,0.06666666666666667,0.2238582819700241,0.9974977297242731,0.25,0.25,0.08333333333333333,0.5219298245614035,0.07602339181286549,0.24561403508771928,0.5,0.17405076324939728,0.9967433845158666,0
MDPE,OADNet_text,2,7,3.0,0.6,True,0.2,0.06666666666666667,0.2238582819700241,0.9974977297242731,0.3,0.3,0.09999999999999999,0.43640350877192985,0.0935672514619883,0.29473684210526313,0.5076754385964912,0.12241209298372269,0.9950777417980134,0
MDPE,OADNet_text,2,7,3.0,0.7,True,0.15,0.049999999999999996,0.3550971448421478,0.9979619134683162,0.05,0.05,0.016666666666666666,0.868421052631579,0.005847953216374269,0.0456140350877193,0.4692982456140351,0.6442118883132935,0.9993140414007939,0
MDPE,OADNet_text,2,7,3.0,0.7,True,0.15,0.049999999999999996,0.3550971448421478,0.9979619134683162,0.075,0.075,0.024999999999999998,0.7828947368421053,0.017543859649122806,0.07017543859649122,0.4550438596491228,0.5425496697425842,0.9987425223225728,0
MDPE,OADNet_text,2,7,3.0,0.7,True,0.15,0.049999999999999996,0.3550971448421478,0.9979619134683162,0.1,0.1,0.03333333333333333,0.743421052631579,0.023391812865497075,0.09473684210526316,0.45723684210526316,0.47918829321861267,0.9987309268908575,0
MDPE,OADNet_text,2,7,3.0,0.7,True,0.15,0.049999999999999996,0.3550971448421478,0.9979619134683162,0.15,0.15,0.049999999999999996,0.6622807017543859,0.04093567251461988,0.14385964912280702,0.46710526315789475,0.349069207906723,0.9980195057578385,1
MDPE,OADNet_text,2,7,3.0,0.7,True,0.15,0.049999999999999996,0.3550971448421478,0.9979619134683162,0.2,0.2,0.06666666666666667,0.5899122807017544,0.05847953216374269,0.19649122807017544,0.48355263157894735,0.2480088621377945,0.9972637789323926,0
MDPE,OADNet_text,2,7,3.0,0.7,True,0.15,0.049999999999999996,0.3550971448421478,0.9979619134683162,0.25,0.25,0.08333333333333333,0.5219298245614035,0.07602339181286549,0.24561403508771928,0.5,0.17405076324939728,0.9967433845158666,0
MDPE,OADNet_text,2,7,3.0,0.7,True,0.15,0.049999999999999996,0.3550971448421478,0.9979619134683162,0.3,0.3,0.09999999999999999,0.43640350877192985,0.0935672514619883,0.29473684210526313,0.5076754385964912,0.12241209298372269,0.9950777417980134,0
MDPE,OADNet_text,2,7,3.0,0.8,True,0.075,0.024999999999999998,0.6159672737121582,0.9987540130969137,0.05,0.05,0.016666666666666666,0.868421052631579,0.005847953216374269,0.0456140350877193,0.4692982456140351,0.6442118883132935,0.9993140414007939,0
MDPE,OADNet_text,2,7,3.0,0.8,True,0.075,0.024999999999999998,0.6159672737121582,0.9987540130969137,0.075,0.075,0.024999999999999998,0.7828947368421053,0.017543859649122806,0.07017543859649122,0.4550438596491228,0.5425496697425842,0.9987425223225728,1
MDPE,OADNet_text,2,7,3.0,0.8,True,0.075,0.024999999999999998,0.6159672737121582,0.9987540130969137,0.1,0.1,0.03333333333333333,0.743421052631579,0.023391812865497075,0.09473684210526316,0.45723684210526316,0.47918829321861267,0.9987309268908575,0
MDPE,OADNet_text,2,7,3.0,0.8,True,0.075,0.024999999999999998,0.6159672737121582,0.9987540130969137,0.15,0.15,0.049999999999999996,0.6622807017543859,0.04093567251461988,0.14385964912280702,0.46710526315789475,0.349069207906723,0.9980195057578385,0
MDPE,OADNet_text,2,7,3.0,0.8,True,0.075,0.024999999999999998,0.6159672737121582,0.9987540130969137,0.2,0.2,0.06666666666666667,0.5899122807017544,0.05847953216374269,0.19649122807017544,0.48355263157894735,0.2480088621377945,0.9972637789323926,0
MDPE,OADNet_text,2,7,3.0,0.8,True,0.075,0.024999999999999998,0.6159672737121582,0.9987540130969137,0.25,0.25,0.08333333333333333,0.5219298245614035,0.07602339181286549,0.24561403508771928,0.5,0.17405076324939728,0.9967433845158666,0
MDPE,OADNet_text,2,7,3.0,0.8,True,0.075,0.024999999999999998,0.6159672737121582,0.9987540130969137,0.3,0.3,0.09999999999999999,0.43640350877192985,0.0935672514619883,0.29473684210526313,0.5076754385964912,0.12241209298372269,0.9950777417980134,0
MDPE,OADNet_text,2,42,3.0,0.5,True,0.3,0.09999999999999999,0.5302650928497314,0.9649834930896759,0.05,0.05,0.016666666666666666,0.8333333333333334,0.005847953216374269,0.0456140350877193,0.4517543859649123,0.9039146304130554,0.989959055557847,0
MDPE,OADNet_text,2,42,3.0,0.5,True,0.3,0.09999999999999999,0.5302650928497314,0.9649834930896759,0.075,0.075,0.024999999999999998,0.7697368421052632,0.017543859649122806,0.07017543859649122,0.44846491228070173,0.8765349984169006,0.9841043893247843,0
MDPE,OADNet_text,2,42,3.0,0.5,True,0.3,0.09999999999999999,0.5302650928497314,0.9649834930896759,0.1,0.1,0.03333333333333333,0.7456140350877193,0.023391812865497075,0.09473684210526316,0.4583333333333333,0.8619898557662964,0.9792679399251938,0
MDPE,OADNet_text,2,42,3.0,0.5,True,0.3,0.09999999999999999,0.5302650928497314,0.9649834930896759,0.15,0.15,0.049999999999999996,0.6776315789473685,0.04093567251461988,0.14385964912280702,0.47478070175438597,0.7916695475578308,0.9761157725006342,0
MDPE,OADNet_text,2,42,3.0,0.5,True,0.3,0.09999999999999999,0.5302650928497314,0.9649834930896759,0.2,0.2,0.06666666666666667,0.5986842105263158,0.05847953216374269,0.19649122807017544,0.48793859649122806,0.7252395749092102,0.9673123098909855,0
MDPE,OADNet_text,2,42,3.0,0.5,True,0.3,0.09999999999999999,0.5302650928497314,0.9649834930896759,0.25,0.25,0.08333333333333333,0.5109649122807017,0.07602339181286549,0.24561403508771928,0.49451754385964913,0.6250511407852173,0.95214669033885,0
MDPE,OADNet_text,2,42,3.0,0.5,True,0.3,0.09999999999999999,0.5302650928497314,0.9649834930896759,0.3,0.3,0.09999999999999999,0.4451754385964912,0.0935672514619883,0.29473684210526313,0.5120614035087719,0.568218469619751,0.9439128488302231,1
MDPE,OADNet_text,2,42,3.0,0.6,True,0.2,0.06666666666666667,0.6391268372535706,0.9733452349901199,0.05,0.05,0.016666666666666666,0.8333333333333334,0.005847953216374269,0.0456140350877193,0.4517543859649123,0.9039146304130554,0.989959055557847,0
MDPE,OADNet_text,2,42,3.0,0.6,True,0.2,0.06666666666666667,0.6391268372535706,0.9733452349901199,0.075,0.075,0.024999999999999998,0.7697368421052632,0.017543859649122806,0.07017543859649122,0.44846491228070173,0.8765349984169006,0.9841043893247843,0
MDPE,OADNet_text,2,42,3.0,0.6,True,0.2,0.06666666666666667,0.6391268372535706,0.9733452349901199,0.1,0.1,0.03333333333333333,0.7456140350877193,0.023391812865497075,0.09473684210526316,0.4583333333333333,0.8619898557662964,0.9792679399251938,0
MDPE,OADNet_text,2,42,3.0,0.6,True,0.2,0.06666666666666667,0.6391268372535706,0.9733452349901199,0.15,0.15,0.049999999999999996,0.6776315789473685,0.04093567251461988,0.14385964912280702,0.47478070175438597,0.7916695475578308,0.9761157725006342,0
MDPE,OADNet_text,2,42,3.0,0.6,True,0.2,0.06666666666666667,0.6391268372535706,0.9733452349901199,0.2,0.2,0.06666666666666667,0.5986842105263158,0.05847953216374269,0.19649122807017544,0.48793859649122806,0.7252395749092102,0.9673123098909855,1
MDPE,OADNet_text,2,42,3.0,0.6,True,0.2,0.06666666666666667,0.6391268372535706,0.9733452349901199,0.25,0.25,0.08333333333333333,0.5109649122807017,0.07602339181286549,0.24561403508771928,0.49451754385964913,0.6250511407852173,0.95214669033885,0
MDPE,OADNet_text,2,42,3.0,0.6,True,0.2,0.06666666666666667,0.6391268372535706,0.9733452349901199,0.3,0.3,0.09999999999999999,0.4451754385964912,0.0935672514619883,0.29473684210526313,0.5120614035087719,0.568218469619751,0.9439128488302231,0
MDPE,OADNet_text,2,42,3.0,0.7,True,0.15,0.049999999999999996,0.7662473917007446,0.9755193553864956,0.05,0.05,0.016666666666666666,0.8333333333333334,0.005847953216374269,0.0456140350877193,0.4517543859649123,0.9039146304130554,0.989959055557847,0
MDPE,OADNet_text,2,42,3.0,0.7,True,0.15,0.049999999999999996,0.7662473917007446,0.9755193553864956,0.075,0.075,0.024999999999999998,0.7697368421052632,0.017543859649122806,0.07017543859649122,0.44846491228070173,0.8765349984169006,0.9841043893247843,0
MDPE,OADNet_text,2,42,3.0,0.7,True,0.15,0.049999999999999996,0.7662473917007446,0.9755193553864956,0.1,0.1,0.03333333333333333,0.7456140350877193,0.023391812865497075,0.09473684210526316,0.4583333333333333,0.8619898557662964,0.9792679399251938,0
MDPE,OADNet_text,2,42,3.0,0.7,True,0.15,0.049999999999999996,0.7662473917007446,0.9755193553864956,0.15,0.15,0.049999999999999996,0.6776315789473685,0.04093567251461988,0.14385964912280702,0.47478070175438597,0.7916695475578308,0.9761157725006342,1
MDPE,OADNet_text,2,42,3.0,0.7,True,0.15,0.049999999999999996,0.7662473917007446,0.9755193553864956,0.2,0.2,0.06666666666666667,0.5986842105263158,0.05847953216374269,0.19649122807017544,0.48793859649122806,0.7252395749092102,0.9673123098909855,0
MDPE,OADNet_text,2,42,3.0,0.7,True,0.15,0.049999999999999996,0.7662473917007446,0.9755193553864956,0.25,0.25,0.08333333333333333,0.5109649122807017,0.07602339181286549,0.24561403508771928,0.49451754385964913,0.6250511407852173,0.95214669033885,0
MDPE,OADNet_text,2,42,3.0,0.7,True,0.15,0.049999999999999996,0.7662473917007446,0.9755193553864956,0.3,0.3,0.09999999999999999,0.4451754385964912,0.0935672514619883,0.29473684210526313,0.5120614035087719,0.568218469619751,0.9439128488302231,0
MDPE,OADNet_text,2,42,3.0,0.8,True,0.075,0.024999999999999998,0.8708946704864502,0.9843540526926517,0.05,0.05,0.016666666666666666,0.8333333333333334,0.005847953216374269,0.0456140350877193,0.4517543859649123,0.9039146304130554,0.989959055557847,0
MDPE,OADNet_text,2,42,3.0,0.8,True,0.075,0.024999999999999998,0.8708946704864502,0.9843540526926517,0.075,0.075,0.024999999999999998,0.7697368421052632,0.017543859649122806,0.07017543859649122,0.44846491228070173,0.8765349984169006,0.9841043893247843,1
MDPE,OADNet_text,2,42,3.0,0.8,True,0.075,0.024999999999999998,0.8708946704864502,0.9843540526926517,0.1,0.1,0.03333333333333333,0.7456140350877193,0.023391812865497075,0.09473684210526316,0.4583333333333333,0.8619898557662964,0.9792679399251938,0
MDPE,OADNet_text,2,42,3.0,0.8,True,0.075,0.024999999999999998,0.8708946704864502,0.9843540526926517,0.15,0.15,0.049999999999999996,0.6776315789473685,0.04093567251461988,0.14385964912280702,0.47478070175438597,0.7916695475578308,0.9761157725006342,0
MDPE,OADNet_text,2,42,3.0,0.8,True,0.075,0.024999999999999998,0.8708946704864502,0.9843540526926517,0.2,0.2,0.06666666666666667,0.5986842105263158,0.05847953216374269,0.19649122807017544,0.48793859649122806,0.7252395749092102,0.9673123098909855,0
MDPE,OADNet_text,2,42,3.0,0.8,True,0.075,0.024999999999999998,0.8708946704864502,0.9843540526926517,0.25,0.25,0.08333333333333333,0.5109649122807017,0.07602339181286549,0.24561403508771928,0.49451754385964913,0.6250511407852173,0.95214669033885,0
MDPE,OADNet_text,2,42,3.0,0.8,True,0.075,0.024999999999999998,0.8708946704864502,0.9843540526926517,0.3,0.3,0.09999999999999999,0.4451754385964912,0.0935672514619883,0.29473684210526313,0.5120614035087719,0.568218469619751,0.9439128488302231,0
MDPE,OADNet_text,2,123,3.0,0.5,True,0.25,0.08333333333333333,0.6605588793754578,0.8895175457000732,0.05,0.05,0.016666666666666666,0.8618421052631579,0.005847953216374269,0.0456140350877193,0.46600877192982454,0.8485592603683472,0.9840323459357023,0
MDPE,OADNet_text,2,123,3.0,0.5,True,0.25,0.08333333333333333,0.6605588793754578,0.8895175457000732,0.075,0.075,0.024999999999999998,0.756578947368421,0.017543859649122806,0.07017543859649122,0.4418859649122807,0.8028103113174438,0.948402464389801,0
MDPE,OADNet_text,2,123,3.0,0.5,True,0.25,0.08333333333333333,0.6605588793754578,0.8895175457000732,0.1,0.1,0.03333333333333333,0.7324561403508771,0.023391812865497075,0.09473684210526316,0.4517543859649123,0.7932284474372864,0.9472663812339306,0
MDPE,OADNet_text,2,123,3.0,0.5,True,0.25,0.08333333333333333,0.6605588793754578,0.8895175457000732,0.15,0.15,0.049999999999999996,0.6293859649122807,0.04093567251461988,0.14385964912280702,0.4506578947368421,0.7313070297241211,0.9080247208476067,0
MDPE,OADNet_text,2,123,3.0,0.5,True,0.25,0.08333333333333333,0.6605588793754578,0.8895175457000732,0.2,0.2,0.06666666666666667,0.5635964912280702,0.05847953216374269,0.19649122807017544,0.47039473684210525,0.6588178873062134,0.8966459855437279,0
MDPE,OADNet_text,2,123,3.0,0.5,True,0.25,0.08333333333333333,0.6605588793754578,0.8895175457000732,0.25,0.25,0.08333333333333333,0.48903508771929827,0.07602339181286549,0.24561403508771928,0.48355263157894735,0.6045122146606445,0.8669695109128952,1
MDPE,OADNet_text,2,123,3.0,0.5,True,0.25,0.08333333333333333,0.6605588793754578,0.8895175457000732,0.3,0.3,0.09999999999999999,0.4100877192982456,0.0935672514619883,0.29473684210526313,0.49451754385964913,0.552582323551178,0.8392540663480759,0
MDPE,OADNet_text,2,123,3.0,0.6,True,0.2,0.06666666666666667,0.7074581980705261,0.9019003361463547,0.05,0.05,0.016666666666666666,0.8618421052631579,0.005847953216374269,0.0456140350877193,0.46600877192982454,0.8485592603683472,0.9840323459357023,0
MDPE,OADNet_text,2,123,3.0,0.6,True,0.2,0.06666666666666667,0.7074581980705261,0.9019003361463547,0.075,0.075,0.024999999999999998,0.756578947368421,0.017543859649122806,0.07017543859649122,0.4418859649122807,0.8028103113174438,0.948402464389801,0
MDPE,OADNet_text,2,123,3.0,0.6,True,0.2,0.06666666666666667,0.7074581980705261,0.9019003361463547,0.1,0.1,0.03333333333333333,0.7324561403508771,0.023391812865497075,0.09473684210526316,0.4517543859649123,0.7932284474372864,0.9472663812339306,0
MDPE,OADNet_text,2,123,3.0,0.6,True,0.2,0.06666666666666667,0.7074581980705261,0.9019003361463547,0.15,0.15,0.049999999999999996,0.6293859649122807,0.04093567251461988,0.14385964912280702,0.4506578947368421,0.7313070297241211,0.9080247208476067,0
MDPE,OADNet_text,2,123,3.0,0.6,True,0.2,0.06666666666666667,0.7074581980705261,0.9019003361463547,0.2,0.2,0.06666666666666667,0.5635964912280702,0.05847953216374269,0.19649122807017544,0.47039473684210525,0.6588178873062134,0.8966459855437279,1
MDPE,OADNet_text,2,123,3.0,0.6,True,0.2,0.06666666666666667,0.7074581980705261,0.9019003361463547,0.25,0.25,0.08333333333333333,0.48903508771929827,0.07602339181286549,0.24561403508771928,0.48355263157894735,0.6045122146606445,0.8669695109128952,0
MDPE,OADNet_text,2,123,3.0,0.6,True,0.2,0.06666666666666667,0.7074581980705261,0.9019003361463547,0.3,0.3,0.09999999999999999,0.4100877192982456,0.0935672514619883,0.29473684210526313,0.49451754385964913,0.552582323551178,0.8392540663480759,0
MDPE,OADNet_text,2,123,3.0,0.7,True,0.15,0.049999999999999996,0.7548192739486694,0.9216069802641869,0.05,0.05,0.016666666666666666,0.8618421052631579,0.005847953216374269,0.0456140350877193,0.46600877192982454,0.8485592603683472,0.9840323459357023,0
MDPE,OADNet_text,2,123,3.0,0.7,True,0.15,0.049999999999999996,0.7548192739486694,0.9216069802641869,0.075,0.075,0.024999999999999998,0.756578947368421,0.017543859649122806,0.07017543859649122,0.4418859649122807,0.8028103113174438,0.948402464389801,0
MDPE,OADNet_text,2,123,3.0,0.7,True,0.15,0.049999999999999996,0.7548192739486694,0.9216069802641869,0.1,0.1,0.03333333333333333,0.7324561403508771,0.023391812865497075,0.09473684210526316,0.4517543859649123,0.7932284474372864,0.9472663812339306,0
MDPE,OADNet_text,2,123,3.0,0.7,True,0.15,0.049999999999999996,0.7548192739486694,0.9216069802641869,0.15,0.15,0.049999999999999996,0.6293859649122807,0.04093567251461988,0.14385964912280702,0.4506578947368421,0.7313070297241211,0.9080247208476067,1
MDPE,OADNet_text,2,123,3.0,0.7,True,0.15,0.049999999999999996,0.7548192739486694,0.9216069802641869,0.2,0.2,0.06666666666666667,0.5635964912280702,0.05847953216374269,0.19649122807017544,0.47039473684210525,0.6588178873062134,0.8966459855437279,0
MDPE,OADNet_text,2,123,3.0,0.7,True,0.15,0.049999999999999996,0.7548192739486694,0.9216069802641869,0.25,0.25,0.08333333333333333,0.48903508771929827,0.07602339181286549,0.24561403508771928,0.48355263157894735,0.6045122146606445,0.8669695109128952,0
MDPE,OADNet_text,2,123,3.0,0.7,True,0.15,0.049999999999999996,0.7548192739486694,0.9216069802641869,0.3,0.3,0.09999999999999999,0.4100877192982456,0.0935672514619883,0.29473684210526313,0.49451754385964913,0.552582323551178,0.8392540663480759,0
MDPE,OADNet_text,2,123,3.0,0.8,True,0.075,0.024999999999999998,0.8511249423027039,0.945754136890173,0.05,0.05,0.016666666666666666,0.8618421052631579,0.005847953216374269,0.0456140350877193,0.46600877192982454,0.8485592603683472,0.9840323459357023,0
MDPE,OADNet_text,2,123,3.0,0.8,True,0.075,0.024999999999999998,0.8511249423027039,0.945754136890173,0.075,0.075,0.024999999999999998,0.756578947368421,0.017543859649122806,0.07017543859649122,0.4418859649122807,0.8028103113174438,0.948402464389801,1
MDPE,OADNet_text,2,123,3.0,0.8,True,0.075,0.024999999999999998,0.8511249423027039,0.945754136890173,0.1,0.1,0.03333333333333333,0.7324561403508771,0.023391812865497075,0.09473684210526316,0.4517543859649123,0.7932284474372864,0.9472663812339306,0
MDPE,OADNet_text,2,123,3.0,0.8,True,0.075,0.024999999999999998,0.8511249423027039,0.945754136890173,0.15,0.15,0.049999999999999996,0.6293859649122807,0.04093567251461988,0.14385964912280702,0.4506578947368421,0.7313070297241211,0.9080247208476067,0
MDPE,OADNet_text,2,123,3.0,0.8,True,0.075,0.024999999999999998,0.8511249423027039,0.945754136890173,0.2,0.2,0.06666666666666667,0.5635964912280702,0.05847953216374269,0.19649122807017544,0.47039473684210525,0.6588178873062134,0.8966459855437279,0
MDPE,OADNet_text,2,123,3.0,0.8,True,0.075,0.024999999999999998,0.8511249423027039,0.945754136890173,0.25,0.25,0.08333333333333333,0.48903508771929827,0.07602339181286549,0.24561403508771928,0.48355263157894735,0.6045122146606445,0.8669695109128952,0
MDPE,OADNet_text,2,123,3.0,0.8,True,0.075,0.024999999999999998,0.8511249423027039,0.945754136890173,0.3,0.3,0.09999999999999999,0.4100877192982456,0.0935672514619883,0.29473684210526313,0.49451754385964913,0.552582323551178,0.8392540663480759,0
MDPE,OADNet_text,2,2024,3.0,0.5,True,0.3,0.09999999999999999,0.45823460817337036,0.8345497101545334,0.05,0.05,0.016666666666666666,0.8508771929824561,0.005847953216374269,0.0456140350877193,0.4605263157894737,0.7436227798461914,0.9405203834176064,0
MDPE,OADNet_text,2,2024,3.0,0.5,True,0.3,0.09999999999999999,0.45823460817337036,0.8345497101545334,0.075,0.075,0.024999999999999998,0.7850877192982456,0.017543859649122806,0.07017543859649122,0.45614035087719296,0.6963904500007629,0.9223507940769196,0
MDPE,OADNet_text,2,2024,3.0,0.5,True,0.3,0.09999999999999999,0.45823460817337036,0.8345497101545334,0.1,0.1,0.03333333333333333,0.7478070175438597,0.023391812865497075,0.09473684210526316,0.4594298245614035,0.6680527329444885,0.9194002076983452,0
MDPE,OADNet_text,2,2024,3.0,0.5,True,0.3,0.09999999999999999,0.45823460817337036,0.8345497101545334,0.15,0.15,0.049999999999999996,0.6513157894736842,0.04093567251461988,0.14385964912280702,0.4616228070175439,0.6094284057617188,0.8868073299527168,0
MDPE,OADNet_text,2,2024,3.0,0.5,True,0.3,0.09999999999999999,0.45823460817337036,0.8345497101545334,0.2,0.2,0.06666666666666667,0.5877192982456141,0.05847953216374269,0.19649122807017544,0.4824561403508772,0.5407669544219971,0.8705713748931885,0
MDPE,OADNet_text,2,2024,3.0,0.5,True,0.3,0.09999999999999999,0.45823460817337036,0.8345497101545334,0.25,0.25,0.08333333333333333,0.5219298245614035,0.07602339181286549,0.24561403508771928,0.5,0.49899470806121826,0.8512704223394394,0
MDPE,OADNet_text,2,2024,3.0,0.5,True,0.3,0.09999999999999999,0.45823460817337036,0.8345497101545334,0.3,0.3,0.09999999999999999,0.43859649122807015,0.0935672514619883,0.29473684210526313,0.5087719298245614,0.44798585772514343,0.8462565988302231,1
MDPE,OADNet_text,2,2024,3.0,0.6,True,0.2,0.06666666666666667,0.5454708933830261,0.8647343218326569,0.05,0.05,0.016666666666666666,0.8508771929824561,0.005847953216374269,0.0456140350877193,0.4605263157894737,0.7436227798461914,0.9405203834176064,0
MDPE,OADNet_text,2,2024,3.0,0.6,True,0.2,0.06666666666666667,0.5454708933830261,0.8647343218326569,0.075,0.075,0.024999999999999998,0.7850877192982456,0.017543859649122806,0.07017543859649122,0.45614035087719296,0.6963904500007629,0.9223507940769196,0
MDPE,OADNet_text,2,2024,3.0,0.6,True,0.2,0.06666666666666667,0.5454708933830261,0.8647343218326569,0.1,0.1,0.03333333333333333,0.7478070175438597,0.023391812865497075,0.09473684210526316,0.4594298245614035,0.6680527329444885,0.9194002076983452,0
MDPE,OADNet_text,2,2024,3.0,0.6,True,0.2,0.06666666666666667,0.5454708933830261,0.8647343218326569,0.15,0.15,0.049999999999999996,0.6513157894736842,0.04093567251461988,0.14385964912280702,0.4616228070175439,0.6094284057617188,0.8868073299527168,0
MDPE,OADNet_text,2,2024,3.0,0.6,True,0.2,0.06666666666666667,0.5454708933830261,0.8647343218326569,0.2,0.2,0.06666666666666667,0.5877192982456141,0.05847953216374269,0.19649122807017544,0.4824561403508772,0.5407669544219971,0.8705713748931885,1
MDPE,OADNet_text,2,2024,3.0,0.6,True,0.2,0.06666666666666667,0.5454708933830261,0.8647343218326569,0.25,0.25,0.08333333333333333,0.5219298245614035,0.07602339181286549,0.24561403508771928,0.5,0.49899470806121826,0.8512704223394394,0
MDPE,OADNet_text,2,2024,3.0,0.6,True,0.2,0.06666666666666667,0.5454708933830261,0.8647343218326569,0.3,0.3,0.09999999999999999,0.43859649122807015,0.0935672514619883,0.29473684210526313,0.5087719298245614,0.44798585772514343,0.8462565988302231,0
MDPE,OADNet_text,2,2024,3.0,0.7,True,0.15,0.049999999999999996,0.6211219429969788,0.876907467842102,0.05,0.05,0.016666666666666666,0.8508771929824561,0.005847953216374269,0.0456140350877193,0.4605263157894737,0.7436227798461914,0.9405203834176064,0
MDPE,OADNet_text,2,2024,3.0,0.7,True,0.15,0.049999999999999996,0.6211219429969788,0.876907467842102,0.075,0.075,0.024999999999999998,0.7850877192982456,0.017543859649122806,0.07017543859649122,0.45614035087719296,0.6963904500007629,0.9223507940769196,0
MDPE,OADNet_text,2,2024,3.0,0.7,True,0.15,0.049999999999999996,0.6211219429969788,0.876907467842102,0.1,0.1,0.03333333333333333,0.7478070175438597,0.023391812865497075,0.09473684210526316,0.4594298245614035,0.6680527329444885,0.9194002076983452,0
MDPE,OADNet_text,2,2024,3.0,0.7,True,0.15,0.049999999999999996,0.6211219429969788,0.876907467842102,0.15,0.15,0.049999999999999996,0.6513157894736842,0.04093567251461988,0.14385964912280702,0.4616228070175439,0.6094284057617188,0.8868073299527168,1
MDPE,OADNet_text,2,2024,3.0,0.7,True,0.15,0.049999999999999996,0.6211219429969788,0.876907467842102,0.2,0.2,0.06666666666666667,0.5877192982456141,0.05847953216374269,0.19649122807017544,0.4824561403508772,0.5407669544219971,0.8705713748931885,0
MDPE,OADNet_text,2,2024,3.0,0.7,True,0.15,0.049999999999999996,0.6211219429969788,0.876907467842102,0.25,0.25,0.08333333333333333,0.5219298245614035,0.07602339181286549,0.24561403508771928,0.5,0.49899470806121826,0.8512704223394394,0
MDPE,OADNet_text,2,2024,3.0,0.7,True,0.15,0.049999999999999996,0.6211219429969788,0.876907467842102,0.3,0.3,0.09999999999999999,0.43859649122807015,0.0935672514619883,0.29473684210526313,0.5087719298245614,0.44798585772514343,0.8462565988302231,0
MDPE,OADNet_text,2,2024,3.0,0.8,True,0.075,0.024999999999999998,0.7318146228790283,0.8984944075345993,0.05,0.05,0.016666666666666666,0.8508771929824561,0.005847953216374269,0.0456140350877193,0.4605263157894737,0.7436227798461914,0.9405203834176064,0
MDPE,OADNet_text,2,2024,3.0,0.8,True,0.075,0.024999999999999998,0.7318146228790283,0.8984944075345993,0.075,0.075,0.024999999999999998,0.7850877192982456,0.017543859649122806,0.07017543859649122,0.45614035087719296,0.6963904500007629,0.9223507940769196,1
MDPE,OADNet_text,2,2024,3.0,0.8,True,0.075,0.024999999999999998,0.7318146228790283,0.8984944075345993,0.1,0.1,0.03333333333333333,0.7478070175438597,0.023391812865497075,0.09473684210526316,0.4594298245614035,0.6680527329444885,0.9194002076983452,0
MDPE,OADNet_text,2,2024,3.0,0.8,True,0.075,0.024999999999999998,0.7318146228790283,0.8984944075345993,0.15,0.15,0.049999999999999996,0.6513157894736842,0.04093567251461988,0.14385964912280702,0.4616228070175439,0.6094284057617188,0.8868073299527168,0
MDPE,OADNet_text,2,2024,3.0,0.8,True,0.075,0.024999999999999998,0.7318146228790283,0.8984944075345993,0.2,0.2,0.06666666666666667,0.5877192982456141,0.05847953216374269,0.19649122807017544,0.4824561403508772,0.5407669544219971,0.8705713748931885,0
MDPE,OADNet_text,2,2024,3.0,0.8,True,0.075,0.024999999999999998,0.7318146228790283,0.8984944075345993,0.25,0.25,0.08333333333333333,0.5219298245614035,0.07602339181286549,0.24561403508771928,0.5,0.49899470806121826,0.8512704223394394,0
MDPE,OADNet_text,2,2024,3.0,0.8,True,0.075,0.024999999999999998,0.7318146228790283,0.8984944075345993,0.3,0.3,0.09999999999999999,0.43859649122807015,0.0935672514619883,0.29473684210526313,0.5087719298245614,0.44798585772514343,0.8462565988302231,0
MDPE,OADNet_text,2,2026,3.0,0.5,True,0.3,0.09999999999999999,0.24635198712348938,0.9597265459597111,0.05,0.05,0.016666666666666666,0.868421052631579,0.005847953216374269,0.0456140350877193,0.4692982456140351,0.6875559091567993,0.9926508208736777,0
MDPE,OADNet_text,2,2026,3.0,0.5,True,0.3,0.09999999999999999,0.24635198712348938,0.9597265459597111,0.075,0.075,0.024999999999999998,0.8070175438596491,0.017543859649122806,0.07017543859649122,0.46710526315789475,0.6150708198547363,0.9862327426671982,0
MDPE,OADNet_text,2,2026,3.0,0.5,True,0.3,0.09999999999999999,0.24635198712348938,0.9597265459597111,0.1,0.1,0.03333333333333333,0.7697368421052632,0.023391812865497075,0.09473684210526316,0.47039473684210525,0.5592475533485413,0.9848932214081287,0
MDPE,OADNet_text,2,2026,3.0,0.5,True,0.3,0.09999999999999999,0.24635198712348938,0.9597265459597111,0.15,0.15,0.049999999999999996,0.6535087719298246,0.04093567251461988,0.14385964912280702,0.46271929824561403,0.4603031575679779,0.9795804992318153,0
MDPE,OADNet_text,2,2026,3.0,0.5,True,0.3,0.09999999999999999,0.24635198712348938,0.9597265459597111,0.2,0.2,0.06666666666666667,0.5723684210526315,0.05847953216374269,0.19649122807017544,0.47478070175438597,0.34649577736854553,0.9746967796236277,0
MDPE,OADNet_text,2,2026,3.0,0.5,True,0.3,0.09999999999999999,0.24635198712348938,0.9597265459597111,0.25,0.25,0.08333333333333333,0.5021929824561403,0.07602339181286549,0.24561403508771928,0.4901315789473684,0.3013257682323456,0.9686823710799217,0
MDPE,OADNet_text,2,2026,3.0,0.5,True,0.3,0.09999999999999999,0.24635198712348938,0.9597265459597111,0.3,0.3,0.09999999999999999,0.44298245614035087,0.0935672514619883,0.29473684210526313,0.5109649122807017,0.25378483533859253,0.9668367467820644,1
MDPE,OADNet_text,2,2026,3.0,0.6,True,0.2,0.06666666666666667,0.39645811915397644,0.9740368295460939,0.05,0.05,0.016666666666666666,0.868421052631579,0.005847953216374269,0.0456140350877193,0.4692982456140351,0.6875559091567993,0.9926508208736777,0
MDPE,OADNet_text,2,2026,3.0,0.6,True,0.2,0.06666666666666667,0.39645811915397644,0.9740368295460939,0.075,0.075,0.024999999999999998,0.8070175438596491,0.017543859649122806,0.07017543859649122,0.46710526315789475,0.6150708198547363,0.9862327426671982,0
MDPE,OADNet_text,2,2026,3.0,0.6,True,0.2,0.06666666666666667,0.39645811915397644,0.9740368295460939,0.1,0.1,0.03333333333333333,0.7697368421052632,0.023391812865497075,0.09473684210526316,0.47039473684210525,0.5592475533485413,0.9848932214081287,0
MDPE,OADNet_text,2,2026,3.0,0.6,True,0.2,0.06666666666666667,0.39645811915397644,0.9740368295460939,0.15,0.15,0.049999999999999996,0.6535087719298246,0.04093567251461988,0.14385964912280702,0.46271929824561403,0.4603031575679779,0.9795804992318153,0
MDPE,OADNet_text,2,2026,3.0,0.6,True,0.2,0.06666666666666667,0.39645811915397644,0.9740368295460939,0.2,0.2,0.06666666666666667,0.5723684210526315,0.05847953216374269,0.19649122807017544,0.47478070175438597,0.34649577736854553,0.9746967796236277,1
MDPE,OADNet_text,2,2026,3.0,0.6,True,0.2,0.06666666666666667,0.39645811915397644,0.9740368295460939,0.25,0.25,0.08333333333333333,0.5021929824561403,0.07602339181286549,0.24561403508771928,0.4901315789473684,0.3013257682323456,0.9686823710799217,0
MDPE,OADNet_text,2,2026,3.0,0.6,True,0.2,0.06666666666666667,0.39645811915397644,0.9740368295460939,0.3,0.3,0.09999999999999999,0.44298245614035087,0.0935672514619883,0.29473684210526313,0.5109649122807017,0.25378483533859253,0.9668367467820644,0
MDPE,OADNet_text,2,2026,3.0,0.7,True,0.15,0.049999999999999996,0.46319425106048584,0.9781305268406868,0.05,0.05,0.016666666666666666,0.868421052631579,0.005847953216374269,0.0456140350877193,0.4692982456140351,0.6875559091567993,0.9926508208736777,0
MDPE,OADNet_text,2,2026,3.0,0.7,True,0.15,0.049999999999999996,0.46319425106048584,0.9781305268406868,0.075,0.075,0.024999999999999998,0.8070175438596491,0.017543859649122806,0.07017543859649122,0.46710526315789475,0.6150708198547363,0.9862327426671982,0
MDPE,OADNet_text,2,2026,3.0,0.7,True,0.15,0.049999999999999996,0.46319425106048584,0.9781305268406868,0.1,0.1,0.03333333333333333,0.7697368421052632,0.023391812865497075,0.09473684210526316,0.47039473684210525,0.5592475533485413,0.9848932214081287,0
MDPE,OADNet_text,2,2026,3.0,0.7,True,0.15,0.049999999999999996,0.46319425106048584,0.9781305268406868,0.15,0.15,0.049999999999999996,0.6535087719298246,0.04093567251461988,0.14385964912280702,0.46271929824561403,0.4603031575679779,0.9795804992318153,1
MDPE,OADNet_text,2,2026,3.0,0.7,True,0.15,0.049999999999999996,0.46319425106048584,0.9781305268406868,0.2,0.2,0.06666666666666667,0.5723684210526315,0.05847953216374269,0.19649122807017544,0.47478070175438597,0.34649577736854553,0.9746967796236277,0
MDPE,OADNet_text,2,2026,3.0,0.7,True,0.15,0.049999999999999996,0.46319425106048584,0.9781305268406868,0.25,0.25,0.08333333333333333,0.5021929824561403,0.07602339181286549,0.24561403508771928,0.4901315789473684,0.3013257682323456,0.9686823710799217,0
MDPE,OADNet_text,2,2026,3.0,0.7,True,0.15,0.049999999999999996,0.46319425106048584,0.9781305268406868,0.3,0.3,0.09999999999999999,0.44298245614035087,0.0935672514619883,0.29473684210526313,0.5109649122807017,0.25378483533859253,0.9668367467820644,0
MDPE,OADNet_text,2,2026,3.0,0.8,True,0.15,0.049999999999999996,0.46319425106048584,0.9781305268406868,0.05,0.05,0.016666666666666666,0.868421052631579,0.005847953216374269,0.0456140350877193,0.4692982456140351,0.6875559091567993,0.9926508208736777,0
MDPE,OADNet_text,2,2026,3.0,0.8,True,0.15,0.049999999999999996,0.46319425106048584,0.9781305268406868,0.075,0.075,0.024999999999999998,0.8070175438596491,0.017543859649122806,0.07017543859649122,0.46710526315789475,0.6150708198547363,0.9862327426671982,0
MDPE,OADNet_text,2,2026,3.0,0.8,True,0.15,0.049999999999999996,0.46319425106048584,0.9781305268406868,0.1,0.1,0.03333333333333333,0.7697368421052632,0.023391812865497075,0.09473684210526316,0.47039473684210525,0.5592475533485413,0.9848932214081287,0
MDPE,OADNet_text,2,2026,3.0,0.8,True,0.15,0.049999999999999996,0.46319425106048584,0.9781305268406868,0.15,0.15,0.049999999999999996,0.6535087719298246,0.04093567251461988,0.14385964912280702,0.46271929824561403,0.4603031575679779,0.9795804992318153,1
MDPE,OADNet_text,2,2026,3.0,0.8,True,0.15,0.049999999999999996,0.46319425106048584,0.9781305268406868,0.2,0.2,0.06666666666666667,0.5723684210526315,0.05847953216374269,0.19649122807017544,0.47478070175438597,0.34649577736854553,0.9746967796236277,0
MDPE,OADNet_text,2,2026,3.0,0.8,True,0.15,0.049999999999999996,0.46319425106048584,0.9781305268406868,0.25,0.25,0.08333333333333333,0.5021929824561403,0.07602339181286549,0.24561403508771928,0.4901315789473684,0.3013257682323456,0.9686823710799217,0
MDPE,OADNet_text,2,2026,3.0,0.8,True,0.15,0.049999999999999996,0.46319425106048584,0.9781305268406868,0.3,0.3,0.09999999999999999,0.44298245614035087,0.0935672514619883,0.29473684210526313,0.5109649122807017,0.25378483533859253,0.9668367467820644,0
MDPE,OADNet_text,3,7,3.0,0.5,True,0.3,0.09999999999999999,0.36568984389305115,0.8657056540250778,0.05,0.05,0.016666666666666666,0.8662280701754386,0.005847953216374269,0.0456140350877193,0.4682017543859649,0.6262620091438293,0.9504975415766239,0
MDPE,OADNet_text,3,7,3.0,0.5,True,0.3,0.09999999999999999,0.36568984389305115,0.8657056540250778,0.075,0.075,0.024999999999999998,0.8070175438596491,0.017543859649122806,0.07017543859649122,0.46710526315789475,0.5801211595535278,0.9282253012061119,0
MDPE,OADNet_text,3,7,3.0,0.5,True,0.3,0.09999999999999999,0.36568984389305115,0.8657056540250778,0.1,0.1,0.03333333333333333,0.7828947368421053,0.023391812865497075,0.09473684210526316,0.4769736842105263,0.565362274646759,0.9262095466256142,0
MDPE,OADNet_text,3,7,3.0,0.5,True,0.3,0.09999999999999999,0.36568984389305115,0.8657056540250778,0.15,0.15,0.049999999999999996,0.6973684210526315,0.04093567251461988,0.14385964912280702,0.48464912280701755,0.5089389085769653,0.9026096016168594,0
MDPE,OADNet_text,3,7,3.0,0.5,True,0.3,0.09999999999999999,0.36568984389305115,0.8657056540250778,0.2,0.2,0.06666666666666667,0.6074561403508771,0.05847953216374269,0.19649122807017544,0.4923245614035088,0.43892133235931396,0.8842158168554306,0
MDPE,OADNet_text,3,7,3.0,0.5,True,0.3,0.09999999999999999,0.36568984389305115,0.8657056540250778,0.25,0.25,0.08333333333333333,0.5175438596491229,0.07602339181286549,0.24561403508771928,0.49780701754385964,0.3989435136318207,0.8726285547018051,0
MDPE,OADNet_text,3,7,3.0,0.5,True,0.3,0.09999999999999999,0.36568984389305115,0.8657056540250778,0.3,0.3,0.09999999999999999,0.44956140350877194,0.0935672514619883,0.29473684210526313,0.5142543859649122,0.37070098519325256,0.8662390410900116,1
MDPE,OADNet_text,3,7,3.0,0.6,True,0.25,0.08333333333333333,0.38868454098701477,0.8688791245222092,0.05,0.05,0.016666666666666666,0.8662280701754386,0.005847953216374269,0.0456140350877193,0.4682017543859649,0.6262620091438293,0.9504975415766239,0
MDPE,OADNet_text,3,7,3.0,0.6,True,0.25,0.08333333333333333,0.38868454098701477,0.8688791245222092,0.075,0.075,0.024999999999999998,0.8070175438596491,0.017543859649122806,0.07017543859649122,0.46710526315789475,0.5801211595535278,0.9282253012061119,0
MDPE,OADNet_text,3,7,3.0,0.6,True,0.25,0.08333333333333333,0.38868454098701477,0.8688791245222092,0.1,0.1,0.03333333333333333,0.7828947368421053,0.023391812865497075,0.09473684210526316,0.4769736842105263,0.565362274646759,0.9262095466256142,0
MDPE,OADNet_text,3,7,3.0,0.6,True,0.25,0.08333333333333333,0.38868454098701477,0.8688791245222092,0.15,0.15,0.049999999999999996,0.6973684210526315,0.04093567251461988,0.14385964912280702,0.48464912280701755,0.5089389085769653,0.9026096016168594,0
MDPE,OADNet_text,3,7,3.0,0.6,True,0.25,0.08333333333333333,0.38868454098701477,0.8688791245222092,0.2,0.2,0.06666666666666667,0.6074561403508771,0.05847953216374269,0.19649122807017544,0.4923245614035088,0.43892133235931396,0.8842158168554306,0
MDPE,OADNet_text,3,7,3.0,0.6,True,0.25,0.08333333333333333,0.38868454098701477,0.8688791245222092,0.25,0.25,0.08333333333333333,0.5175438596491229,0.07602339181286549,0.24561403508771928,0.49780701754385964,0.3989435136318207,0.8726285547018051,1
MDPE,OADNet_text,3,7,3.0,0.6,True,0.25,0.08333333333333333,0.38868454098701477,0.8688791245222092,0.3,0.3,0.09999999999999999,0.44956140350877194,0.0935672514619883,0.29473684210526313,0.5142543859649122,0.37070098519325256,0.8662390410900116,0
MDPE,OADNet_text,3,7,3.0,0.7,True,0.15,0.049999999999999996,0.49326854944229126,0.8902493268251419,0.05,0.05,0.016666666666666666,0.8662280701754386,0.005847953216374269,0.0456140350877193,0.4682017543859649,0.6262620091438293,0.9504975415766239,0
MDPE,OADNet_text,3,7,3.0,0.7,True,0.15,0.049999999999999996,0.49326854944229126,0.8902493268251419,0.075,0.075,0.024999999999999998,0.8070175438596491,0.017543859649122806,0.07017543859649122,0.46710526315789475,0.5801211595535278,0.9282253012061119,0
MDPE,OADNet_text,3,7,3.0,0.7,True,0.15,0.049999999999999996,0.49326854944229126,0.8902493268251419,0.1,0.1,0.03333333333333333,0.7828947368421053,0.023391812865497075,0.09473684210526316,0.4769736842105263,0.565362274646759,0.9262095466256142,0
MDPE,OADNet_text,3,7,3.0,0.7,True,0.15,0.049999999999999996,0.49326854944229126,0.8902493268251419,0.15,0.15,0.049999999999999996,0.6973684210526315,0.04093567251461988,0.14385964912280702,0.48464912280701755,0.5089389085769653,0.9026096016168594,1
MDPE,OADNet_text,3,7,3.0,0.7,True,0.15,0.049999999999999996,0.49326854944229126,0.8902493268251419,0.2,0.2,0.06666666666666667,0.6074561403508771,0.05847953216374269,0.19649122807017544,0.4923245614035088,0.43892133235931396,0.8842158168554306,0
MDPE,OADNet_text,3,7,3.0,0.7,True,0.15,0.049999999999999996,0.49326854944229126,0.8902493268251419,0.25,0.25,0.08333333333333333,0.5175438596491229,0.07602339181286549,0.24561403508771928,0.49780701754385964,0.3989435136318207,0.8726285547018051,0
MDPE,OADNet_text,3,7,3.0,0.7,True,0.15,0.049999999999999996,0.49326854944229126,0.8902493268251419,0.3,0.3,0.09999999999999999,0.44956140350877194,0.0935672514619883,0.29473684210526313,0.5142543859649122,0.37070098519325256,0.8662390410900116,0
MDPE,OADNet_text,3,7,3.0,0.8,True,0.1,0.03333333333333333,0.5655739903450012,0.9033644273877144,0.05,0.05,0.016666666666666666,0.8662280701754386,0.005847953216374269,0.0456140350877193,0.4682017543859649,0.6262620091438293,0.9504975415766239,0
MDPE,OADNet_text,3,7,3.0,0.8,True,0.1,0.03333333333333333,0.5655739903450012,0.9033644273877144,0.075,0.075,0.024999999999999998,0.8070175438596491,0.017543859649122806,0.07017543859649122,0.46710526315789475,0.5801211595535278,0.9282253012061119,0
MDPE,OADNet_text,3,7,3.0,0.8,True,0.1,0.03333333333333333,0.5655739903450012,0.9033644273877144,0.1,0.1,0.03333333333333333,0.7828947368421053,0.023391812865497075,0.09473684210526316,0.4769736842105263,0.565362274646759,0.9262095466256142,1
MDPE,OADNet_text,3,7,3.0,0.8,True,0.1,0.03333333333333333,0.5655739903450012,0.9033644273877144,0.15,0.15,0.049999999999999996,0.6973684210526315,0.04093567251461988,0.14385964912280702,0.48464912280701755,0.5089389085769653,0.9026096016168594,0
MDPE,OADNet_text,3,7,3.0,0.8,True,0.1,0.03333333333333333,0.5655739903450012,0.9033644273877144,0.2,0.2,0.06666666666666667,0.6074561403508771,0.05847953216374269,0.19649122807017544,0.4923245614035088,0.43892133235931396,0.8842158168554306,0
MDPE,OADNet_text,3,7,3.0,0.8,True,0.1,0.03333333333333333,0.5655739903450012,0.9033644273877144,0.25,0.25,0.08333333333333333,0.5175438596491229,0.07602339181286549,0.24561403508771928,0.49780701754385964,0.3989435136318207,0.8726285547018051,0
MDPE,OADNet_text,3,7,3.0,0.8,True,0.1,0.03333333333333333,0.5655739903450012,0.9033644273877144,0.3,0.3,0.09999999999999999,0.44956140350877194,0.0935672514619883,0.29473684210526313,0.5142543859649122,0.37070098519325256,0.8662390410900116,0
MDPE,OADNet_text,3,42,3.0,0.5,True,0.3,0.09999999999999999,0.46458718180656433,0.7758047133684158,0.05,0.05,0.016666666666666666,0.8442982456140351,0.005847953216374269,0.0456140350877193,0.45723684210526316,0.6814150810241699,0.9182218164205551,0
MDPE,OADNet_text,3,42,3.0,0.5,True,0.3,0.09999999999999999,0.46458718180656433,0.7758047133684158,0.075,0.075,0.024999999999999998,0.8026315789473685,0.017543859649122806,0.07017543859649122,0.4649122807017544,0.656554639339447,0.8968587219715118,0
MDPE,OADNet_text,3,42,3.0,0.5,True,0.3,0.09999999999999999,0.46458718180656433,0.7758047133684158,0.1,0.1,0.03333333333333333,0.7543859649122807,0.023391812865497075,0.09473684210526316,0.46271929824561403,0.6283437013626099,0.8821414709091187,0
MDPE,OADNet_text,3,42,3.0,0.5,True,0.3,0.09999999999999999,0.46458718180656433,0.7758047133684158,0.15,0.15,0.049999999999999996,0.6754385964912281,0.04093567251461988,0.14385964912280702,0.47368421052631576,0.5798763036727905,0.8574085384607315,0
MDPE,OADNet_text,3,42,3.0,0.5,True,0.3,0.09999999999999999,0.46458718180656433,0.7758047133684158,0.2,0.2,0.06666666666666667,0.6162280701754386,0.05847953216374269,0.19649122807017544,0.4967105263157895,0.5615825653076172,0.8488082438707352,0
MDPE,OADNet_text,3,42,3.0,0.5,True,0.3,0.09999999999999999,0.46458718180656433,0.7758047133684158,0.25,0.25,0.08333333333333333,0.5285087719298246,0.07602339181286549,0.24561403508771928,0.5032894736842105,0.5098002552986145,0.8196366131305695,0
MDPE,OADNet_text,3,42,3.0,0.5,True,0.3,0.09999999999999999,0.46458718180656433,0.7758047133684158,0.3,0.3,0.09999999999999999,0.4451754385964912,0.0935672514619883,0.29473684210526313,0.5120614035087719,0.4770382344722748,0.799377828836441,1
MDPE,OADNet_text,3,42,3.0,0.6,True,0.25,0.08333333333333333,0.5089030265808105,0.7965881377458572,0.05,0.05,0.016666666666666666,0.8442982456140351,0.005847953216374269,0.0456140350877193,0.45723684210526316,0.6814150810241699,0.9182218164205551,0
MDPE,OADNet_text,3,42,3.0,0.6,True,0.25,0.08333333333333333,0.5089030265808105,0.7965881377458572,0.075,0.075,0.024999999999999998,0.8026315789473685,0.017543859649122806,0.07017543859649122,0.4649122807017544,0.656554639339447,0.8968587219715118,0
MDPE,OADNet_text,3,42,3.0,0.6,True,0.25,0.08333333333333333,0.5089030265808105,0.7965881377458572,0.1,0.1,0.03333333333333333,0.7543859649122807,0.023391812865497075,0.09473684210526316,0.46271929824561403,0.6283437013626099,0.8821414709091187,0
MDPE,OADNet_text,3,42,3.0,0.6,True,0.25,0.08333333333333333,0.5089030265808105,0.7965881377458572,0.15,0.15,0.049999999999999996,0.6754385964912281,0.04093567251461988,0.14385964912280702,0.47368421052631576,0.5798763036727905,0.8574085384607315,0
MDPE,OADNet_text,3,42,3.0,0.6,True,0.25,0.08333333333333333,0.5089030265808105,0.7965881377458572,0.2,0.2,0.06666666666666667,0.6162280701754386,0.05847953216374269,0.19649122807017544,0.4967105263157895,0.5615825653076172,0.8488082438707352,0
MDPE,OADNet_text,3,42,3.0,0.6,True,0.25,0.08333333333333333,0.5089030265808105,0.7965881377458572,0.25,0.25,0.08333333333333333,0.5285087719298246,0.07602339181286549,0.24561403508771928,0.5032894736842105,0.5098002552986145,0.8196366131305695,1
MDPE,OADNet_text,3,42,3.0,0.6,True,0.25,0.08333333333333333,0.5089030265808105,0.7965881377458572,0.3,0.3,0.09999999999999999,0.4451754385964912,0.0935672514619883,0.29473684210526313,0.5120614035087719,0.4770382344722748,0.799377828836441,0
MDPE,OADNet_text,3,42,3.0,0.7,True,0.15,0.049999999999999996,0.5911159515380859,0.8407979756593704,0.05,0.05,0.016666666666666666,0.8442982456140351,0.005847953216374269,0.0456140350877193,0.45723684210526316,0.6814150810241699,0.9182218164205551,0
MDPE,OADNet_text,3,42,3.0,0.7,True,0.15,0.049999999999999996,0.5911159515380859,0.8407979756593704,0.075,0.075,0.024999999999999998,0.8026315789473685,0.017543859649122806,0.07017543859649122,0.4649122807017544,0.656554639339447,0.8968587219715118,0
MDPE,OADNet_text,3,42,3.0,0.7,True,0.15,0.049999999999999996,0.5911159515380859,0.8407979756593704,0.1,0.1,0.03333333333333333,0.7543859649122807,0.023391812865497075,0.09473684210526316,0.46271929824561403,0.6283437013626099,0.8821414709091187,0
MDPE,OADNet_text,3,42,3.0,0.7,True,0.15,0.049999999999999996,0.5911159515380859,0.8407979756593704,0.15,0.15,0.049999999999999996,0.6754385964912281,0.04093567251461988,0.14385964912280702,0.47368421052631576,0.5798763036727905,0.8574085384607315,1
MDPE,OADNet_text,3,42,3.0,0.7,True,0.15,0.049999999999999996,0.5911159515380859,0.8407979756593704,0.2,0.2,0.06666666666666667,0.6162280701754386,0.05847953216374269,0.19649122807017544,0.4967105263157895,0.5615825653076172,0.8488082438707352,0
MDPE,OADNet_text,3,42,3.0,0.7,True,0.15,0.049999999999999996,0.5911159515380859,0.8407979756593704,0.25,0.25,0.08333333333333333,0.5285087719298246,0.07602339181286549,0.24561403508771928,0.5032894736842105,0.5098002552986145,0.8196366131305695,0
MDPE,OADNet_text,3,42,3.0,0.7,True,0.15,0.049999999999999996,0.5911159515380859,0.8407979756593704,0.3,0.3,0.09999999999999999,0.4451754385964912,0.0935672514619883,0.29473684210526313,0.5120614035087719,0.4770382344722748,0.799377828836441,0
MDPE,OADNet_text,3,42,3.0,0.8,True,0.1,0.03333333333333333,0.6328932046890259,0.8631135672330856,0.05,0.05,0.016666666666666666,0.8442982456140351,0.005847953216374269,0.0456140350877193,0.45723684210526316,0.6814150810241699,0.9182218164205551,0
MDPE,OADNet_text,3,42,3.0,0.8,True,0.1,0.03333333333333333,0.6328932046890259,0.8631135672330856,0.075,0.075,0.024999999999999998,0.8026315789473685,0.017543859649122806,0.07017543859649122,0.4649122807017544,0.656554639339447,0.8968587219715118,0
MDPE,OADNet_text,3,42,3.0,0.8,True,0.1,0.03333333333333333,0.6328932046890259,0.8631135672330856,0.1,0.1,0.03333333333333333,0.7543859649122807,0.023391812865497075,0.09473684210526316,0.46271929824561403,0.6283437013626099,0.8821414709091187,1
MDPE,OADNet_text,3,42,3.0,0.8,True,0.1,0.03333333333333333,0.6328932046890259,0.8631135672330856,0.15,0.15,0.049999999999999996,0.6754385964912281,0.04093567251461988,0.14385964912280702,0.47368421052631576,0.5798763036727905,0.8574085384607315,0
MDPE,OADNet_text,3,42,3.0,0.8,True,0.1,0.03333333333333333,0.6328932046890259,0.8631135672330856,0.2,0.2,0.06666666666666667,0.6162280701754386,0.05847953216374269,0.19649122807017544,0.4967105263157895,0.5615825653076172,0.8488082438707352,0
MDPE,OADNet_text,3,42,3.0,0.8,True,0.1,0.03333333333333333,0.6328932046890259,0.8631135672330856,0.25,0.25,0.08333333333333333,0.5285087719298246,0.07602339181286549,0.24561403508771928,0.5032894736842105,0.5098002552986145,0.8196366131305695,0
MDPE,OADNet_text,3,42,3.0,0.8,True,0.1,0.03333333333333333,0.6328932046890259,0.8631135672330856,0.3,0.3,0.09999999999999999,0.4451754385964912,0.0935672514619883,0.29473684210526313,0.5120614035087719,0.4770382344722748,0.799377828836441,0
MDPE,OADNet_text,3,123,3.0,0.5,True,0.3,0.09999999999999999,0.37284767627716064,0.825308308005333,0.05,0.05,0.016666666666666666,0.8530701754385965,0.005847953216374269,0.0456140350877193,0.4616228070175439,0.6017450094223022,0.935165636241436,0
MDPE,OADNet_text,3,123,3.0,0.5,True,0.3,0.09999999999999999,0.37284767627716064,0.825308308005333,0.075,0.075,0.024999999999999998,0.793859649122807,0.017543859649122806,0.07017543859649122,0.4605263157894737,0.5427634716033936,0.9133951887488365,0
MDPE,OADNet_text,3,123,3.0,0.5,True,0.3,0.09999999999999999,0.37284767627716064,0.825308308005333,0.1,0.1,0.03333333333333333,0.7631578947368421,0.023391812865497075,0.09473684210526316,0.46710526315789475,0.5070545077323914,0.910629577934742,0
MDPE,OADNet_text,3,123,3.0,0.5,True,0.3,0.09999999999999999,0.37284767627716064,0.825308308005333,0.15,0.15,0.049999999999999996,0.6842105263157895,0.04093567251461988,0.14385964912280702,0.4780701754385965,0.4817245602607727,0.8754742071032524,0
MDPE,OADNet_text,3,123,3.0,0.5,True,0.3,0.09999999999999999,0.37284767627716064,0.825308308005333,0.2,0.2,0.06666666666666667,0.6228070175438597,0.05847953216374269,0.19649122807017544,0.5,0.4482877254486084,0.8719245791435242,0
MDPE,OADNet_text,3,123,3.0,0.5,True,0.3,0.09999999999999999,0.37284767627716064,0.825308308005333,0.25,0.25,0.08333333333333333,0.543859649122807,0.07602339181286549,0.24561403508771928,0.5109649122807017,0.4152335524559021,0.8630456775426865,0
MDPE,OADNet_text,3,123,3.0,0.5,True,0.3,0.09999999999999999,0.37284767627716064,0.825308308005333,0.3,0.3,0.09999999999999999,0.4780701754385965,0.0935672514619883,0.29473684210526313,0.5285087719298246,0.3809926211833954,0.8533672839403152,1
MDPE,OADNet_text,3,123,3.0,0.6,True,0.25,0.08333333333333333,0.40454378724098206,0.8396411687135696,0.05,0.05,0.016666666666666666,0.8530701754385965,0.005847953216374269,0.0456140350877193,0.4616228070175439,0.6017450094223022,0.935165636241436,0
MDPE,OADNet_text,3,123,3.0,0.6,True,0.25,0.08333333333333333,0.40454378724098206,0.8396411687135696,0.075,0.075,0.024999999999999998,0.793859649122807,0.017543859649122806,0.07017543859649122,0.4605263157894737,0.5427634716033936,0.9133951887488365,0
MDPE,OADNet_text,3,123,3.0,0.6,True,0.25,0.08333333333333333,0.40454378724098206,0.8396411687135696,0.1,0.1,0.03333333333333333,0.7631578947368421,0.023391812865497075,0.09473684210526316,0.46710526315789475,0.5070545077323914,0.910629577934742,0
MDPE,OADNet_text,3,123,3.0,0.6,True,0.25,0.08333333333333333,0.40454378724098206,0.8396411687135696,0.15,0.15,0.049999999999999996,0.6842105263157895,0.04093567251461988,0.14385964912280702,0.4780701754385965,0.4817245602607727,0.8754742071032524,0
MDPE,OADNet_text,3,123,3.0,0.6,True,0.25,0.08333333333333333,0.40454378724098206,0.8396411687135696,0.2,0.2,0.06666666666666667,0.6228070175438597,0.05847953216374269,0.19649122807017544,0.5,0.4482877254486084,0.8719245791435242,0
MDPE,OADNet_text,3,123,3.0,0.6,True,0.25,0.08333333333333333,0.40454378724098206,0.8396411687135696,0.25,0.25,0.08333333333333333,0.543859649122807,0.07602339181286549,0.24561403508771928,0.5109649122807017,0.4152335524559021,0.8630456775426865,1
MDPE,OADNet_text,3,123,3.0,0.6,True,0.25,0.08333333333333333,0.40454378724098206,0.8396411687135696,0.3,0.3,0.09999999999999999,0.4780701754385965,0.0935672514619883,0.29473684210526313,0.5285087719298246,0.3809926211833954,0.8533672839403152,0
MDPE,OADNet_text,3,123,3.0,0.7,True,0.15,0.049999999999999996,0.4929993450641632,0.8603415191173553,0.05,0.05,0.016666666666666666,0.8530701754385965,0.005847953216374269,0.0456140350877193,0.4616228070175439,0.6017450094223022,0.935165636241436,0
MDPE,OADNet_text,3,123,3.0,0.7,True,0.15,0.049999999999999996,0.4929993450641632,0.8603415191173553,0.075,0.075,0.024999999999999998,0.793859649122807,0.017543859649122806,0.07017543859649122,0.4605263157894737,0.5427634716033936,0.9133951887488365,0
MDPE,OADNet_text,3,123,3.0,0.7,True,0.15,0.049999999999999996,0.4929993450641632,0.8603415191173553,0.1,0.1,0.03333333333333333,0.7631578947368421,0.023391812865497075,0.09473684210526316,0.46710526315789475,0.5070545077323914,0.910629577934742,0
MDPE,OADNet_text,3,123,3.0,0.7,True,0.15,0.049999999999999996,0.4929993450641632,0.8603415191173553,0.15,0.15,0.049999999999999996,0.6842105263157895,0.04093567251461988,0.14385964912280702,0.4780701754385965,0.4817245602607727,0.8754742071032524,1
MDPE,OADNet_text,3,123,3.0,0.7,True,0.15,0.049999999999999996,0.4929993450641632,0.8603415191173553,0.2,0.2,0.06666666666666667,0.6228070175438597,0.05847953216374269,0.19649122807017544,0.5,0.4482877254486084,0.8719245791435242,0
MDPE,OADNet_text,3,123,3.0,0.7,True,0.15,0.049999999999999996,0.4929993450641632,0.8603415191173553,0.25,0.25,0.08333333333333333,0.543859649122807,0.07602339181286549,0.24561403508771928,0.5109649122807017,0.4152335524559021,0.8630456775426865,0
MDPE,OADNet_text,3,123,3.0,0.7,True,0.15,0.049999999999999996,0.4929993450641632,0.8603415191173553,0.3,0.3,0.09999999999999999,0.4780701754385965,0.0935672514619883,0.29473684210526313,0.5285087719298246,0.3809926211833954,0.8533672839403152,0
MDPE,OADNet_text,3,123,3.0,0.8,True,0.075,0.024999999999999998,0.5682361125946045,0.8938447535037994,0.05,0.05,0.016666666666666666,0.8530701754385965,0.005847953216374269,0.0456140350877193,0.4616228070175439,0.6017450094223022,0.935165636241436,0
MDPE,OADNet_text,3,123,3.0,0.8,True,0.075,0.024999999999999998,0.5682361125946045,0.8938447535037994,0.075,0.075,0.024999999999999998,0.793859649122807,0.017543859649122806,0.07017543859649122,0.4605263157894737,0.5427634716033936,0.9133951887488365,1
MDPE,OADNet_text,3,123,3.0,0.8,True,0.075,0.024999999999999998,0.5682361125946045,0.8938447535037994,0.1,0.1,0.03333333333333333,0.7631578947368421,0.023391812865497075,0.09473684210526316,0.46710526315789475,0.5070545077323914,0.910629577934742,0
MDPE,OADNet_text,3,123,3.0,0.8,True,0.075,0.024999999999999998,0.5682361125946045,0.8938447535037994,0.15,0.15,0.049999999999999996,0.6842105263157895,0.04093567251461988,0.14385964912280702,0.4780701754385965,0.4817245602607727,0.8754742071032524,0
MDPE,OADNet_text,3,123,3.0,0.8,True,0.075,0.024999999999999998,0.5682361125946045,0.8938447535037994,0.2,0.2,0.06666666666666667,0.6228070175438597,0.05847953216374269,0.19649122807017544,0.5,0.4482877254486084,0.8719245791435242,0
MDPE,OADNet_text,3,123,3.0,0.8,True,0.075,0.024999999999999998,0.5682361125946045,0.8938447535037994,0.25,0.25,0.08333333333333333,0.543859649122807,0.07602339181286549,0.24561403508771928,0.5109649122807017,0.4152335524559021,0.8630456775426865,0
MDPE,OADNet_text,3,123,3.0,0.8,True,0.075,0.024999999999999998,0.5682361125946045,0.8938447535037994,0.3,0.3,0.09999999999999999,0.4780701754385965,0.0935672514619883,0.29473684210526313,0.5285087719298246,0.3809926211833954,0.8533672839403152,0
MDPE,OADNet_text,3,2024,3.0,0.5,True,0.3,0.09999999999999999,0.41042956709861755,0.7777966558933258,0.05,0.05,0.016666666666666666,0.8377192982456141,0.005847953216374269,0.0456140350877193,0.45394736842105265,0.6609854102134705,0.8378151953220367,0
MDPE,OADNet_text,3,2024,3.0,0.5,True,0.3,0.09999999999999999,0.41042956709861755,0.7777966558933258,0.075,0.075,0.024999999999999998,0.7872807017543859,0.017543859649122806,0.07017543859649122,0.45723684210526316,0.6166337132453918,0.8269174098968506,0
MDPE,OADNet_text,3,2024,3.0,0.5,True,0.3,0.09999999999999999,0.41042956709861755,0.7777966558933258,0.1,0.1,0.03333333333333333,0.7521929824561403,0.023391812865497075,0.09473684210526316,0.4616228070175439,0.5760229825973511,0.8260111659765244,0
MDPE,OADNet_text,3,2024,3.0,0.5,True,0.3,0.09999999999999999,0.41042956709861755,0.7777966558933258,0.15,0.15,0.049999999999999996,0.6776315789473685,0.04093567251461988,0.14385964912280702,0.47478070175438597,0.5163658857345581,0.8144090473651886,0
MDPE,OADNet_text,3,2024,3.0,0.5,True,0.3,0.09999999999999999,0.41042956709861755,0.7777966558933258,0.2,0.2,0.06666666666666667,0.5679824561403509,0.05847953216374269,0.19649122807017544,0.4725877192982456,0.47424444556236267,0.7980386763811111,0
MDPE,OADNet_text,3,2024,3.0,0.5,True,0.3,0.09999999999999999,0.41042956709861755,0.7777966558933258,0.25,0.25,0.08333333333333333,0.5043859649122807,0.07602339181286549,0.24561403508771928,0.49122807017543857,0.4394652247428894,0.786555290222168,0
MDPE,OADNet_text,3,2024,3.0,0.5,True,0.3,0.09999999999999999,0.41042956709861755,0.7777966558933258,0.3,0.3,0.09999999999999999,0.43640350877192985,0.0935672514619883,0.29473684210526313,0.5076754385964912,0.41655927896499634,0.7739131599664688,1
MDPE,OADNet_text,3,2024,3.0,0.6,True,0.2,0.06666666666666667,0.45887643098831177,0.789147675037384,0.05,0.05,0.016666666666666666,0.8377192982456141,0.005847953216374269,0.0456140350877193,0.45394736842105265,0.6609854102134705,0.8378151953220367,0
MDPE,OADNet_text,3,2024,3.0,0.6,True,0.2,0.06666666666666667,0.45887643098831177,0.789147675037384,0.075,0.075,0.024999999999999998,0.7872807017543859,0.017543859649122806,0.07017543859649122,0.45723684210526316,0.6166337132453918,0.8269174098968506,0
MDPE,OADNet_text,3,2024,3.0,0.6,True,0.2,0.06666666666666667,0.45887643098831177,0.789147675037384,0.1,0.1,0.03333333333333333,0.7521929824561403,0.023391812865497075,0.09473684210526316,0.4616228070175439,0.5760229825973511,0.8260111659765244,0
MDPE,OADNet_text,3,2024,3.0,0.6,True,0.2,0.06666666666666667,0.45887643098831177,0.789147675037384,0.15,0.15,0.049999999999999996,0.6776315789473685,0.04093567251461988,0.14385964912280702,0.47478070175438597,0.5163658857345581,0.8144090473651886,0
MDPE,OADNet_text,3,2024,3.0,0.6,True,0.2,0.06666666666666667,0.45887643098831177,0.789147675037384,0.2,0.2,0.06666666666666667,0.5679824561403509,0.05847953216374269,0.19649122807017544,0.4725877192982456,0.47424444556236267,0.7980386763811111,1
MDPE,OADNet_text,3,2024,3.0,0.6,True,0.2,0.06666666666666667,0.45887643098831177,0.789147675037384,0.25,0.25,0.08333333333333333,0.5043859649122807,0.07602339181286549,0.24561403508771928,0.49122807017543857,0.4394652247428894,0.786555290222168,0
MDPE,OADNet_text,3,2024,3.0,0.6,True,0.2,0.06666666666666667,0.45887643098831177,0.789147675037384,0.3,0.3,0.09999999999999999,0.43640350877192985,0.0935672514619883,0.29473684210526313,0.5076754385964912,0.41655927896499634,0.7739131599664688,0
MDPE,OADNet_text,3,2024,3.0,0.7,True,0.2,0.06666666666666667,0.45887643098831177,0.789147675037384,0.05,0.05,0.016666666666666666,0.8377192982456141,0.005847953216374269,0.0456140350877193,0.45394736842105265,0.6609854102134705,0.8378151953220367,0
MDPE,OADNet_text,3,2024,3.0,0.7,True,0.2,0.06666666666666667,0.45887643098831177,0.789147675037384,0.075,0.075,0.024999999999999998,0.7872807017543859,0.017543859649122806,0.07017543859649122,0.45723684210526316,0.6166337132453918,0.8269174098968506,0
MDPE,OADNet_text,3,2024,3.0,0.7,True,0.2,0.06666666666666667,0.45887643098831177,0.789147675037384,0.1,0.1,0.03333333333333333,0.7521929824561403,0.023391812865497075,0.09473684210526316,0.4616228070175439,0.5760229825973511,0.8260111659765244,0
MDPE,OADNet_text,3,2024,3.0,0.7,True,0.2,0.06666666666666667,0.45887643098831177,0.789147675037384,0.15,0.15,0.049999999999999996,0.6776315789473685,0.04093567251461988,0.14385964912280702,0.47478070175438597,0.5163658857345581,0.8144090473651886,0
MDPE,OADNet_text,3,2024,3.0,0.7,True,0.2,0.06666666666666667,0.45887643098831177,0.789147675037384,0.2,0.2,0.06666666666666667,0.5679824561403509,0.05847953216374269,0.19649122807017544,0.4725877192982456,0.47424444556236267,0.7980386763811111,1
MDPE,OADNet_text,3,2024,3.0,0.7,True,0.2,0.06666666666666667,0.45887643098831177,0.789147675037384,0.25,0.25,0.08333333333333333,0.5043859649122807,0.07602339181286549,0.24561403508771928,0.49122807017543857,0.4394652247428894,0.786555290222168,0
MDPE,OADNet_text,3,2024,3.0,0.7,True,0.2,0.06666666666666667,0.45887643098831177,0.789147675037384,0.3,0.3,0.09999999999999999,0.43640350877192985,0.0935672514619883,0.29473684210526313,0.5076754385964912,0.41655927896499634,0.7739131599664688,0
MDPE,OADNet_text,3,2024,3.0,0.8,True,0.075,0.024999999999999998,0.5601677298545837,0.8186898976564407,0.05,0.05,0.016666666666666666,0.8377192982456141,0.005847953216374269,0.0456140350877193,0.45394736842105265,0.6609854102134705,0.8378151953220367,0
MDPE,OADNet_text,3,2024,3.0,0.8,True,0.075,0.024999999999999998,0.5601677298545837,0.8186898976564407,0.075,0.075,0.024999999999999998,0.7872807017543859,0.017543859649122806,0.07017543859649122,0.45723684210526316,0.6166337132453918,0.8269174098968506,1
MDPE,OADNet_text,3,2024,3.0,0.8,True,0.075,0.024999999999999998,0.5601677298545837,0.8186898976564407,0.1,0.1,0.03333333333333333,0.7521929824561403,0.023391812865497075,0.09473684210526316,0.4616228070175439,0.5760229825973511,0.8260111659765244,0
MDPE,OADNet_text,3,2024,3.0,0.8,True,0.075,0.024999999999999998,0.5601677298545837,0.8186898976564407,0.15,0.15,0.049999999999999996,0.6776315789473685,0.04093567251461988,0.14385964912280702,0.47478070175438597,0.5163658857345581,0.8144090473651886,0
MDPE,OADNet_text,3,2024,3.0,0.8,True,0.075,0.024999999999999998,0.5601677298545837,0.8186898976564407,0.2,0.2,0.06666666666666667,0.5679824561403509,0.05847953216374269,0.19649122807017544,0.4725877192982456,0.47424444556236267,0.7980386763811111,0
MDPE,OADNet_text,3,2024,3.0,0.8,True,0.075,0.024999999999999998,0.5601677298545837,0.8186898976564407,0.25,0.25,0.08333333333333333,0.5043859649122807,0.07602339181286549,0.24561403508771928,0.49122807017543857,0.4394652247428894,0.786555290222168,0
MDPE,OADNet_text,3,2024,3.0,0.8,True,0.075,0.024999999999999998,0.5601677298545837,0.8186898976564407,0.3,0.3,0.09999999999999999,0.43640350877192985,0.0935672514619883,0.29473684210526313,0.5076754385964912,0.41655927896499634,0.7739131599664688,0
MDPE,OADNet_text,3,2026,3.0,0.5,True,0.25,0.08333333333333333,0.45809200406074524,0.7848627418279648,0.05,0.05,0.016666666666666666,0.8508771929824561,0.005847953216374269,0.0456140350877193,0.4605263157894737,0.6925318837165833,0.8765038475394249,0
MDPE,OADNet_text,3,2026,3.0,0.5,True,0.25,0.08333333333333333,0.45809200406074524,0.7848627418279648,0.075,0.075,0.024999999999999998,0.8070175438596491,0.017543859649122806,0.07017543859649122,0.46710526315789475,0.6712931394577026,0.8483376652002335,0
MDPE,OADNet_text,3,2026,3.0,0.5,True,0.25,0.08333333333333333,0.45809200406074524,0.7848627418279648,0.1,0.1,0.03333333333333333,0.7741228070175439,0.023391812865497075,0.09473684210526316,0.4725877192982456,0.649648904800415,0.8421771675348282,0
MDPE,OADNet_text,3,2026,3.0,0.5,True,0.25,0.08333333333333333,0.45809200406074524,0.7848627418279648,0.15,0.15,0.049999999999999996,0.6754385964912281,0.04093567251461988,0.14385964912280702,0.47368421052631576,0.6004365086555481,0.7949543744325638,0
MDPE,OADNet_text,3,2026,3.0,0.5,True,0.25,0.08333333333333333,0.45809200406074524,0.7848627418279648,0.2,0.2,0.06666666666666667,0.5921052631578947,0.05847953216374269,0.19649122807017544,0.48464912280701755,0.5685003995895386,0.7737749367952347,0
MDPE,OADNet_text,3,2026,3.0,0.5,True,0.25,0.08333333333333333,0.45809200406074524,0.7848627418279648,0.25,0.25,0.08333333333333333,0.48464912280701755,0.07602339181286549,0.24561403508771928,0.48135964912280704,0.5248244404792786,0.7579946517944336,1
MDPE,OADNet_text,3,2026,3.0,0.5,True,0.25,0.08333333333333333,0.45809200406074524,0.7848627418279648,0.3,0.3,0.09999999999999999,0.40350877192982454,0.0935672514619883,0.29473684210526313,0.49122807017543857,0.4758918583393097,0.7489252090454102,0
MDPE,OADNet_text,3,2026,3.0,0.6,True,0.25,0.08333333333333333,0.45809200406074524,0.7848627418279648,0.05,0.05,0.016666666666666666,0.8508771929824561,0.005847953216374269,0.0456140350877193,0.4605263157894737,0.6925318837165833,0.8765038475394249,0
MDPE,OADNet_text,3,2026,3.0,0.6,True,0.25,0.08333333333333333,0.45809200406074524,0.7848627418279648,0.075,0.075,0.024999999999999998,0.8070175438596491,0.017543859649122806,0.07017543859649122,0.46710526315789475,0.6712931394577026,0.8483376652002335,0
MDPE,OADNet_text,3,2026,3.0,0.6,True,0.25,0.08333333333333333,0.45809200406074524,0.7848627418279648,0.1,0.1,0.03333333333333333,0.7741228070175439,0.023391812865497075,0.09473684210526316,0.4725877192982456,0.649648904800415,0.8421771675348282,0
MDPE,OADNet_text,3,2026,3.0,0.6,True,0.25,0.08333333333333333,0.45809200406074524,0.7848627418279648,0.15,0.15,0.049999999999999996,0.6754385964912281,0.04093567251461988,0.14385964912280702,0.47368421052631576,0.6004365086555481,0.7949543744325638,0
MDPE,OADNet_text,3,2026,3.0,0.6,True,0.25,0.08333333333333333,0.45809200406074524,0.7848627418279648,0.2,0.2,0.06666666666666667,0.5921052631578947,0.05847953216374269,0.19649122807017544,0.48464912280701755,0.5685003995895386,0.7737749367952347,0
MDPE,OADNet_text,3,2026,3.0,0.6,True,0.25,0.08333333333333333,0.45809200406074524,0.7848627418279648,0.25,0.25,0.08333333333333333,0.48464912280701755,0.07602339181286549,0.24561403508771928,0.48135964912280704,0.5248244404792786,0.7579946517944336,1
MDPE,OADNet_text,3,2026,3.0,0.6,True,0.25,0.08333333333333333,0.45809200406074524,0.7848627418279648,0.3,0.3,0.09999999999999999,0.40350877192982454,0.0935672514619883,0.29473684210526313,0.49122807017543857,0.4758918583393097,0.7489252090454102,0
MDPE,OADNet_text,3,2026,3.0,0.7,True,0.15,0.049999999999999996,0.5429773330688477,0.805411696434021,0.05,0.05,0.016666666666666666,0.8508771929824561,0.005847953216374269,0.0456140350877193,0.4605263157894737,0.6925318837165833,0.8765038475394249,0
MDPE,OADNet_text,3,2026,3.0,0.7,True,0.15,0.049999999999999996,0.5429773330688477,0.805411696434021,0.075,0.075,0.024999999999999998,0.8070175438596491,0.017543859649122806,0.07017543859649122,0.46710526315789475,0.6712931394577026,0.8483376652002335,0
MDPE,OADNet_text,3,2026,3.0,0.7,True,0.15,0.049999999999999996,0.5429773330688477,0.805411696434021,0.1,0.1,0.03333333333333333,0.7741228070175439,0.023391812865497075,0.09473684210526316,0.4725877192982456,0.649648904800415,0.8421771675348282,0
MDPE,OADNet_text,3,2026,3.0,0.7,True,0.15,0.049999999999999996,0.5429773330688477,0.805411696434021,0.15,0.15,0.049999999999999996,0.6754385964912281,0.04093567251461988,0.14385964912280702,0.47368421052631576,0.6004365086555481,0.7949543744325638,1
MDPE,OADNet_text,3,2026,3.0,0.7,True,0.15,0.049999999999999996,0.5429773330688477,0.805411696434021,0.2,0.2,0.06666666666666667,0.5921052631578947,0.05847953216374269,0.19649122807017544,0.48464912280701755,0.5685003995895386,0.7737749367952347,0
MDPE,OADNet_text,3,2026,3.0,0.7,True,0.15,0.049999999999999996,0.5429773330688477,0.805411696434021,0.25,0.25,0.08333333333333333,0.48464912280701755,0.07602339181286549,0.24561403508771928,0.48135964912280704,0.5248244404792786,0.7579946517944336,0
MDPE,OADNet_text,3,2026,3.0,0.7,True,0.15,0.049999999999999996,0.5429773330688477,0.805411696434021,0.3,0.3,0.09999999999999999,0.40350877192982454,0.0935672514619883,0.29473684210526313,0.49122807017543857,0.4758918583393097,0.7489252090454102,0
MDPE,OADNet_text,3,2026,3.0,0.8,True,0.1,0.03333333333333333,0.5791764259338379,0.8244369775056839,0.05,0.05,0.016666666666666666,0.8508771929824561,0.005847953216374269,0.0456140350877193,0.4605263157894737,0.6925318837165833,0.8765038475394249,0
MDPE,OADNet_text,3,2026,3.0,0.8,True,0.1,0.03333333333333333,0.5791764259338379,0.8244369775056839,0.075,0.075,0.024999999999999998,0.8070175438596491,0.017543859649122806,0.07017543859649122,0.46710526315789475,0.6712931394577026,0.8483376652002335,0
MDPE,OADNet_text,3,2026,3.0,0.8,True,0.1,0.03333333333333333,0.5791764259338379,0.8244369775056839,0.1,0.1,0.03333333333333333,0.7741228070175439,0.023391812865497075,0.09473684210526316,0.4725877192982456,0.649648904800415,0.8421771675348282,1
MDPE,OADNet_text,3,2026,3.0,0.8,True,0.1,0.03333333333333333,0.5791764259338379,0.8244369775056839,0.15,0.15,0.049999999999999996,0.6754385964912281,0.04093567251461988,0.14385964912280702,0.47368421052631576,0.6004365086555481,0.7949543744325638,0
MDPE,OADNet_text,3,2026,3.0,0.8,True,0.1,0.03333333333333333,0.5791764259338379,0.8244369775056839,0.2,0.2,0.06666666666666667,0.5921052631578947,0.05847953216374269,0.19649122807017544,0.48464912280701755,0.5685003995895386,0.7737749367952347,0
MDPE,OADNet_text,3,2026,3.0,0.8,True,0.1,0.03333333333333333,0.5791764259338379,0.8244369775056839,0.25,0.25,0.08333333333333333,0.48464912280701755,0.07602339181286549,0.24561403508771928,0.48135964912280704,0.5248244404792786,0.7579946517944336,0
MDPE,OADNet_text,3,2026,3.0,0.8,True,0.1,0.03333333333333333,0.5791764259338379,0.8244369775056839,0.3,0.3,0.09999999999999999,0.40350877192982454,0.0935672514619883,0.29473684210526313,0.49122807017543857,0.4758918583393097,0.7489252090454102,0
MDPE,OADNet_text,4,7,3.0,0.5,True,0.3,0.09999999999999999,0.48137497901916504,0.8615793138742447,0.05,0.05,0.016666666666666666,0.8771929824561403,0.005847953216374269,0.0456140350877193,0.47368421052631576,0.7692434191703796,0.985772954300046,0
MDPE,OADNet_text,4,7,3.0,0.5,True,0.3,0.09999999999999999,0.48137497901916504,0.8615793138742447,0.075,0.075,0.024999999999999998,0.8355263157894737,0.017543859649122806,0.07017543859649122,0.48135964912280704,0.742059051990509,0.9695081356912851,0
MDPE,OADNet_text,4,7,3.0,0.5,True,0.3,0.09999999999999999,0.48137497901916504,0.8615793138742447,0.1,0.1,0.03333333333333333,0.7850877192982456,0.023391812865497075,0.09473684210526316,0.4780701754385965,0.7192038297653198,0.9577730856835842,0
MDPE,OADNet_text,4,7,3.0,0.5,True,0.3,0.09999999999999999,0.48137497901916504,0.8615793138742447,0.15,0.15,0.049999999999999996,0.6973684210526315,0.04093567251461988,0.14385964912280702,0.48464912280701755,0.666011393070221,0.9379637502133846,0
MDPE,OADNet_text,4,7,3.0,0.5,True,0.3,0.09999999999999999,0.48137497901916504,0.8615793138742447,0.2,0.2,0.06666666666666667,0.6052631578947368,0.05847953216374269,0.19649122807017544,0.49122807017543857,0.5933875441551208,0.9058429375290871,0
MDPE,OADNet_text,4,7,3.0,0.5,True,0.3,0.09999999999999999,0.48137497901916504,0.8615793138742447,0.25,0.25,0.08333333333333333,0.5219298245614035,0.07602339181286549,0.24561403508771928,0.5,0.5197274684906006,0.892364040017128,0
MDPE,OADNet_text,4,7,3.0,0.5,True,0.3,0.09999999999999999,0.48137497901916504,0.8615793138742447,0.3,0.3,0.09999999999999999,0.4407894736842105,0.0935672514619883,0.29473684210526313,0.5098684210526315,0.46972596645355225,0.876969464123249,1
MDPE,OADNet_text,4,7,3.0,0.6,True,0.25,0.08333333333333333,0.5173700451850891,0.8838625028729439,0.05,0.05,0.016666666666666666,0.8771929824561403,0.005847953216374269,0.0456140350877193,0.47368421052631576,0.7692434191703796,0.985772954300046,0
MDPE,OADNet_text,4,7,3.0,0.6,True,0.25,0.08333333333333333,0.5173700451850891,0.8838625028729439,0.075,0.075,0.024999999999999998,0.8355263157894737,0.017543859649122806,0.07017543859649122,0.48135964912280704,0.742059051990509,0.9695081356912851,0
MDPE,OADNet_text,4,7,3.0,0.6,True,0.25,0.08333333333333333,0.5173700451850891,0.8838625028729439,0.1,0.1,0.03333333333333333,0.7850877192982456,0.023391812865497075,0.09473684210526316,0.4780701754385965,0.7192038297653198,0.9577730856835842,0
MDPE,OADNet_text,4,7,3.0,0.6,True,0.25,0.08333333333333333,0.5173700451850891,0.8838625028729439,0.15,0.15,0.049999999999999996,0.6973684210526315,0.04093567251461988,0.14385964912280702,0.48464912280701755,0.666011393070221,0.9379637502133846,0
MDPE,OADNet_text,4,7,3.0,0.6,True,0.25,0.08333333333333333,0.5173700451850891,0.8838625028729439,0.2,0.2,0.06666666666666667,0.6052631578947368,0.05847953216374269,0.19649122807017544,0.49122807017543857,0.5933875441551208,0.9058429375290871,0
MDPE,OADNet_text,4,7,3.0,0.6,True,0.25,0.08333333333333333,0.5173700451850891,0.8838625028729439,0.25,0.25,0.08333333333333333,0.5219298245614035,0.07602339181286549,0.24561403508771928,0.5,0.5197274684906006,0.892364040017128,1
MDPE,OADNet_text,4,7,3.0,0.6,True,0.25,0.08333333333333333,0.5173700451850891,0.8838625028729439,0.3,0.3,0.09999999999999999,0.4407894736842105,0.0935672514619883,0.29473684210526313,0.5098684210526315,0.46972596645355225,0.876969464123249,0
MDPE,OADNet_text,4,7,3.0,0.7,True,0.15,0.049999999999999996,0.6656599044799805,0.916038952767849,0.05,0.05,0.016666666666666666,0.8771929824561403,0.005847953216374269,0.0456140350877193,0.47368421052631576,0.7692434191703796,0.985772954300046,0
MDPE,OADNet_text,4,7,3.0,0.7,True,0.15,0.049999999999999996,0.6656599044799805,0.916038952767849,0.075,0.075,0.024999999999999998,0.8355263157894737,0.017543859649122806,0.07017543859649122,0.48135964912280704,0.742059051990509,0.9695081356912851,0
MDPE,OADNet_text,4,7,3.0,0.7,True,0.15,0.049999999999999996,0.6656599044799805,0.916038952767849,0.1,0.1,0.03333333333333333,0.7850877192982456,0.023391812865497075,0.09473684210526316,0.4780701754385965,0.7192038297653198,0.9577730856835842,0
MDPE,OADNet_text,4,7,3.0,0.7,True,0.15,0.049999999999999996,0.6656599044799805,0.916038952767849,0.15,0.15,0.049999999999999996,0.6973684210526315,0.04093567251461988,0.14385964912280702,0.48464912280701755,0.666011393070221,0.9379637502133846,1
MDPE,OADNet_text,4,7,3.0,0.7,True,0.15,0.049999999999999996,0.6656599044799805,0.916038952767849,0.2,0.2,0.06666666666666667,0.6052631578947368,0.05847953216374269,0.19649122807017544,0.49122807017543857,0.5933875441551208,0.9058429375290871,0
MDPE,OADNet_text,4,7,3.0,0.7,True,0.15,0.049999999999999996,0.6656599044799805,0.916038952767849,0.25,0.25,0.08333333333333333,0.5219298245614035,0.07602339181286549,0.24561403508771928,0.5,0.5197274684906006,0.892364040017128,0
MDPE,OADNet_text,4,7,3.0,0.7,True,0.15,0.049999999999999996,0.6656599044799805,0.916038952767849,0.3,0.3,0.09999999999999999,0.4407894736842105,0.0935672514619883,0.29473684210526313,0.5098684210526315,0.46972596645355225,0.876969464123249,0
MDPE,OADNet_text,4,7,3.0,0.8,True,0.1,0.03333333333333333,0.7113364934921265,0.9371566697955132,0.05,0.05,0.016666666666666666,0.8771929824561403,0.005847953216374269,0.0456140350877193,0.47368421052631576,0.7692434191703796,0.985772954300046,0
MDPE,OADNet_text,4,7,3.0,0.8,True,0.1,0.03333333333333333,0.7113364934921265,0.9371566697955132,0.075,0.075,0.024999999999999998,0.8355263157894737,0.017543859649122806,0.07017543859649122,0.48135964912280704,0.742059051990509,0.9695081356912851,0
MDPE,OADNet_text,4,7,3.0,0.8,True,0.1,0.03333333333333333,0.7113364934921265,0.9371566697955132,0.1,0.1,0.03333333333333333,0.7850877192982456,0.023391812865497075,0.09473684210526316,0.4780701754385965,0.7192038297653198,0.9577730856835842,1
MDPE,OADNet_text,4,7,3.0,0.8,True,0.1,0.03333333333333333,0.7113364934921265,0.9371566697955132,0.15,0.15,0.049999999999999996,0.6973684210526315,0.04093567251461988,0.14385964912280702,0.48464912280701755,0.666011393070221,0.9379637502133846,0
MDPE,OADNet_text,4,7,3.0,0.8,True,0.1,0.03333333333333333,0.7113364934921265,0.9371566697955132,0.2,0.2,0.06666666666666667,0.6052631578947368,0.05847953216374269,0.19649122807017544,0.49122807017543857,0.5933875441551208,0.9058429375290871,0
MDPE,OADNet_text,4,7,3.0,0.8,True,0.1,0.03333333333333333,0.7113364934921265,0.9371566697955132,0.25,0.25,0.08333333333333333,0.5219298245614035,0.07602339181286549,0.24561403508771928,0.5,0.5197274684906006,0.892364040017128,0
MDPE,OADNet_text,4,7,3.0,0.8,True,0.1,0.03333333333333333,0.7113364934921265,0.9371566697955132,0.3,0.3,0.09999999999999999,0.4407894736842105,0.0935672514619883,0.29473684210526313,0.5098684210526315,0.46972596645355225,0.876969464123249,0
MDPE,OADNet_text,4,42,3.0,0.5,True,0.3,0.09999999999999999,0.4915276765823364,0.7902715802192688,0.05,0.05,0.016666666666666666,0.8552631578947368,0.005847953216374269,0.0456140350877193,0.46271929824561403,0.6470704674720764,0.9628049954771996,0
MDPE,OADNet_text,4,42,3.0,0.5,True,0.3,0.09999999999999999,0.4915276765823364,0.7902715802192688,0.075,0.075,0.024999999999999998,0.8267543859649122,0.017543859649122806,0.07017543859649122,0.4769736842105263,0.614645779132843,0.9582812748849392,0
MDPE,OADNet_text,4,42,3.0,0.5,True,0.3,0.09999999999999999,0.4915276765823364,0.7902715802192688,0.1,0.1,0.03333333333333333,0.7543859649122807,0.023391812865497075,0.09473684210526316,0.46271929824561403,0.5766541957855225,0.9115717634558678,0
MDPE,OADNet_text,4,42,3.0,0.5,True,0.3,0.09999999999999999,0.4915276765823364,0.7902715802192688,0.15,0.15,0.049999999999999996,0.6864035087719298,0.04093567251461988,0.14385964912280702,0.4791666666666667,0.5312665700912476,0.8969251289963722,0
MDPE,OADNet_text,4,42,3.0,0.5,True,0.3,0.09999999999999999,0.4915276765823364,0.7902715802192688,0.2,0.2,0.06666666666666667,0.6140350877192983,0.05847953216374269,0.19649122807017544,0.4956140350877193,0.4771815538406372,0.8869081884622574,0
MDPE,OADNet_text,4,42,3.0,0.5,True,0.3,0.09999999999999999,0.4915276765823364,0.7902715802192688,0.25,0.25,0.08333333333333333,0.5526315789473685,0.07602339181286549,0.24561403508771928,0.5153508771929824,0.4296334683895111,0.884978175163269,0
MDPE,OADNet_text,4,42,3.0,0.5,True,0.3,0.09999999999999999,0.4915276765823364,0.7902715802192688,0.3,0.3,0.09999999999999999,0.48464912280701755,0.0935672514619883,0.29473684210526313,0.5317982456140351,0.3950243294239044,0.8637063503265381,1
MDPE,OADNet_text,4,42,3.0,0.6,True,0.25,0.08333333333333333,0.5276888012886047,0.8034715950489044,0.05,0.05,0.016666666666666666,0.8552631578947368,0.005847953216374269,0.0456140350877193,0.46271929824561403,0.6470704674720764,0.9628049954771996,0
MDPE,OADNet_text,4,42,3.0,0.6,True,0.25,0.08333333333333333,0.5276888012886047,0.8034715950489044,0.075,0.075,0.024999999999999998,0.8267543859649122,0.017543859649122806,0.07017543859649122,0.4769736842105263,0.614645779132843,0.9582812748849392,0
MDPE,OADNet_text,4,42,3.0,0.6,True,0.25,0.08333333333333333,0.5276888012886047,0.8034715950489044,0.1,0.1,0.03333333333333333,0.7543859649122807,0.023391812865497075,0.09473684210526316,0.46271929824561403,0.5766541957855225,0.9115717634558678,0
MDPE,OADNet_text,4,42,3.0,0.6,True,0.25,0.08333333333333333,0.5276888012886047,0.8034715950489044,0.15,0.15,0.049999999999999996,0.6864035087719298,0.04093567251461988,0.14385964912280702,0.4791666666666667,0.5312665700912476,0.8969251289963722,0
MDPE,OADNet_text,4,42,3.0,0.6,True,0.25,0.08333333333333333,0.5276888012886047,0.8034715950489044,0.2,0.2,0.06666666666666667,0.6140350877192983,0.05847953216374269,0.19649122807017544,0.4956140350877193,0.4771815538406372,0.8869081884622574,0
MDPE,OADNet_text,4,42,3.0,0.6,True,0.25,0.08333333333333333,0.5276888012886047,0.8034715950489044,0.25,0.25,0.08333333333333333,0.5526315789473685,0.07602339181286549,0.24561403508771928,0.5153508771929824,0.4296334683895111,0.884978175163269,1
MDPE,OADNet_text,4,42,3.0,0.6,True,0.25,0.08333333333333333,0.5276888012886047,0.8034715950489044,0.3,0.3,0.09999999999999999,0.48464912280701755,0.0935672514619883,0.29473684210526313,0.5317982456140351,0.3950243294239044,0.8637063503265381,0
MDPE,OADNet_text,4,42,3.0,0.7,True,0.15,0.049999999999999996,0.616718590259552,0.839525118470192,0.05,0.05,0.016666666666666666,0.8552631578947368,0.005847953216374269,0.0456140350877193,0.46271929824561403,0.6470704674720764,0.9628049954771996,0
MDPE,OADNet_text,4,42,3.0,0.7,True,0.15,0.049999999999999996,0.616718590259552,0.839525118470192,0.075,0.075,0.024999999999999998,0.8267543859649122,0.017543859649122806,0.07017543859649122,0.4769736842105263,0.614645779132843,0.9582812748849392,0
MDPE,OADNet_text,4,42,3.0,0.7,True,0.15,0.049999999999999996,0.616718590259552,0.839525118470192,0.1,0.1,0.03333333333333333,0.7543859649122807,0.023391812865497075,0.09473684210526316,0.46271929824561403,0.5766541957855225,0.9115717634558678,0
MDPE,OADNet_text,4,42,3.0,0.7,True,0.15,0.049999999999999996,0.616718590259552,0.839525118470192,0.15,0.15,0.049999999999999996,0.6864035087719298,0.04093567251461988,0.14385964912280702,0.4791666666666667,0.5312665700912476,0.8969251289963722,1
MDPE,OADNet_text,4,42,3.0,0.7,True,0.15,0.049999999999999996,0.616718590259552,0.839525118470192,0.2,0.2,0.06666666666666667,0.6140350877192983,0.05847953216374269,0.19649122807017544,0.4956140350877193,0.4771815538406372,0.8869081884622574,0
MDPE,OADNet_text,4,42,3.0,0.7,True,0.15,0.049999999999999996,0.616718590259552,0.839525118470192,0.25,0.25,0.08333333333333333,0.5526315789473685,0.07602339181286549,0.24561403508771928,0.5153508771929824,0.4296334683895111,0.884978175163269,0
MDPE,OADNet_text,4,42,3.0,0.7,True,0.15,0.049999999999999996,0.616718590259552,0.839525118470192,0.3,0.3,0.09999999999999999,0.48464912280701755,0.0935672514619883,0.29473684210526313,0.5317982456140351,0.3950243294239044,0.8637063503265381,0
MDPE,OADNet_text,4,42,3.0,0.8,True,0.1,0.03333333333333333,0.6575901508331299,0.8675646483898163,0.05,0.05,0.016666666666666666,0.8552631578947368,0.005847953216374269,0.0456140350877193,0.46271929824561403,0.6470704674720764,0.9628049954771996,0
MDPE,OADNet_text,4,42,3.0,0.8,True,0.1,0.03333333333333333,0.6575901508331299,0.8675646483898163,0.075,0.075,0.024999999999999998,0.8267543859649122,0.017543859649122806,0.07017543859649122,0.4769736842105263,0.614645779132843,0.9582812748849392,0
MDPE,OADNet_text,4,42,3.0,0.8,True,0.1,0.03333333333333333,0.6575901508331299,0.8675646483898163,0.1,0.1,0.03333333333333333,0.7543859649122807,0.023391812865497075,0.09473684210526316,0.46271929824561403,0.5766541957855225,0.9115717634558678,1
MDPE,OADNet_text,4,42,3.0,0.8,True,0.1,0.03333333333333333,0.6575901508331299,0.8675646483898163,0.15,0.15,0.049999999999999996,0.6864035087719298,0.04093567251461988,0.14385964912280702,0.4791666666666667,0.5312665700912476,0.8969251289963722,0
MDPE,OADNet_text,4,42,3.0,0.8,True,0.1,0.03333333333333333,0.6575901508331299,0.8675646483898163,0.2,0.2,0.06666666666666667,0.6140350877192983,0.05847953216374269,0.19649122807017544,0.4956140350877193,0.4771815538406372,0.8869081884622574,0
MDPE,OADNet_text,4,42,3.0,0.8,True,0.1,0.03333333333333333,0.6575901508331299,0.8675646483898163,0.25,0.25,0.08333333333333333,0.5526315789473685,0.07602339181286549,0.24561403508771928,0.5153508771929824,0.4296334683895111,0.884978175163269,0
MDPE,OADNet_text,4,42,3.0,0.8,True,0.1,0.03333333333333333,0.6575901508331299,0.8675646483898163,0.3,0.3,0.09999999999999999,0.48464912280701755,0.0935672514619883,0.29473684210526313,0.5317982456140351,0.3950243294239044,0.8637063503265381,0
MDPE,OADNet_text,4,123,3.0,0.5,True,0.3,0.09999999999999999,0.3924875259399414,0.8201137632131577,0.05,0.05,0.016666666666666666,0.8793859649122807,0.005847953216374269,0.0456140350877193,0.47478070175438597,0.6655001044273376,0.9574934169650078,0
MDPE,OADNet_text,4,123,3.0,0.5,True,0.3,0.09999999999999999,0.3924875259399414,0.8201137632131577,0.075,0.075,0.024999999999999998,0.8333333333333334,0.017543859649122806,0.07017543859649122,0.48026315789473684,0.6237544417381287,0.9504434540867805,0
MDPE,OADNet_text,4,123,3.0,0.5,True,0.3,0.09999999999999999,0.3924875259399414,0.8201137632131577,0.1,0.1,0.03333333333333333,0.7960526315789473,0.023391812865497075,0.09473684210526316,0.48355263157894735,0.6005053520202637,0.9355823397636414,0
MDPE,OADNet_text,4,123,3.0,0.5,True,0.3,0.09999999999999999,0.3924875259399414,0.8201137632131577,0.15,0.15,0.049999999999999996,0.6885964912280702,0.04093567251461988,0.14385964912280702,0.48026315789473684,0.5550664067268372,0.8758182227611542,0
MDPE,OADNet_text,4,123,3.0,0.5,True,0.3,0.09999999999999999,0.3924875259399414,0.8201137632131577,0.2,0.2,0.06666666666666667,0.5964912280701754,0.05847953216374269,0.19649122807017544,0.4868421052631579,0.5122763514518738,0.8552974760532379,0
MDPE,OADNet_text,4,123,3.0,0.5,True,0.3,0.09999999999999999,0.3924875259399414,0.8201137632131577,0.25,0.25,0.08333333333333333,0.5109649122807017,0.07602339181286549,0.24561403508771928,0.49451754385964913,0.4685903489589691,0.8447558581829071,0
MDPE,OADNet_text,4,123,3.0,0.5,True,0.3,0.09999999999999999,0.3924875259399414,0.8201137632131577,0.3,0.3,0.09999999999999999,0.42543859649122806,0.0935672514619883,0.29473684210526313,0.5021929824561403,0.44185012578964233,0.8172572404146194,1
MDPE,OADNet_text,4,123,3.0,0.6,True,0.2,0.06666666666666667,0.48291680216789246,0.8452824652194977,0.05,0.05,0.016666666666666666,0.8793859649122807,0.005847953216374269,0.0456140350877193,0.47478070175438597,0.6655001044273376,0.9574934169650078,0
MDPE,OADNet_text,4,123,3.0,0.6,True,0.2,0.06666666666666667,0.48291680216789246,0.8452824652194977,0.075,0.075,0.024999999999999998,0.8333333333333334,0.017543859649122806,0.07017543859649122,0.48026315789473684,0.6237544417381287,0.9504434540867805,0
MDPE,OADNet_text,4,123,3.0,0.6,True,0.2,0.06666666666666667,0.48291680216789246,0.8452824652194977,0.1,0.1,0.03333333333333333,0.7960526315789473,0.023391812865497075,0.09473684210526316,0.48355263157894735,0.6005053520202637,0.9355823397636414,0
MDPE,OADNet_text,4,123,3.0,0.6,True,0.2,0.06666666666666667,0.48291680216789246,0.8452824652194977,0.15,0.15,0.049999999999999996,0.6885964912280702,0.04093567251461988,0.14385964912280702,0.48026315789473684,0.5550664067268372,0.8758182227611542,0
MDPE,OADNet_text,4,123,3.0,0.6,True,0.2,0.06666666666666667,0.48291680216789246,0.8452824652194977,0.2,0.2,0.06666666666666667,0.5964912280701754,0.05847953216374269,0.19649122807017544,0.4868421052631579,0.5122763514518738,0.8552974760532379,1
MDPE,OADNet_text,4,123,3.0,0.6,True,0.2,0.06666666666666667,0.48291680216789246,0.8452824652194977,0.25,0.25,0.08333333333333333,0.5109649122807017,0.07602339181286549,0.24561403508771928,0.49451754385964913,0.4685903489589691,0.8447558581829071,0
MDPE,OADNet_text,4,123,3.0,0.6,True,0.2,0.06666666666666667,0.48291680216789246,0.8452824652194977,0.3,0.3,0.09999999999999999,0.42543859649122806,0.0935672514619883,0.29473684210526313,0.5021929824561403,0.44185012578964233,0.8172572404146194,0
MDPE,OADNet_text,4,123,3.0,0.7,True,0.15,0.049999999999999996,0.525827169418335,0.855439618229866,0.05,0.05,0.016666666666666666,0.8793859649122807,0.005847953216374269,0.0456140350877193,0.47478070175438597,0.6655001044273376,0.9574934169650078,0
MDPE,OADNet_text,4,123,3.0,0.7,True,0.15,0.049999999999999996,0.525827169418335,0.855439618229866,0.075,0.075,0.024999999999999998,0.8333333333333334,0.017543859649122806,0.07017543859649122,0.48026315789473684,0.6237544417381287,0.9504434540867805,0
MDPE,OADNet_text,4,123,3.0,0.7,True,0.15,0.049999999999999996,0.525827169418335,0.855439618229866,0.1,0.1,0.03333333333333333,0.7960526315789473,0.023391812865497075,0.09473684210526316,0.48355263157894735,0.6005053520202637,0.9355823397636414,0
MDPE,OADNet_text,4,123,3.0,0.7,True,0.15,0.049999999999999996,0.525827169418335,0.855439618229866,0.15,0.15,0.049999999999999996,0.6885964912280702,0.04093567251461988,0.14385964912280702,0.48026315789473684,0.5550664067268372,0.8758182227611542,1
MDPE,OADNet_text,4,123,3.0,0.7,True,0.15,0.049999999999999996,0.525827169418335,0.855439618229866,0.2,0.2,0.06666666666666667,0.5964912280701754,0.05847953216374269,0.19649122807017544,0.4868421052631579,0.5122763514518738,0.8552974760532379,0
MDPE,OADNet_text,4,123,3.0,0.7,True,0.15,0.049999999999999996,0.525827169418335,0.855439618229866,0.25,0.25,0.08333333333333333,0.5109649122807017,0.07602339181286549,0.24561403508771928,0.49451754385964913,0.4685903489589691,0.8447558581829071,0
MDPE,OADNet_text,4,123,3.0,0.7,True,0.15,0.049999999999999996,0.525827169418335,0.855439618229866,0.3,0.3,0.09999999999999999,0.42543859649122806,0.0935672514619883,0.29473684210526313,0.5021929824561403,0.44185012578964233,0.8172572404146194,0
MDPE,OADNet_text,4,123,3.0,0.8,True,0.15,0.049999999999999996,0.525827169418335,0.855439618229866,0.05,0.05,0.016666666666666666,0.8793859649122807,0.005847953216374269,0.0456140350877193,0.47478070175438597,0.6655001044273376,0.9574934169650078,0
MDPE,OADNet_text,4,123,3.0,0.8,True,0.15,0.049999999999999996,0.525827169418335,0.855439618229866,0.075,0.075,0.024999999999999998,0.8333333333333334,0.017543859649122806,0.07017543859649122,0.48026315789473684,0.6237544417381287,0.9504434540867805,0
MDPE,OADNet_text,4,123,3.0,0.8,True,0.15,0.049999999999999996,0.525827169418335,0.855439618229866,0.1,0.1,0.03333333333333333,0.7960526315789473,0.023391812865497075,0.09473684210526316,0.48355263157894735,0.6005053520202637,0.9355823397636414,0
MDPE,OADNet_text,4,123,3.0,0.8,True,0.15,0.049999999999999996,0.525827169418335,0.855439618229866,0.15,0.15,0.049999999999999996,0.6885964912280702,0.04093567251461988,0.14385964912280702,0.48026315789473684,0.5550664067268372,0.8758182227611542,1
MDPE,OADNet_text,4,123,3.0,0.8,True,0.15,0.049999999999999996,0.525827169418335,0.855439618229866,0.2,0.2,0.06666666666666667,0.5964912280701754,0.05847953216374269,0.19649122807017544,0.4868421052631579,0.5122763514518738,0.8552974760532379,0
MDPE,OADNet_text,4,123,3.0,0.8,True,0.15,0.049999999999999996,0.525827169418335,0.855439618229866,0.25,0.25,0.08333333333333333,0.5109649122807017,0.07602339181286549,0.24561403508771928,0.49451754385964913,0.4685903489589691,0.8447558581829071,0
MDPE,OADNet_text,4,123,3.0,0.8,True,0.15,0.049999999999999996,0.525827169418335,0.855439618229866,0.3,0.3,0.09999999999999999,0.42543859649122806,0.0935672514619883,0.29473684210526313,0.5021929824561403,0.44185012578964233,0.8172572404146194,0
MDPE,OADNet_text,4,2024,3.0,0.5,True,0.3,0.09999999999999999,0.5376983284950256,0.7056120336055756,0.05,0.05,0.016666666666666666,0.8574561403508771,0.005847953216374269,0.0456140350877193,0.46381578947368424,0.8139310479164124,0.8689445853233337,0
MDPE,OADNet_text,4,2024,3.0,0.5,True,0.3,0.09999999999999999,0.5376983284950256,0.7056120336055756,0.075,0.075,0.024999999999999998,0.8114035087719298,0.017543859649122806,0.07017543859649122,0.4692982456140351,0.7939577102661133,0.8549416214227676,0
MDPE,OADNet_text,4,2024,3.0,0.5,True,0.3,0.09999999999999999,0.5376983284950256,0.7056120336055756,0.1,0.1,0.03333333333333333,0.7543859649122807,0.023391812865497075,0.09473684210526316,0.46271929824561403,0.7566816210746765,0.8335956782102585,0
MDPE,OADNet_text,4,2024,3.0,0.5,True,0.3,0.09999999999999999,0.5376983284950256,0.7056120336055756,0.15,0.15,0.049999999999999996,0.668859649122807,0.04093567251461988,0.14385964912280702,0.47039473684210525,0.7141225934028625,0.807027131319046,0
MDPE,OADNet_text,4,2024,3.0,0.5,True,0.3,0.09999999999999999,0.5376983284950256,0.7056120336055756,0.2,0.2,0.06666666666666667,0.5899122807017544,0.05847953216374269,0.19649122807017544,0.48355263157894735,0.677701473236084,0.7611157596111298,0
MDPE,OADNet_text,4,2024,3.0,0.5,True,0.3,0.09999999999999999,0.5376983284950256,0.7056120336055756,0.25,0.25,0.08333333333333333,0.506578947368421,0.07602339181286549,0.24561403508771928,0.4923245614035088,0.634942889213562,0.7352392673492432,0
MDPE,OADNet_text,4,2024,3.0,0.5,True,0.3,0.09999999999999999,0.5376983284950256,0.7056120336055756,0.3,0.3,0.09999999999999999,0.41885964912280704,0.0935672514619883,0.29473684210526313,0.49890350877192985,0.6103168725967407,0.7065657377243042,1
MDPE,OADNet_text,4,2024,3.0,0.6,True,0.2,0.06666666666666667,0.6379003524780273,0.7483847141265869,0.05,0.05,0.016666666666666666,0.8574561403508771,0.005847953216374269,0.0456140350877193,0.46381578947368424,0.8139310479164124,0.8689445853233337,0
MDPE,OADNet_text,4,2024,3.0,0.6,True,0.2,0.06666666666666667,0.6379003524780273,0.7483847141265869,0.075,0.075,0.024999999999999998,0.8114035087719298,0.017543859649122806,0.07017543859649122,0.4692982456140351,0.7939577102661133,0.8549416214227676,0
MDPE,OADNet_text,4,2024,3.0,0.6,True,0.2,0.06666666666666667,0.6379003524780273,0.7483847141265869,0.1,0.1,0.03333333333333333,0.7543859649122807,0.023391812865497075,0.09473684210526316,0.46271929824561403,0.7566816210746765,0.8335956782102585,0
MDPE,OADNet_text,4,2024,3.0,0.6,True,0.2,0.06666666666666667,0.6379003524780273,0.7483847141265869,0.15,0.15,0.049999999999999996,0.668859649122807,0.04093567251461988,0.14385964912280702,0.47039473684210525,0.7141225934028625,0.807027131319046,0
MDPE,OADNet_text,4,2024,3.0,0.6,True,0.2,0.06666666666666667,0.6379003524780273,0.7483847141265869,0.2,0.2,0.06666666666666667,0.5899122807017544,0.05847953216374269,0.19649122807017544,0.48355263157894735,0.677701473236084,0.7611157596111298,1
MDPE,OADNet_text,4,2024,3.0,0.6,True,0.2,0.06666666666666667,0.6379003524780273,0.7483847141265869,0.25,0.25,0.08333333333333333,0.506578947368421,0.07602339181286549,0.24561403508771928,0.4923245614035088,0.634942889213562,0.7352392673492432,0
MDPE,OADNet_text,4,2024,3.0,0.6,True,0.2,0.06666666666666667,0.6379003524780273,0.7483847141265869,0.3,0.3,0.09999999999999999,0.41885964912280704,0.0935672514619883,0.29473684210526313,0.49890350877192985,0.6103168725967407,0.7065657377243042,0
MDPE,OADNet_text,4,2024,3.0,0.7,True,0.15,0.049999999999999996,0.6782698035240173,0.7839154899120331,0.05,0.05,0.016666666666666666,0.8574561403508771,0.005847953216374269,0.0456140350877193,0.46381578947368424,0.8139310479164124,0.8689445853233337,0
MDPE,OADNet_text,4,2024,3.0,0.7,True,0.15,0.049999999999999996,0.6782698035240173,0.7839154899120331,0.075,0.075,0.024999999999999998,0.8114035087719298,0.017543859649122806,0.07017543859649122,0.4692982456140351,0.7939577102661133,0.8549416214227676,0
MDPE,OADNet_text,4,2024,3.0,0.7,True,0.15,0.049999999999999996,0.6782698035240173,0.7839154899120331,0.1,0.1,0.03333333333333333,0.7543859649122807,0.023391812865497075,0.09473684210526316,0.46271929824561403,0.7566816210746765,0.8335956782102585,0
MDPE,OADNet_text,4,2024,3.0,0.7,True,0.15,0.049999999999999996,0.6782698035240173,0.7839154899120331,0.15,0.15,0.049999999999999996,0.668859649122807,0.04093567251461988,0.14385964912280702,0.47039473684210525,0.7141225934028625,0.807027131319046,1
MDPE,OADNet_text,4,2024,3.0,0.7,True,0.15,0.049999999999999996,0.6782698035240173,0.7839154899120331,0.2,0.2,0.06666666666666667,0.5899122807017544,0.05847953216374269,0.19649122807017544,0.48355263157894735,0.677701473236084,0.7611157596111298,0
MDPE,OADNet_text,4,2024,3.0,0.7,True,0.15,0.049999999999999996,0.6782698035240173,0.7839154899120331,0.25,0.25,0.08333333333333333,0.506578947368421,0.07602339181286549,0.24561403508771928,0.4923245614035088,0.634942889213562,0.7352392673492432,0
MDPE,OADNet_text,4,2024,3.0,0.7,True,0.15,0.049999999999999996,0.6782698035240173,0.7839154899120331,0.3,0.3,0.09999999999999999,0.41885964912280704,0.0935672514619883,0.29473684210526313,0.49890350877192985,0.6103168725967407,0.7065657377243042,0
MDPE,OADNet_text,4,2024,3.0,0.8,True,0.1,0.03333333333333333,0.7201888561248779,0.7991704791784286,0.05,0.05,0.016666666666666666,0.8574561403508771,0.005847953216374269,0.0456140350877193,0.46381578947368424,0.8139310479164124,0.8689445853233337,0
MDPE,OADNet_text,4,2024,3.0,0.8,True,0.1,0.03333333333333333,0.7201888561248779,0.7991704791784286,0.075,0.075,0.024999999999999998,0.8114035087719298,0.017543859649122806,0.07017543859649122,0.4692982456140351,0.7939577102661133,0.8549416214227676,0
MDPE,OADNet_text,4,2024,3.0,0.8,True,0.1,0.03333333333333333,0.7201888561248779,0.7991704791784286,0.1,0.1,0.03333333333333333,0.7543859649122807,0.023391812865497075,0.09473684210526316,0.46271929824561403,0.7566816210746765,0.8335956782102585,1
MDPE,OADNet_text,4,2024,3.0,0.8,True,0.1,0.03333333333333333,0.7201888561248779,0.7991704791784286,0.15,0.15,0.049999999999999996,0.668859649122807,0.04093567251461988,0.14385964912280702,0.47039473684210525,0.7141225934028625,0.807027131319046,0
MDPE,OADNet_text,4,2024,3.0,0.8,True,0.1,0.03333333333333333,0.7201888561248779,0.7991704791784286,0.2,0.2,0.06666666666666667,0.5899122807017544,0.05847953216374269,0.19649122807017544,0.48355263157894735,0.677701473236084,0.7611157596111298,0
MDPE,OADNet_text,4,2024,3.0,0.8,True,0.1,0.03333333333333333,0.7201888561248779,0.7991704791784286,0.25,0.25,0.08333333333333333,0.506578947368421,0.07602339181286549,0.24561403508771928,0.4923245614035088,0.634942889213562,0.7352392673492432,0
MDPE,OADNet_text,4,2024,3.0,0.8,True,0.1,0.03333333333333333,0.7201888561248779,0.7991704791784286,0.3,0.3,0.09999999999999999,0.41885964912280704,0.0935672514619883,0.29473684210526313,0.49890350877192985,0.6103168725967407,0.7065657377243042,0
MDPE,OADNet_text,4,2026,3.0,0.5,True,0.3,0.09999999999999999,0.4475597143173218,0.7477047145366669,0.05,0.05,0.016666666666666666,0.8486842105263158,0.005847953216374269,0.0456140350877193,0.4594298245614035,0.6144075989723206,0.9372834265232086,0
MDPE,OADNet_text,4,2026,3.0,0.5,True,0.3,0.09999999999999999,0.4475597143173218,0.7477047145366669,0.075,0.075,0.024999999999999998,0.7719298245614035,0.017543859649122806,0.07017543859649122,0.44956140350877194,0.5985744595527649,0.8646671175956726,0
MDPE,OADNet_text,4,2026,3.0,0.5,True,0.3,0.09999999999999999,0.4475597143173218,0.7477047145366669,0.1,0.1,0.03333333333333333,0.75,0.023391812865497075,0.09473684210526316,0.4605263157894737,0.5929716229438782,0.8539055734872818,0
MDPE,OADNet_text,4,2026,3.0,0.5,True,0.3,0.09999999999999999,0.4475597143173218,0.7477047145366669,0.15,0.15,0.049999999999999996,0.6732456140350878,0.04093567251461988,0.14385964912280702,0.4725877192982456,0.5456845164299011,0.8239792138338089,0
MDPE,OADNet_text,4,2026,3.0,0.5,True,0.3,0.09999999999999999,0.4475597143173218,0.7477047145366669,0.2,0.2,0.06666666666666667,0.5614035087719298,0.05847953216374269,0.19649122807017544,0.4692982456140351,0.4959789514541626,0.8133103847503662,0
MDPE,OADNet_text,4,2026,3.0,0.5,True,0.3,0.09999999999999999,0.4475597143173218,0.7477047145366669,0.25,0.25,0.08333333333333333,0.506578947368421,0.07602339181286549,0.24561403508771928,0.4923245614035088,0.478328138589859,0.8014883697032928,0
MDPE,OADNet_text,4,2026,3.0,0.5,True,0.3,0.09999999999999999,0.4475597143173218,0.7477047145366669,0.3,0.3,0.09999999999999999,0.41228070175438597,0.0935672514619883,0.29473684210526313,0.4956140350877193,0.44422435760498047,0.7692434191703796,1
MDPE,OADNet_text,4,2026,3.0,0.6,True,0.2,0.06666666666666667,0.5047390460968018,0.7975753545761108,0.05,0.05,0.016666666666666666,0.8486842105263158,0.005847953216374269,0.0456140350877193,0.4594298245614035,0.6144075989723206,0.9372834265232086,0
MDPE,OADNet_text,4,2026,3.0,0.6,True,0.2,0.06666666666666667,0.5047390460968018,0.7975753545761108,0.075,0.075,0.024999999999999998,0.7719298245614035,0.017543859649122806,0.07017543859649122,0.44956140350877194,0.5985744595527649,0.8646671175956726,0
MDPE,OADNet_text,4,2026,3.0,0.6,True,0.2,0.06666666666666667,0.5047390460968018,0.7975753545761108,0.1,0.1,0.03333333333333333,0.75,0.023391812865497075,0.09473684210526316,0.4605263157894737,0.5929716229438782,0.8539055734872818,0
MDPE,OADNet_text,4,2026,3.0,0.6,True,0.2,0.06666666666666667,0.5047390460968018,0.7975753545761108,0.15,0.15,0.049999999999999996,0.6732456140350878,0.04093567251461988,0.14385964912280702,0.4725877192982456,0.5456845164299011,0.8239792138338089,0
MDPE,OADNet_text,4,2026,3.0,0.6,True,0.2,0.06666666666666667,0.5047390460968018,0.7975753545761108,0.2,0.2,0.06666666666666667,0.5614035087719298,0.05847953216374269,0.19649122807017544,0.4692982456140351,0.4959789514541626,0.8133103847503662,1
MDPE,OADNet_text,4,2026,3.0,0.6,True,0.2,0.06666666666666667,0.5047390460968018,0.7975753545761108,0.25,0.25,0.08333333333333333,0.506578947368421,0.07602339181286549,0.24561403508771928,0.4923245614035088,0.478328138589859,0.8014883697032928,0
MDPE,OADNet_text,4,2026,3.0,0.6,True,0.2,0.06666666666666667,0.5047390460968018,0.7975753545761108,0.3,0.3,0.09999999999999999,0.41228070175438597,0.0935672514619883,0.29473684210526313,0.4956140350877193,0.44422435760498047,0.7692434191703796,0
MDPE,OADNet_text,4,2026,3.0,0.7,True,0.2,0.06666666666666667,0.5047390460968018,0.7975753545761108,0.05,0.05,0.016666666666666666,0.8486842105263158,0.005847953216374269,0.0456140350877193,0.4594298245614035,0.6144075989723206,0.9372834265232086,0
MDPE,OADNet_text,4,2026,3.0,0.7,True,0.2,0.06666666666666667,0.5047390460968018,0.7975753545761108,0.075,0.075,0.024999999999999998,0.7719298245614035,0.017543859649122806,0.07017543859649122,0.44956140350877194,0.5985744595527649,0.8646671175956726,0
MDPE,OADNet_text,4,2026,3.0,0.7,True,0.2,0.06666666666666667,0.5047390460968018,0.7975753545761108,0.1,0.1,0.03333333333333333,0.75,0.023391812865497075,0.09473684210526316,0.4605263157894737,0.5929716229438782,0.8539055734872818,0
MDPE,OADNet_text,4,2026,3.0,0.7,True,0.2,0.06666666666666667,0.5047390460968018,0.7975753545761108,0.15,0.15,0.049999999999999996,0.6732456140350878,0.04093567251461988,0.14385964912280702,0.4725877192982456,0.5456845164299011,0.8239792138338089,0
MDPE,OADNet_text,4,2026,3.0,0.7,True,0.2,0.06666666666666667,0.5047390460968018,0.7975753545761108,0.2,0.2,0.06666666666666667,0.5614035087719298,0.05847953216374269,0.19649122807017544,0.4692982456140351,0.4959789514541626,0.8133103847503662,1
MDPE,OADNet_text,4,2026,3.0,0.7,True,0.2,0.06666666666666667,0.5047390460968018,0.7975753545761108,0.25,0.25,0.08333333333333333,0.506578947368421,0.07602339181286549,0.24561403508771928,0.4923245614035088,0.478328138589859,0.8014883697032928,0
MDPE,OADNet_text,4,2026,3.0,0.7,True,0.2,0.06666666666666667,0.5047390460968018,0.7975753545761108,0.3,0.3,0.09999999999999999,0.41228070175438597,0.0935672514619883,0.29473684210526313,0.4956140350877193,0.44422435760498047,0.7692434191703796,0
MDPE,OADNet_text,4,2026,3.0,0.8,True,0.075,0.024999999999999998,0.6192274689674377,0.8531155288219452,0.05,0.05,0.016666666666666666,0.8486842105263158,0.005847953216374269,0.0456140350877193,0.4594298245614035,0.6144075989723206,0.9372834265232086,0
MDPE,OADNet_text,4,2026,3.0,0.8,True,0.075,0.024999999999999998,0.6192274689674377,0.8531155288219452,0.075,0.075,0.024999999999999998,0.7719298245614035,0.017543859649122806,0.07017543859649122,0.44956140350877194,0.5985744595527649,0.8646671175956726,1
MDPE,OADNet_text,4,2026,3.0,0.8,True,0.075,0.024999999999999998,0.6192274689674377,0.8531155288219452,0.1,0.1,0.03333333333333333,0.75,0.023391812865497075,0.09473684210526316,0.4605263157894737,0.5929716229438782,0.8539055734872818,0
MDPE,OADNet_text,4,2026,3.0,0.8,True,0.075,0.024999999999999998,0.6192274689674377,0.8531155288219452,0.15,0.15,0.049999999999999996,0.6732456140350878,0.04093567251461988,0.14385964912280702,0.4725877192982456,0.5456845164299011,0.8239792138338089,0
MDPE,OADNet_text,4,2026,3.0,0.8,True,0.075,0.024999999999999998,0.6192274689674377,0.8531155288219452,0.2,0.2,0.06666666666666667,0.5614035087719298,0.05847953216374269,0.19649122807017544,0.4692982456140351,0.4959789514541626,0.8133103847503662,0
MDPE,OADNet_text,4,2026,3.0,0.8,True,0.075,0.024999999999999998,0.6192274689674377,0.8531155288219452,0.25,0.25,0.08333333333333333,0.506578947368421,0.07602339181286549,0.24561403508771928,0.4923245614035088,0.478328138589859,0.8014883697032928,0
MDPE,OADNet_text,4,2026,3.0,0.8,True,0.075,0.024999999999999998,0.6192274689674377,0.8531155288219452,0.3,0.3,0.09999999999999999,0.41228070175438597,0.0935672514619883,0.29473684210526313,0.4956140350877193,0.44422435760498047,0.7692434191703796,0
MDPE,OADNet_audio,0,7,3.0,0.5,False,0.3,0.09999999999999999,0.3808486759662628,0.7163091003894806,0.05,0.05,0.016666666666666666,0.9407894736842105,0.005847953216374269,0.0456140350877193,0.5054824561403509,0.47872233390808105,0.7643902152776718,0
MDPE,OADNet_audio,0,7,3.0,0.5,False,0.3,0.09999999999999999,0.3808486759662628,0.7163091003894806,0.075,0.075,0.024999999999999998,0.9078947368421053,0.017543859649122806,0.07017543859649122,0.5175438596491229,0.4590190649032593,0.7605931013822556,0
MDPE,OADNet_audio,0,7,3.0,0.5,False,0.3,0.09999999999999999,0.3808486759662628,0.7163091003894806,0.1,0.1,0.03333333333333333,0.881578947368421,0.023391812865497075,0.09473684210526316,0.5263157894736842,0.4429837465286255,0.7600959092378616,0
MDPE,OADNet_audio,0,7,3.0,0.5,False,0.3,0.09999999999999999,0.3808486759662628,0.7163091003894806,0.15,0.15,0.049999999999999996,0.8092105263157895,0.04093567251461988,0.14385964912280702,0.5405701754385965,0.41896960139274597,0.7470301985740662,0
MDPE,OADNet_audio,0,7,3.0,0.5,False,0.3,0.09999999999999999,0.3808486759662628,0.7163091003894806,0.2,0.2,0.06666666666666667,0.7324561403508771,0.05847953216374269,0.19649122807017544,0.5548245614035088,0.4019777476787567,0.7245092689990997,0
MDPE,OADNet_audio,0,7,3.0,0.5,False,0.3,0.09999999999999999,0.3808486759662628,0.7163091003894806,0.25,0.25,0.08333333333333333,0.6754385964912281,0.07602339181286549,0.24561403508771928,0.5767543859649122,0.38649439811706543,0.7193053364753723,0
MDPE,OADNet_audio,0,7,3.0,0.5,False,0.3,0.09999999999999999,0.3808486759662628,0.7163091003894806,0.3,0.3,0.09999999999999999,0.6008771929824561,0.0935672514619883,0.29473684210526313,0.5899122807017544,0.37247833609580994,0.7184636890888214,1
MDPE,OADNet_audio,0,7,3.0,0.6,False,0.3,0.09999999999999999,0.3808486759662628,0.7163091003894806,0.05,0.05,0.016666666666666666,0.9407894736842105,0.005847953216374269,0.0456140350877193,0.5054824561403509,0.47872233390808105,0.7643902152776718,0
MDPE,OADNet_audio,0,7,3.0,0.6,False,0.3,0.09999999999999999,0.3808486759662628,0.7163091003894806,0.075,0.075,0.024999999999999998,0.9078947368421053,0.017543859649122806,0.07017543859649122,0.5175438596491229,0.4590190649032593,0.7605931013822556,0
MDPE,OADNet_audio,0,7,3.0,0.6,False,0.3,0.09999999999999999,0.3808486759662628,0.7163091003894806,0.1,0.1,0.03333333333333333,0.881578947368421,0.023391812865497075,0.09473684210526316,0.5263157894736842,0.4429837465286255,0.7600959092378616,0
MDPE,OADNet_audio,0,7,3.0,0.6,False,0.3,0.09999999999999999,0.3808486759662628,0.7163091003894806,0.15,0.15,0.049999999999999996,0.8092105263157895,0.04093567251461988,0.14385964912280702,0.5405701754385965,0.41896960139274597,0.7470301985740662,0
MDPE,OADNet_audio,0,7,3.0,0.6,False,0.3,0.09999999999999999,0.3808486759662628,0.7163091003894806,0.2,0.2,0.06666666666666667,0.7324561403508771,0.05847953216374269,0.19649122807017544,0.5548245614035088,0.4019777476787567,0.7245092689990997,0
MDPE,OADNet_audio,0,7,3.0,0.6,False,0.3,0.09999999999999999,0.3808486759662628,0.7163091003894806,0.25,0.25,0.08333333333333333,0.6754385964912281,0.07602339181286549,0.24561403508771928,0.5767543859649122,0.38649439811706543,0.7193053364753723,0
MDPE,OADNet_audio,0,7,3.0,0.6,False,0.3,0.09999999999999999,0.3808486759662628,0.7163091003894806,0.3,0.3,0.09999999999999999,0.6008771929824561,0.0935672514619883,0.29473684210526313,0.5899122807017544,0.37247833609580994,0.7184636890888214,1
MDPE,OADNet_audio,0,7,3.0,0.7,True,0.25,0.08333333333333333,0.38760173320770264,0.7177950739860535,0.05,0.05,0.016666666666666666,0.9407894736842105,0.005847953216374269,0.0456140350877193,0.5054824561403509,0.47872233390808105,0.7643902152776718,0
MDPE,OADNet_audio,0,7,3.0,0.7,True,0.25,0.08333333333333333,0.38760173320770264,0.7177950739860535,0.075,0.075,0.024999999999999998,0.9078947368421053,0.017543859649122806,0.07017543859649122,0.5175438596491229,0.4590190649032593,0.7605931013822556,0
MDPE,OADNet_audio,0,7,3.0,0.7,True,0.25,0.08333333333333333,0.38760173320770264,0.7177950739860535,0.1,0.1,0.03333333333333333,0.881578947368421,0.023391812865497075,0.09473684210526316,0.5263157894736842,0.4429837465286255,0.7600959092378616,0
MDPE,OADNet_audio,0,7,3.0,0.7,True,0.25,0.08333333333333333,0.38760173320770264,0.7177950739860535,0.15,0.15,0.049999999999999996,0.8092105263157895,0.04093567251461988,0.14385964912280702,0.5405701754385965,0.41896960139274597,0.7470301985740662,0
MDPE,OADNet_audio,0,7,3.0,0.7,True,0.25,0.08333333333333333,0.38760173320770264,0.7177950739860535,0.2,0.2,0.06666666666666667,0.7324561403508771,0.05847953216374269,0.19649122807017544,0.5548245614035088,0.4019777476787567,0.7245092689990997,0
MDPE,OADNet_audio,0,7,3.0,0.7,True,0.25,0.08333333333333333,0.38760173320770264,0.7177950739860535,0.25,0.25,0.08333333333333333,0.6754385964912281,0.07602339181286549,0.24561403508771928,0.5767543859649122,0.38649439811706543,0.7193053364753723,1
MDPE,OADNet_audio,0,7,3.0,0.7,True,0.25,0.08333333333333333,0.38760173320770264,0.7177950739860535,0.3,0.3,0.09999999999999999,0.6008771929824561,0.0935672514619883,0.29473684210526313,0.5899122807017544,0.37247833609580994,0.7184636890888214,0
MDPE,OADNet_audio,0,7,3.0,0.8,True,0.2,0.06666666666666667,0.39445817470550537,0.7194212973117828,0.05,0.05,0.016666666666666666,0.9407894736842105,0.005847953216374269,0.0456140350877193,0.5054824561403509,0.47872233390808105,0.7643902152776718,0
MDPE,OADNet_audio,0,7,3.0,0.8,True,0.2,0.06666666666666667,0.39445817470550537,0.7194212973117828,0.075,0.075,0.024999999999999998,0.9078947368421053,0.017543859649122806,0.07017543859649122,0.5175438596491229,0.4590190649032593,0.7605931013822556,0
MDPE,OADNet_audio,0,7,3.0,0.8,True,0.2,0.06666666666666667,0.39445817470550537,0.7194212973117828,0.1,0.1,0.03333333333333333,0.881578947368421,0.023391812865497075,0.09473684210526316,0.5263157894736842,0.4429837465286255,0.7600959092378616,0
MDPE,OADNet_audio,0,7,3.0,0.8,True,0.2,0.06666666666666667,0.39445817470550537,0.7194212973117828,0.15,0.15,0.049999999999999996,0.8092105263157895,0.04093567251461988,0.14385964912280702,0.5405701754385965,0.41896960139274597,0.7470301985740662,0
MDPE,OADNet_audio,0,7,3.0,0.8,True,0.2,0.06666666666666667,0.39445817470550537,0.7194212973117828,0.2,0.2,0.06666666666666667,0.7324561403508771,0.05847953216374269,0.19649122807017544,0.5548245614035088,0.4019777476787567,0.7245092689990997,1
MDPE,OADNet_audio,0,7,3.0,0.8,True,0.2,0.06666666666666667,0.39445817470550537,0.7194212973117828,0.25,0.25,0.08333333333333333,0.6754385964912281,0.07602339181286549,0.24561403508771928,0.5767543859649122,0.38649439811706543,0.7193053364753723,0
MDPE,OADNet_audio,0,7,3.0,0.8,True,0.2,0.06666666666666667,0.39445817470550537,0.7194212973117828,0.3,0.3,0.09999999999999999,0.6008771929824561,0.0935672514619883,0.29473684210526313,0.5899122807017544,0.37247833609580994,0.7184636890888214,0
MDPE,OADNet_audio,0,42,3.0,0.5,False,0.3,0.09999999999999999,0.38593268394470215,0.7589942961931229,0.05,0.05,0.016666666666666666,0.9429824561403509,0.005847953216374269,0.0456140350877193,0.506578947368421,0.5052416324615479,0.8129721432924271,0
MDPE,OADNet_audio,0,42,3.0,0.5,False,0.3,0.09999999999999999,0.38593268394470215,0.7589942961931229,0.075,0.075,0.024999999999999998,0.8881578947368421,0.017543859649122806,0.07017543859649122,0.5076754385964912,0.4726691246032715,0.790815532207489,0
MDPE,OADNet_audio,0,42,3.0,0.5,False,0.3,0.09999999999999999,0.38593268394470215,0.7589942961931229,0.1,0.1,0.03333333333333333,0.8596491228070176,0.023391812865497075,0.09473684210526316,0.5153508771929824,0.45559751987457275,0.7898636609315872,0
MDPE,OADNet_audio,0,42,3.0,0.5,False,0.3,0.09999999999999999,0.38593268394470215,0.7589942961931229,0.15,0.15,0.049999999999999996,0.7478070175438597,0.04093567251461988,0.14385964912280702,0.5098684210526315,0.4314996302127838,0.7553504854440689,0
MDPE,OADNet_audio,0,42,3.0,0.5,False,0.3,0.09999999999999999,0.38593268394470215,0.7589942961931229,0.2,0.2,0.06666666666666667,0.668859649122807,0.05847953216374269,0.19649122807017544,0.5230263157894737,0.4088493585586548,0.7522588670253754,0
MDPE,OADNet_audio,0,42,3.0,0.5,False,0.3,0.09999999999999999,0.38593268394470215,0.7589942961931229,0.25,0.25,0.08333333333333333,0.6008771929824561,0.07602339181286549,0.24561403508771928,0.5394736842105263,0.39772167801856995,0.7428828179836273,0
MDPE,OADNet_audio,0,42,3.0,0.5,False,0.3,0.09999999999999999,0.38593268394470215,0.7589942961931229,0.3,0.3,0.09999999999999999,0.5372807017543859,0.0935672514619883,0.29473684210526313,0.5581140350877193,0.3838247060775757,0.740185409784317,1
MDPE,OADNet_audio,0,42,3.0,0.6,True,0.3,0.09999999999999999,0.38593268394470215,0.7589942961931229,0.05,0.05,0.016666666666666666,0.9429824561403509,0.005847953216374269,0.0456140350877193,0.506578947368421,0.5052416324615479,0.8129721432924271,0
MDPE,OADNet_audio,0,42,3.0,0.6,True,0.3,0.09999999999999999,0.38593268394470215,0.7589942961931229,0.075,0.075,0.024999999999999998,0.8881578947368421,0.017543859649122806,0.07017543859649122,0.5076754385964912,0.4726691246032715,0.790815532207489,0
MDPE,OADNet_audio,0,42,3.0,0.6,True,0.3,0.09999999999999999,0.38593268394470215,0.7589942961931229,0.1,0.1,0.03333333333333333,0.8596491228070176,0.023391812865497075,0.09473684210526316,0.5153508771929824,0.45559751987457275,0.7898636609315872,0
MDPE,OADNet_audio,0,42,3.0,0.6,True,0.3,0.09999999999999999,0.38593268394470215,0.7589942961931229,0.15,0.15,0.049999999999999996,0.7478070175438597,0.04093567251461988,0.14385964912280702,0.5098684210526315,0.4314996302127838,0.7553504854440689,0
MDPE,OADNet_audio,0,42,3.0,0.6,True,0.3,0.09999999999999999,0.38593268394470215,0.7589942961931229,0.2,0.2,0.06666666666666667,0.668859649122807,0.05847953216374269,0.19649122807017544,0.5230263157894737,0.4088493585586548,0.7522588670253754,0
MDPE,OADNet_audio,0,42,3.0,0.6,True,0.3,0.09999999999999999,0.38593268394470215,0.7589942961931229,0.25,0.25,0.08333333333333333,0.6008771929824561,0.07602339181286549,0.24561403508771928,0.5394736842105263,0.39772167801856995,0.7428828179836273,0
MDPE,OADNet_audio,0,42,3.0,0.6,True,0.3,0.09999999999999999,0.38593268394470215,0.7589942961931229,0.3,0.3,0.09999999999999999,0.5372807017543859,0.0935672514619883,0.29473684210526313,0.5581140350877193,0.3838247060775757,0.740185409784317,1
MDPE,OADNet_audio,0,42,3.0,0.7,True,0.2,0.06666666666666667,0.4097347557544708,0.7744529694318771,0.05,0.05,0.016666666666666666,0.9429824561403509,0.005847953216374269,0.0456140350877193,0.506578947368421,0.5052416324615479,0.8129721432924271,0
MDPE,OADNet_audio,0,42,3.0,0.7,True,0.2,0.06666666666666667,0.4097347557544708,0.7744529694318771,0.075,0.075,0.024999999999999998,0.8881578947368421,0.017543859649122806,0.07017543859649122,0.5076754385964912,0.4726691246032715,0.790815532207489,0
MDPE,OADNet_audio,0,42,3.0,0.7,True,0.2,0.06666666666666667,0.4097347557544708,0.7744529694318771,0.1,0.1,0.03333333333333333,0.8596491228070176,0.023391812865497075,0.09473684210526316,0.5153508771929824,0.45559751987457275,0.7898636609315872,0
MDPE,OADNet_audio,0,42,3.0,0.7,True,0.2,0.06666666666666667,0.4097347557544708,0.7744529694318771,0.15,0.15,0.049999999999999996,0.7478070175438597,0.04093567251461988,0.14385964912280702,0.5098684210526315,0.4314996302127838,0.7553504854440689,0
MDPE,OADNet_audio,0,42,3.0,0.7,True,0.2,0.06666666666666667,0.4097347557544708,0.7744529694318771,0.2,0.2,0.06666666666666667,0.668859649122807,0.05847953216374269,0.19649122807017544,0.5230263157894737,0.4088493585586548,0.7522588670253754,1
MDPE,OADNet_audio,0,42,3.0,0.7,True,0.2,0.06666666666666667,0.4097347557544708,0.7744529694318771,0.25,0.25,0.08333333333333333,0.6008771929824561,0.07602339181286549,0.24561403508771928,0.5394736842105263,0.39772167801856995,0.7428828179836273,0
MDPE,OADNet_audio,0,42,3.0,0.7,True,0.2,0.06666666666666667,0.4097347557544708,0.7744529694318771,0.3,0.3,0.09999999999999999,0.5372807017543859,0.0935672514619883,0.29473684210526313,0.5581140350877193,0.3838247060775757,0.740185409784317,0
MDPE,OADNet_audio,0,42,3.0,0.8,True,0.15,0.049999999999999996,0.4245733618736267,0.7818895429372787,0.05,0.05,0.016666666666666666,0.9429824561403509,0.005847953216374269,0.0456140350877193,0.506578947368421,0.5052416324615479,0.8129721432924271,0
MDPE,OADNet_audio,0,42,3.0,0.8,True,0.15,0.049999999999999996,0.4245733618736267,0.7818895429372787,0.075,0.075,0.024999999999999998,0.8881578947368421,0.017543859649122806,0.07017543859649122,0.5076754385964912,0.4726691246032715,0.790815532207489,0
MDPE,OADNet_audio,0,42,3.0,0.8,True,0.15,0.049999999999999996,0.4245733618736267,0.7818895429372787,0.1,0.1,0.03333333333333333,0.8596491228070176,0.023391812865497075,0.09473684210526316,0.5153508771929824,0.45559751987457275,0.7898636609315872,0
MDPE,OADNet_audio,0,42,3.0,0.8,True,0.15,0.049999999999999996,0.4245733618736267,0.7818895429372787,0.15,0.15,0.049999999999999996,0.7478070175438597,0.04093567251461988,0.14385964912280702,0.5098684210526315,0.4314996302127838,0.7553504854440689,1
MDPE,OADNet_audio,0,42,3.0,0.8,True,0.15,0.049999999999999996,0.4245733618736267,0.7818895429372787,0.2,0.2,0.06666666666666667,0.668859649122807,0.05847953216374269,0.19649122807017544,0.5230263157894737,0.4088493585586548,0.7522588670253754,0
MDPE,OADNet_audio,0,42,3.0,0.8,True,0.15,0.049999999999999996,0.4245733618736267,0.7818895429372787,0.25,0.25,0.08333333333333333,0.6008771929824561,0.07602339181286549,0.24561403508771928,0.5394736842105263,0.39772167801856995,0.7428828179836273,0
MDPE,OADNet_audio,0,42,3.0,0.8,True,0.15,0.049999999999999996,0.4245733618736267,0.7818895429372787,0.3,0.3,0.09999999999999999,0.5372807017543859,0.0935672514619883,0.29473684210526313,0.5581140350877193,0.3838247060775757,0.740185409784317,0
MDPE,OADNet_audio,0,123,3.0,0.5,False,0.3,0.09999999999999999,0.3878403604030609,0.7339372634887695,0.05,0.05,0.016666666666666666,0.9166666666666666,0.005847953216374269,0.0456140350877193,0.4934210526315789,0.49073806405067444,0.7857344150543213,0
MDPE,OADNet_audio,0,123,3.0,0.5,False,0.3,0.09999999999999999,0.3878403604030609,0.7339372634887695,0.075,0.075,0.024999999999999998,0.8574561403508771,0.017543859649122806,0.07017543859649122,0.4923245614035088,0.4802635908126831,0.7656036466360092,0
MDPE,OADNet_audio,0,123,3.0,0.5,False,0.3,0.09999999999999999,0.3878403604030609,0.7339372634887695,0.1,0.1,0.03333333333333333,0.8157894736842105,0.023391812865497075,0.09473684210526316,0.4934210526315789,0.4591616988182068,0.7645582854747772,0
MDPE,OADNet_audio,0,123,3.0,0.5,False,0.3,0.09999999999999999,0.3878403604030609,0.7339372634887695,0.15,0.15,0.049999999999999996,0.7543859649122807,0.04093567251461988,0.14385964912280702,0.5131578947368421,0.4327683448791504,0.7600435614585876,0
MDPE,OADNet_audio,0,123,3.0,0.5,False,0.3,0.09999999999999999,0.3878403604030609,0.7339372634887695,0.2,0.2,0.06666666666666667,0.6951754385964912,0.05847953216374269,0.19649122807017544,0.5361842105263158,0.4158613681793213,0.7553372234106064,0
MDPE,OADNet_audio,0,123,3.0,0.5,False,0.3,0.09999999999999999,0.3878403604030609,0.7339372634887695,0.25,0.25,0.08333333333333333,0.625,0.07602339181286549,0.24561403508771928,0.5515350877192983,0.39641517400741577,0.751133069396019,0
MDPE,OADNet_audio,0,123,3.0,0.5,False,0.3,0.09999999999999999,0.3878403604030609,0.7339372634887695,0.3,0.3,0.09999999999999999,0.5460526315789473,0.0935672514619883,0.29473684210526313,0.5625,0.3828062415122986,0.7393421828746796,1
MDPE,OADNet_audio,0,123,3.0,0.6,True,0.3,0.09999999999999999,0.3878403604030609,0.7339372634887695,0.05,0.05,0.016666666666666666,0.9166666666666666,0.005847953216374269,0.0456140350877193,0.4934210526315789,0.49073806405067444,0.7857344150543213,0
MDPE,OADNet_audio,0,123,3.0,0.6,True,0.3,0.09999999999999999,0.3878403604030609,0.7339372634887695,0.075,0.075,0.024999999999999998,0.8574561403508771,0.017543859649122806,0.07017543859649122,0.4923245614035088,0.4802635908126831,0.7656036466360092,0
MDPE,OADNet_audio,0,123,3.0,0.6,True,0.3,0.09999999999999999,0.3878403604030609,0.7339372634887695,0.1,0.1,0.03333333333333333,0.8157894736842105,0.023391812865497075,0.09473684210526316,0.4934210526315789,0.4591616988182068,0.7645582854747772,0
MDPE,OADNet_audio,0,123,3.0,0.6,True,0.3,0.09999999999999999,0.3878403604030609,0.7339372634887695,0.15,0.15,0.049999999999999996,0.7543859649122807,0.04093567251461988,0.14385964912280702,0.5131578947368421,0.4327683448791504,0.7600435614585876,0
MDPE,OADNet_audio,0,123,3.0,0.6,True,0.3,0.09999999999999999,0.3878403604030609,0.7339372634887695,0.2,0.2,0.06666666666666667,0.6951754385964912,0.05847953216374269,0.19649122807017544,0.5361842105263158,0.4158613681793213,0.7553372234106064,0
MDPE,OADNet_audio,0,123,3.0,0.6,True,0.3,0.09999999999999999,0.3878403604030609,0.7339372634887695,0.25,0.25,0.08333333333333333,0.625,0.07602339181286549,0.24561403508771928,0.5515350877192983,0.39641517400741577,0.751133069396019,0
MDPE,OADNet_audio,0,123,3.0,0.6,True,0.3,0.09999999999999999,0.3878403604030609,0.7339372634887695,0.3,0.3,0.09999999999999999,0.5460526315789473,0.0935672514619883,0.29473684210526313,0.5625,0.3828062415122986,0.7393421828746796,1
MDPE,OADNet_audio,0,123,3.0,0.7,True,0.2,0.06666666666666667,0.41607072949409485,0.7794181406497955,0.05,0.05,0.016666666666666666,0.9166666666666666,0.005847953216374269,0.0456140350877193,0.4934210526315789,0.49073806405067444,0.7857344150543213,0
MDPE,OADNet_audio,0,123,3.0,0.7,True,0.2,0.06666666666666667,0.41607072949409485,0.7794181406497955,0.075,0.075,0.024999999999999998,0.8574561403508771,0.017543859649122806,0.07017543859649122,0.4923245614035088,0.4802635908126831,0.7656036466360092,0
MDPE,OADNet_audio,0,123,3.0,0.7,True,0.2,0.06666666666666667,0.41607072949409485,0.7794181406497955,0.1,0.1,0.03333333333333333,0.8157894736842105,0.023391812865497075,0.09473684210526316,0.4934210526315789,0.4591616988182068,0.7645582854747772,0
MDPE,OADNet_audio,0,123,3.0,0.7,True,0.2,0.06666666666666667,0.41607072949409485,0.7794181406497955,0.15,0.15,0.049999999999999996,0.7543859649122807,0.04093567251461988,0.14385964912280702,0.5131578947368421,0.4327683448791504,0.7600435614585876,0
MDPE,OADNet_audio,0,123,3.0,0.7,True,0.2,0.06666666666666667,0.41607072949409485,0.7794181406497955,0.2,0.2,0.06666666666666667,0.6951754385964912,0.05847953216374269,0.19649122807017544,0.5361842105263158,0.4158613681793213,0.7553372234106064,1
MDPE,OADNet_audio,0,123,3.0,0.7,True,0.2,0.06666666666666667,0.41607072949409485,0.7794181406497955,0.25,0.25,0.08333333333333333,0.625,0.07602339181286549,0.24561403508771928,0.5515350877192983,0.39641517400741577,0.751133069396019,0
MDPE,OADNet_audio,0,123,3.0,0.7,True,0.2,0.06666666666666667,0.41607072949409485,0.7794181406497955,0.3,0.3,0.09999999999999999,0.5460526315789473,0.0935672514619883,0.29473684210526313,0.5625,0.3828062415122986,0.7393421828746796,0
MDPE,OADNet_audio,0,123,3.0,0.8,True,0.15,0.049999999999999996,0.4343201816082001,0.787458062171936,0.05,0.05,0.016666666666666666,0.9166666666666666,0.005847953216374269,0.0456140350877193,0.4934210526315789,0.49073806405067444,0.7857344150543213,0
MDPE,OADNet_audio,0,123,3.0,0.8,True,0.15,0.049999999999999996,0.4343201816082001,0.787458062171936,0.075,0.075,0.024999999999999998,0.8574561403508771,0.017543859649122806,0.07017543859649122,0.4923245614035088,0.4802635908126831,0.7656036466360092,0
MDPE,OADNet_audio,0,123,3.0,0.8,True,0.15,0.049999999999999996,0.4343201816082001,0.787458062171936,0.1,0.1,0.03333333333333333,0.8157894736842105,0.023391812865497075,0.09473684210526316,0.4934210526315789,0.4591616988182068,0.7645582854747772,0
MDPE,OADNet_audio,0,123,3.0,0.8,True,0.15,0.049999999999999996,0.4343201816082001,0.787458062171936,0.15,0.15,0.049999999999999996,0.7543859649122807,0.04093567251461988,0.14385964912280702,0.5131578947368421,0.4327683448791504,0.7600435614585876,1
MDPE,OADNet_audio,0,123,3.0,0.8,True,0.15,0.049999999999999996,0.4343201816082001,0.787458062171936,0.2,0.2,0.06666666666666667,0.6951754385964912,0.05847953216374269,0.19649122807017544,0.5361842105263158,0.4158613681793213,0.7553372234106064,0
MDPE,OADNet_audio,0,123,3.0,0.8,True,0.15,0.049999999999999996,0.4343201816082001,0.787458062171936,0.25,0.25,0.08333333333333333,0.625,0.07602339181286549,0.24561403508771928,0.5515350877192983,0.39641517400741577,0.751133069396019,0
MDPE,OADNet_audio,0,123,3.0,0.8,True,0.15,0.049999999999999996,0.4343201816082001,0.787458062171936,0.3,0.3,0.09999999999999999,0.5460526315789473,0.0935672514619883,0.29473684210526313,0.5625,0.3828062415122986,0.7393421828746796,0
MDPE,OADNet_audio,0,2024,3.0,0.5,False,0.3,0.09999999999999999,0.36376816034317017,0.7461063265800476,0.05,0.05,0.016666666666666666,0.9210526315789473,0.005847953216374269,0.0456140350877193,0.4956140350877193,0.44837653636932373,0.7679663598537445,0
MDPE,OADNet_audio,0,2024,3.0,0.5,False,0.3,0.09999999999999999,0.36376816034317017,0.7461063265800476,0.075,0.075,0.024999999999999998,0.8508771929824561,0.017543859649122806,0.07017543859649122,0.48903508771929827,0.43634119629859924,0.7474099695682526,0
MDPE,OADNet_audio,0,2024,3.0,0.5,False,0.3,0.09999999999999999,0.36376816034317017,0.7461063265800476,0.1,0.1,0.03333333333333333,0.8223684210526315,0.023391812865497075,0.09473684210526316,0.4967105263157895,0.4274529814720154,0.7435953915119171,0
MDPE,OADNet_audio,0,2024,3.0,0.5,False,0.3,0.09999999999999999,0.36376816034317017,0.7461063265800476,0.15,0.15,0.049999999999999996,0.7653508771929824,0.04093567251461988,0.14385964912280702,0.518640350877193,0.4178599715232849,0.7393006384372711,0
MDPE,OADNet_audio,0,2024,3.0,0.5,False,0.3,0.09999999999999999,0.36376816034317017,0.7461063265800476,0.2,0.2,0.06666666666666667,0.6885964912280702,0.05847953216374269,0.19649122807017544,0.5328947368421053,0.39959800243377686,0.7344557642936707,0
MDPE,OADNet_audio,0,2024,3.0,0.5,False,0.3,0.09999999999999999,0.36376816034317017,0.7461063265800476,0.25,0.25,0.08333333333333333,0.6206140350877193,0.07602339181286549,0.24561403508771928,0.5493421052631579,0.3934895396232605,0.7288731634616852,0
MDPE,OADNet_audio,0,2024,3.0,0.5,False,0.3,0.09999999999999999,0.36376816034317017,0.7461063265800476,0.3,0.3,0.09999999999999999,0.5592105263157895,0.0935672514619883,0.29473684210526313,0.569078947368421,0.38671573996543884,0.7234186828136444,1
MDPE,OADNet_audio,0,2024,3.0,0.6,True,0.3,0.09999999999999999,0.36376816034317017,0.7461063265800476,0.05,0.05,0.016666666666666666,0.9210526315789473,0.005847953216374269,0.0456140350877193,0.4956140350877193,0.44837653636932373,0.7679663598537445,0
MDPE,OADNet_audio,0,2024,3.0,0.6,True,0.3,0.09999999999999999,0.36376816034317017,0.7461063265800476,0.075,0.075,0.024999999999999998,0.8508771929824561,0.017543859649122806,0.07017543859649122,0.48903508771929827,0.43634119629859924,0.7474099695682526,0
MDPE,OADNet_audio,0,2024,3.0,0.6,True,0.3,0.09999999999999999,0.36376816034317017,0.7461063265800476,0.1,0.1,0.03333333333333333,0.8223684210526315,0.023391812865497075,0.09473684210526316,0.4967105263157895,0.4274529814720154,0.7435953915119171,0
MDPE,OADNet_audio,0,2024,3.0,0.6,True,0.3,0.09999999999999999,0.36376816034317017,0.7461063265800476,0.15,0.15,0.049999999999999996,0.7653508771929824,0.04093567251461988,0.14385964912280702,0.518640350877193,0.4178599715232849,0.7393006384372711,0
MDPE,OADNet_audio,0,2024,3.0,0.6,True,0.3,0.09999999999999999,0.36376816034317017,0.7461063265800476,0.2,0.2,0.06666666666666667,0.6885964912280702,0.05847953216374269,0.19649122807017544,0.5328947368421053,0.39959800243377686,0.7344557642936707,0
MDPE,OADNet_audio,0,2024,3.0,0.6,True,0.3,0.09999999999999999,0.36376816034317017,0.7461063265800476,0.25,0.25,0.08333333333333333,0.6206140350877193,0.07602339181286549,0.24561403508771928,0.5493421052631579,0.3934895396232605,0.7288731634616852,0
MDPE,OADNet_audio,0,2024,3.0,0.6,True,0.3,0.09999999999999999,0.36376816034317017,0.7461063265800476,0.3,0.3,0.09999999999999999,0.5592105263157895,0.0935672514619883,0.29473684210526313,0.569078947368421,0.38671573996543884,0.7234186828136444,1
MDPE,OADNet_audio,0,2024,3.0,0.7,True,0.2,0.06666666666666667,0.38115355372428894,0.7603053450584412,0.05,0.05,0.016666666666666666,0.9210526315789473,0.005847953216374269,0.0456140350877193,0.4956140350877193,0.44837653636932373,0.7679663598537445,0
MDPE,OADNet_audio,0,2024,3.0,0.7,True,0.2,0.06666666666666667,0.38115355372428894,0.7603053450584412,0.075,0.075,0.024999999999999998,0.8508771929824561,0.017543859649122806,0.07017543859649122,0.48903508771929827,0.43634119629859924,0.7474099695682526,0
MDPE,OADNet_audio,0,2024,3.0,0.7,True,0.2,0.06666666666666667,0.38115355372428894,0.7603053450584412,0.1,0.1,0.03333333333333333,0.8223684210526315,0.023391812865497075,0.09473684210526316,0.4967105263157895,0.4274529814720154,0.7435953915119171,0
MDPE,OADNet_audio,0,2024,3.0,0.7,True,0.2,0.06666666666666667,0.38115355372428894,0.7603053450584412,0.15,0.15,0.049999999999999996,0.7653508771929824,0.04093567251461988,0.14385964912280702,0.518640350877193,0.4178599715232849,0.7393006384372711,0
MDPE,OADNet_audio,0,2024,3.0,0.7,True,0.2,0.06666666666666667,0.38115355372428894,0.7603053450584412,0.2,0.2,0.06666666666666667,0.6885964912280702,0.05847953216374269,0.19649122807017544,0.5328947368421053,0.39959800243377686,0.7344557642936707,1
MDPE,OADNet_audio,0,2024,3.0,0.7,True,0.2,0.06666666666666667,0.38115355372428894,0.7603053450584412,0.25,0.25,0.08333333333333333,0.6206140350877193,0.07602339181286549,0.24561403508771928,0.5493421052631579,0.3934895396232605,0.7288731634616852,0
MDPE,OADNet_audio,0,2024,3.0,0.7,True,0.2,0.06666666666666667,0.38115355372428894,0.7603053450584412,0.3,0.3,0.09999999999999999,0.5592105263157895,0.0935672514619883,0.29473684210526313,0.569078947368421,0.38671573996543884,0.7234186828136444,0
MDPE,OADNet_audio,0,2024,3.0,0.8,True,0.15,0.049999999999999996,0.39135807752609253,0.7754548043012619,0.05,0.05,0.016666666666666666,0.9210526315789473,0.005847953216374269,0.0456140350877193,0.4956140350877193,0.44837653636932373,0.7679663598537445,0
MDPE,OADNet_audio,0,2024,3.0,0.8,True,0.15,0.049999999999999996,0.39135807752609253,0.7754548043012619,0.075,0.075,0.024999999999999998,0.8508771929824561,0.017543859649122806,0.07017543859649122,0.48903508771929827,0.43634119629859924,0.7474099695682526,0
MDPE,OADNet_audio,0,2024,3.0,0.8,True,0.15,0.049999999999999996,0.39135807752609253,0.7754548043012619,0.1,0.1,0.03333333333333333,0.8223684210526315,0.023391812865497075,0.09473684210526316,0.4967105263157895,0.4274529814720154,0.7435953915119171,0
MDPE,OADNet_audio,0,2024,3.0,0.8,True,0.15,0.049999999999999996,0.39135807752609253,0.7754548043012619,0.15,0.15,0.049999999999999996,0.7653508771929824,0.04093567251461988,0.14385964912280702,0.518640350877193,0.4178599715232849,0.7393006384372711,1
MDPE,OADNet_audio,0,2024,3.0,0.8,True,0.15,0.049999999999999996,0.39135807752609253,0.7754548043012619,0.2,0.2,0.06666666666666667,0.6885964912280702,0.05847953216374269,0.19649122807017544,0.5328947368421053,0.39959800243377686,0.7344557642936707,0
MDPE,OADNet_audio,0,2024,3.0,0.8,True,0.15,0.049999999999999996,0.39135807752609253,0.7754548043012619,0.25,0.25,0.08333333333333333,0.6206140350877193,0.07602339181286549,0.24561403508771928,0.5493421052631579,0.3934895396232605,0.7288731634616852,0
MDPE,OADNet_audio,0,2024,3.0,0.8,True,0.15,0.049999999999999996,0.39135807752609253,0.7754548043012619,0.3,0.3,0.09999999999999999,0.5592105263157895,0.0935672514619883,0.29473684210526313,0.569078947368421,0.38671573996543884,0.7234186828136444,0
MDPE,OADNet_audio,0,2026,3.0,0.5,False,0.3,0.09999999999999999,0.3739565312862396,0.720882922410965,0.05,0.05,0.016666666666666666,0.9429824561403509,0.005847953216374269,0.0456140350877193,0.506578947368421,0.4491936266422272,0.7726164609193802,0
MDPE,OADNet_audio,0,2026,3.0,0.5,False,0.3,0.09999999999999999,0.3739565312862396,0.720882922410965,0.075,0.075,0.024999999999999998,0.9166666666666666,0.017543859649122806,0.07017543859649122,0.5219298245614035,0.44280657172203064,0.7669154703617096,0
MDPE,OADNet_audio,0,2026,3.0,0.5,False,0.3,0.09999999999999999,0.3739565312862396,0.720882922410965,0.1,0.1,0.03333333333333333,0.8793859649122807,0.023391812865497075,0.09473684210526316,0.5252192982456141,0.4338968098163605,0.7619502991437912,0
MDPE,OADNet_audio,0,2026,3.0,0.5,False,0.3,0.09999999999999999,0.3739565312862396,0.720882922410965,0.15,0.15,0.049999999999999996,0.8092105263157895,0.04093567251461988,0.14385964912280702,0.5405701754385965,0.4208235740661621,0.7587052136659622,0
MDPE,OADNet_audio,0,2026,3.0,0.5,False,0.3,0.09999999999999999,0.3739565312862396,0.720882922410965,0.2,0.2,0.06666666666666667,0.7412280701754386,0.05847953216374269,0.19649122807017544,0.5592105263157895,0.4111943244934082,0.747437059879303,0
MDPE,OADNet_audio,0,2026,3.0,0.5,False,0.3,0.09999999999999999,0.3739565312862396,0.720882922410965,0.25,0.25,0.08333333333333333,0.668859649122807,0.07602339181286549,0.24561403508771928,0.5734649122807017,0.3986680805683136,0.7439511716365814,0
MDPE,OADNet_audio,0,2026,3.0,0.5,False,0.3,0.09999999999999999,0.3739565312862396,0.720882922410965,0.3,0.3,0.09999999999999999,0.6074561403508771,0.0935672514619883,0.29473684210526313,0.5932017543859649,0.38674983382225037,0.74004727602005,1
MDPE,OADNet_audio,0,2026,3.0,0.6,False,0.3,0.09999999999999999,0.3739565312862396,0.720882922410965,0.05,0.05,0.016666666666666666,0.9429824561403509,0.005847953216374269,0.0456140350877193,0.506578947368421,0.4491936266422272,0.7726164609193802,0
MDPE,OADNet_audio,0,2026,3.0,0.6,False,0.3,0.09999999999999999,0.3739565312862396,0.720882922410965,0.075,0.075,0.024999999999999998,0.9166666666666666,0.017543859649122806,0.07017543859649122,0.5219298245614035,0.44280657172203064,0.7669154703617096,0
MDPE,OADNet_audio,0,2026,3.0,0.6,False,0.3,0.09999999999999999,0.3739565312862396,0.720882922410965,0.1,0.1,0.03333333333333333,0.8793859649122807,0.023391812865497075,0.09473684210526316,0.5252192982456141,0.4338968098163605,0.7619502991437912,0
MDPE,OADNet_audio,0,2026,3.0,0.6,False,0.3,0.09999999999999999,0.3739565312862396,0.720882922410965,0.15,0.15,0.049999999999999996,0.8092105263157895,0.04093567251461988,0.14385964912280702,0.5405701754385965,0.4208235740661621,0.7587052136659622,0
MDPE,OADNet_audio,0,2026,3.0,0.6,False,0.3,0.09999999999999999,0.3739565312862396,0.720882922410965,0.2,0.2,0.06666666666666667,0.7412280701754386,0.05847953216374269,0.19649122807017544,0.5592105263157895,0.4111943244934082,0.747437059879303,0
MDPE,OADNet_audio,0,2026,3.0,0.6,False,0.3,0.09999999999999999,0.3739565312862396,0.720882922410965,0.25,0.25,0.08333333333333333,0.668859649122807,0.07602339181286549,0.24561403508771928,0.5734649122807017,0.3986680805683136,0.7439511716365814,0
MDPE,OADNet_audio,0,2026,3.0,0.6,False,0.3,0.09999999999999999,0.3739565312862396,0.720882922410965,0.3,0.3,0.09999999999999999,0.6074561403508771,0.0935672514619883,0.29473684210526313,0.5932017543859649,0.38674983382225037,0.74004727602005,1
MDPE,OADNet_audio,0,2026,3.0,0.7,True,0.25,0.08333333333333333,0.37962186336517334,0.7261115610599518,0.05,0.05,0.016666666666666666,0.9429824561403509,0.005847953216374269,0.0456140350877193,0.506578947368421,0.4491936266422272,0.7726164609193802,0
MDPE,OADNet_audio,0,2026,3.0,0.7,True,0.25,0.08333333333333333,0.37962186336517334,0.7261115610599518,0.075,0.075,0.024999999999999998,0.9166666666666666,0.017543859649122806,0.07017543859649122,0.5219298245614035,0.44280657172203064,0.7669154703617096,0
MDPE,OADNet_audio,0,2026,3.0,0.7,True,0.25,0.08333333333333333,0.37962186336517334,0.7261115610599518,0.1,0.1,0.03333333333333333,0.8793859649122807,0.023391812865497075,0.09473684210526316,0.5252192982456141,0.4338968098163605,0.7619502991437912,0
MDPE,OADNet_audio,0,2026,3.0,0.7,True,0.25,0.08333333333333333,0.37962186336517334,0.7261115610599518,0.15,0.15,0.049999999999999996,0.8092105263157895,0.04093567251461988,0.14385964912280702,0.5405701754385965,0.4208235740661621,0.7587052136659622,0
MDPE,OADNet_audio,0,2026,3.0,0.7,True,0.25,0.08333333333333333,0.37962186336517334,0.7261115610599518,0.2,0.2,0.06666666666666667,0.7412280701754386,0.05847953216374269,0.19649122807017544,0.5592105263157895,0.4111943244934082,0.747437059879303,0
MDPE,OADNet_audio,0,2026,3.0,0.7,True,0.25,0.08333333333333333,0.37962186336517334,0.7261115610599518,0.25,0.25,0.08333333333333333,0.668859649122807,0.07602339181286549,0.24561403508771928,0.5734649122807017,0.3986680805683136,0.7439511716365814,1
MDPE,OADNet_audio,0,2026,3.0,0.7,True,0.25,0.08333333333333333,0.37962186336517334,0.7261115610599518,0.3,0.3,0.09999999999999999,0.6074561403508771,0.0935672514619883,0.29473684210526313,0.5932017543859649,0.38674983382225037,0.74004727602005,0
MDPE,OADNet_audio,0,2026,3.0,0.8,True,0.2,0.06666666666666667,0.3843343257904053,0.7317582368850708,0.05,0.05,0.016666666666666666,0.9429824561403509,0.005847953216374269,0.0456140350877193,0.506578947368421,0.4491936266422272,0.7726164609193802,0
MDPE,OADNet_audio,0,2026,3.0,0.8,True,0.2,0.06666666666666667,0.3843343257904053,0.7317582368850708,0.075,0.075,0.024999999999999998,0.9166666666666666,0.017543859649122806,0.07017543859649122,0.5219298245614035,0.44280657172203064,0.7669154703617096,0
MDPE,OADNet_audio,0,2026,3.0,0.8,True,0.2,0.06666666666666667,0.3843343257904053,0.7317582368850708,0.1,0.1,0.03333333333333333,0.8793859649122807,0.023391812865497075,0.09473684210526316,0.5252192982456141,0.4338968098163605,0.7619502991437912,0
MDPE,OADNet_audio,0,2026,3.0,0.8,True,0.2,0.06666666666666667,0.3843343257904053,0.7317582368850708,0.15,0.15,0.049999999999999996,0.8092105263157895,0.04093567251461988,0.14385964912280702,0.5405701754385965,0.4208235740661621,0.7587052136659622,0
MDPE,OADNet_audio,0,2026,3.0,0.8,True,0.2,0.06666666666666667,0.3843343257904053,0.7317582368850708,0.2,0.2,0.06666666666666667,0.7412280701754386,0.05847953216374269,0.19649122807017544,0.5592105263157895,0.4111943244934082,0.747437059879303,1
MDPE,OADNet_audio,0,2026,3.0,0.8,True,0.2,0.06666666666666667,0.3843343257904053,0.7317582368850708,0.25,0.25,0.08333333333333333,0.668859649122807,0.07602339181286549,0.24561403508771928,0.5734649122807017,0.3986680805683136,0.7439511716365814,0
MDPE,OADNet_audio,0,2026,3.0,0.8,True,0.2,0.06666666666666667,0.3843343257904053,0.7317582368850708,0.3,0.3,0.09999999999999999,0.6074561403508771,0.0935672514619883,0.29473684210526313,0.5932017543859649,0.38674983382225037,0.74004727602005,0
MDPE,OADNet_audio,1,7,3.0,0.5,False,0.3,0.09999999999999999,0.39660418033599854,0.712235152721405,0.05,0.05,0.016666666666666666,0.9078947368421053,0.005847953216374269,0.0456140350877193,0.48903508771929827,0.4353789687156677,0.7482900619506836,0
MDPE,OADNet_audio,1,7,3.0,0.5,False,0.3,0.09999999999999999,0.39660418033599854,0.712235152721405,0.075,0.075,0.024999999999999998,0.8771929824561403,0.017543859649122806,0.07017543859649122,0.5021929824561403,0.4260125756263733,0.7441836595535278,0
MDPE,OADNet_audio,1,7,3.0,0.5,False,0.3,0.09999999999999999,0.39660418033599854,0.712235152721405,0.1,0.1,0.03333333333333333,0.8179824561403509,0.023391812865497075,0.09473684210526316,0.49451754385964913,0.41307318210601807,0.7342176735401154,0
MDPE,OADNet_audio,1,7,3.0,0.5,False,0.3,0.09999999999999999,0.39660418033599854,0.712235152721405,0.15,0.15,0.049999999999999996,0.7368421052631579,0.04093567251461988,0.14385964912280702,0.5043859649122807,0.40239211916923523,0.720897376537323,0
MDPE,OADNet_audio,1,7,3.0,0.5,False,0.3,0.09999999999999999,0.39660418033599854,0.712235152721405,0.2,0.2,0.06666666666666667,0.6469298245614035,0.05847953216374269,0.19649122807017544,0.5120614035087719,0.3874312937259674,0.7145694494247437,0
MDPE,OADNet_audio,1,7,3.0,0.5,False,0.3,0.09999999999999999,0.39660418033599854,0.712235152721405,0.25,0.25,0.08333333333333333,0.5833333333333334,0.07602339181286549,0.24561403508771928,0.5307017543859649,0.38043394684791565,0.7108054459095001,0
MDPE,OADNet_audio,1,7,3.0,0.5,False,0.3,0.09999999999999999,0.39660418033599854,0.712235152721405,0.3,0.3,0.09999999999999999,0.5043859649122807,0.0935672514619883,0.29473684210526313,0.5416666666666666,0.3692281246185303,0.7076662182807922,1
MDPE,OADNet_audio,1,7,3.0,0.6,True,0.25,0.08333333333333333,0.409943163394928,0.723461776971817,0.05,0.05,0.016666666666666666,0.9078947368421053,0.005847953216374269,0.0456140350877193,0.48903508771929827,0.4353789687156677,0.7482900619506836,0
MDPE,OADNet_audio,1,7,3.0,0.6,True,0.25,0.08333333333333333,0.409943163394928,0.723461776971817,0.075,0.075,0.024999999999999998,0.8771929824561403,0.017543859649122806,0.07017543859649122,0.5021929824561403,0.4260125756263733,0.7441836595535278,0
MDPE,OADNet_audio,1,7,3.0,0.6,True,0.25,0.08333333333333333,0.409943163394928,0.723461776971817,0.1,0.1,0.03333333333333333,0.8179824561403509,0.023391812865497075,0.09473684210526316,0.49451754385964913,0.41307318210601807,0.7342176735401154,0
MDPE,OADNet_audio,1,7,3.0,0.6,True,0.25,0.08333333333333333,0.409943163394928,0.723461776971817,0.15,0.15,0.049999999999999996,0.7368421052631579,0.04093567251461988,0.14385964912280702,0.5043859649122807,0.40239211916923523,0.720897376537323,0
MDPE,OADNet_audio,1,7,3.0,0.6,True,0.25,0.08333333333333333,0.409943163394928,0.723461776971817,0.2,0.2,0.06666666666666667,0.6469298245614035,0.05847953216374269,0.19649122807017544,0.5120614035087719,0.3874312937259674,0.7145694494247437,0
MDPE,OADNet_audio,1,7,3.0,0.6,True,0.25,0.08333333333333333,0.409943163394928,0.723461776971817,0.25,0.25,0.08333333333333333,0.5833333333333334,0.07602339181286549,0.24561403508771928,0.5307017543859649,0.38043394684791565,0.7108054459095001,1
MDPE,OADNet_audio,1,7,3.0,0.6,True,0.25,0.08333333333333333,0.409943163394928,0.723461776971817,0.3,0.3,0.09999999999999999,0.5043859649122807,0.0935672514619883,0.29473684210526313,0.5416666666666666,0.3692281246185303,0.7076662182807922,0
MDPE,OADNet_audio,1,7,3.0,0.7,True,0.2,0.06666666666666667,0.42012372612953186,0.728773832321167,0.05,0.05,0.016666666666666666,0.9078947368421053,0.005847953216374269,0.0456140350877193,0.48903508771929827,0.4353789687156677,0.7482900619506836,0
MDPE,OADNet_audio,1,7,3.0,0.7,True,0.2,0.06666666666666667,0.42012372612953186,0.728773832321167,0.075,0.075,0.024999999999999998,0.8771929824561403,0.017543859649122806,0.07017543859649122,0.5021929824561403,0.4260125756263733,0.7441836595535278,0
MDPE,OADNet_audio,1,7,3.0,0.7,True,0.2,0.06666666666666667,0.42012372612953186,0.728773832321167,0.1,0.1,0.03333333333333333,0.8179824561403509,0.023391812865497075,0.09473684210526316,0.49451754385964913,0.41307318210601807,0.7342176735401154,0
MDPE,OADNet_audio,1,7,3.0,0.7,True,0.2,0.06666666666666667,0.42012372612953186,0.728773832321167,0.15,0.15,0.049999999999999996,0.7368421052631579,0.04093567251461988,0.14385964912280702,0.5043859649122807,0.40239211916923523,0.720897376537323,0
MDPE,OADNet_audio,1,7,3.0,0.7,True,0.2,0.06666666666666667,0.42012372612953186,0.728773832321167,0.2,0.2,0.06666666666666667,0.6469298245614035,0.05847953216374269,0.19649122807017544,0.5120614035087719,0.3874312937259674,0.7145694494247437,1
MDPE,OADNet_audio,1,7,3.0,0.7,True,0.2,0.06666666666666667,0.42012372612953186,0.728773832321167,0.25,0.25,0.08333333333333333,0.5833333333333334,0.07602339181286549,0.24561403508771928,0.5307017543859649,0.38043394684791565,0.7108054459095001,0
MDPE,OADNet_audio,1,7,3.0,0.7,True,0.2,0.06666666666666667,0.42012372612953186,0.728773832321167,0.3,0.3,0.09999999999999999,0.5043859649122807,0.0935672514619883,0.29473684210526313,0.5416666666666666,0.3692281246185303,0.7076662182807922,0
MDPE,OADNet_audio,1,7,3.0,0.8,True,0.15,0.049999999999999996,0.4292464256286621,0.733095109462738,0.05,0.05,0.016666666666666666,0.9078947368421053,0.005847953216374269,0.0456140350877193,0.48903508771929827,0.4353789687156677,0.7482900619506836,0
MDPE,OADNet_audio,1,7,3.0,0.8,True,0.15,0.049999999999999996,0.4292464256286621,0.733095109462738,0.075,0.075,0.024999999999999998,0.8771929824561403,0.017543859649122806,0.07017543859649122,0.5021929824561403,0.4260125756263733,0.7441836595535278,0
MDPE,OADNet_audio,1,7,3.0,0.8,True,0.15,0.049999999999999996,0.4292464256286621,0.733095109462738,0.1,0.1,0.03333333333333333,0.8179824561403509,0.023391812865497075,0.09473684210526316,0.49451754385964913,0.41307318210601807,0.7342176735401154,0
MDPE,OADNet_audio,1,7,3.0,0.8,True,0.15,0.049999999999999996,0.4292464256286621,0.733095109462738,0.15,0.15,0.049999999999999996,0.7368421052631579,0.04093567251461988,0.14385964912280702,0.5043859649122807,0.40239211916923523,0.720897376537323,1
MDPE,OADNet_audio,1,7,3.0,0.8,True,0.15,0.049999999999999996,0.4292464256286621,0.733095109462738,0.2,0.2,0.06666666666666667,0.6469298245614035,0.05847953216374269,0.19649122807017544,0.5120614035087719,0.3874312937259674,0.7145694494247437,0
MDPE,OADNet_audio,1,7,3.0,0.8,True,0.15,0.049999999999999996,0.4292464256286621,0.733095109462738,0.25,0.25,0.08333333333333333,0.5833333333333334,0.07602339181286549,0.24561403508771928,0.5307017543859649,0.38043394684791565,0.7108054459095001,0
MDPE,OADNet_audio,1,7,3.0,0.8,True,0.15,0.049999999999999996,0.4292464256286621,0.733095109462738,0.3,0.3,0.09999999999999999,0.5043859649122807,0.0935672514619883,0.29473684210526313,0.5416666666666666,0.3692281246185303,0.7076662182807922,0
MDPE,OADNet_audio,1,42,3.0,0.5,False,0.3,0.09999999999999999,0.42064860463142395,0.6902336776256561,0.05,0.05,0.016666666666666666,0.9232456140350878,0.005847953216374269,0.0456140350877193,0.4967105263157895,0.49145591259002686,0.7293270528316498,0
MDPE,OADNet_audio,1,42,3.0,0.5,False,0.3,0.09999999999999999,0.42064860463142395,0.6902336776256561,0.075,0.075,0.024999999999999998,0.8903508771929824,0.017543859649122806,0.07017543859649122,0.5087719298245614,0.47908076643943787,0.725110799074173,0
MDPE,OADNet_audio,1,42,3.0,0.5,False,0.3,0.09999999999999999,0.42064860463142395,0.6902336776256561,0.1,0.1,0.03333333333333333,0.8618421052631579,0.023391812865497075,0.09473684210526316,0.5164473684210527,0.474065363407135,0.7219507992267609,0
MDPE,OADNet_audio,1,42,3.0,0.5,False,0.3,0.09999999999999999,0.42064860463142395,0.6902336776256561,0.15,0.15,0.049999999999999996,0.7741228070175439,0.04093567251461988,0.14385964912280702,0.5230263157894737,0.45150431990623474,0.7145108580589294,0
MDPE,OADNet_audio,1,42,3.0,0.5,False,0.3,0.09999999999999999,0.42064860463142395,0.6902336776256561,0.2,0.2,0.06666666666666667,0.6929824561403509,0.05847953216374269,0.19649122807017544,0.5350877192982456,0.439195454120636,0.7095048129558563,0
MDPE,OADNet_audio,1,42,3.0,0.5,False,0.3,0.09999999999999999,0.42064860463142395,0.6902336776256561,0.25,0.25,0.08333333333333333,0.6337719298245614,0.07602339181286549,0.24561403508771928,0.555921052631579,0.4226798415184021,0.7037291526794434,0
MDPE,OADNet_audio,1,42,3.0,0.5,False,0.3,0.09999999999999999,0.42064860463142395,0.6902336776256561,0.3,0.3,0.09999999999999999,0.5570175438596491,0.0935672514619883,0.29473684210526313,0.5679824561403509,0.41387423872947693,0.6995201110839844,1
MDPE,OADNet_audio,1,42,3.0,0.6,True,0.3,0.09999999999999999,0.42064860463142395,0.6902336776256561,0.05,0.05,0.016666666666666666,0.9232456140350878,0.005847953216374269,0.0456140350877193,0.4967105263157895,0.49145591259002686,0.7293270528316498,0
MDPE,OADNet_audio,1,42,3.0,0.6,True,0.3,0.09999999999999999,0.42064860463142395,0.6902336776256561,0.075,0.075,0.024999999999999998,0.8903508771929824,0.017543859649122806,0.07017543859649122,0.5087719298245614,0.47908076643943787,0.725110799074173,0
MDPE,OADNet_audio,1,42,3.0,0.6,True,0.3,0.09999999999999999,0.42064860463142395,0.6902336776256561,0.1,0.1,0.03333333333333333,0.8618421052631579,0.023391812865497075,0.09473684210526316,0.5164473684210527,0.474065363407135,0.7219507992267609,0
MDPE,OADNet_audio,1,42,3.0,0.6,True,0.3,0.09999999999999999,0.42064860463142395,0.6902336776256561,0.15,0.15,0.049999999999999996,0.7741228070175439,0.04093567251461988,0.14385964912280702,0.5230263157894737,0.45150431990623474,0.7145108580589294,0
MDPE,OADNet_audio,1,42,3.0,0.6,True,0.3,0.09999999999999999,0.42064860463142395,0.6902336776256561,0.2,0.2,0.06666666666666667,0.6929824561403509,0.05847953216374269,0.19649122807017544,0.5350877192982456,0.439195454120636,0.7095048129558563,0
MDPE,OADNet_audio,1,42,3.0,0.6,True,0.3,0.09999999999999999,0.42064860463142395,0.6902336776256561,0.25,0.25,0.08333333333333333,0.6337719298245614,0.07602339181286549,0.24561403508771928,0.555921052631579,0.4226798415184021,0.7037291526794434,0
MDPE,OADNet_audio,1,42,3.0,0.6,True,0.3,0.09999999999999999,0.42064860463142395,0.6902336776256561,0.3,0.3,0.09999999999999999,0.5570175438596491,0.0935672514619883,0.29473684210526313,0.5679824561403509,0.41387423872947693,0.6995201110839844,1
MDPE,OADNet_audio,1,42,3.0,0.7,True,0.2,0.06666666666666667,0.4331561326980591,0.7000933587551117,0.05,0.05,0.016666666666666666,0.9232456140350878,0.005847953216374269,0.0456140350877193,0.4967105263157895,0.49145591259002686,0.7293270528316498,0
MDPE,OADNet_audio,1,42,3.0,0.7,True,0.2,0.06666666666666667,0.4331561326980591,0.7000933587551117,0.075,0.075,0.024999999999999998,0.8903508771929824,0.017543859649122806,0.07017543859649122,0.5087719298245614,0.47908076643943787,0.725110799074173,0
MDPE,OADNet_audio,1,42,3.0,0.7,True,0.2,0.06666666666666667,0.4331561326980591,0.7000933587551117,0.1,0.1,0.03333333333333333,0.8618421052631579,0.023391812865497075,0.09473684210526316,0.5164473684210527,0.474065363407135,0.7219507992267609,0
MDPE,OADNet_audio,1,42,3.0,0.7,True,0.2,0.06666666666666667,0.4331561326980591,0.7000933587551117,0.15,0.15,0.049999999999999996,0.7741228070175439,0.04093567251461988,0.14385964912280702,0.5230263157894737,0.45150431990623474,0.7145108580589294,0
MDPE,OADNet_audio,1,42,3.0,0.7,True,0.2,0.06666666666666667,0.4331561326980591,0.7000933587551117,0.2,0.2,0.06666666666666667,0.6929824561403509,0.05847953216374269,0.19649122807017544,0.5350877192982456,0.439195454120636,0.7095048129558563,1
MDPE,OADNet_audio,1,42,3.0,0.7,True,0.2,0.06666666666666667,0.4331561326980591,0.7000933587551117,0.25,0.25,0.08333333333333333,0.6337719298245614,0.07602339181286549,0.24561403508771928,0.555921052631579,0.4226798415184021,0.7037291526794434,0
MDPE,OADNet_audio,1,42,3.0,0.7,True,0.2,0.06666666666666667,0.4331561326980591,0.7000933587551117,0.3,0.3,0.09999999999999999,0.5570175438596491,0.0935672514619883,0.29473684210526313,0.5679824561403509,0.41387423872947693,0.6995201110839844,0
MDPE,OADNet_audio,1,42,3.0,0.8,True,0.15,0.049999999999999996,0.4480569064617157,0.701899379491806,0.05,0.05,0.016666666666666666,0.9232456140350878,0.005847953216374269,0.0456140350877193,0.4967105263157895,0.49145591259002686,0.7293270528316498,0
MDPE,OADNet_audio,1,42,3.0,0.8,True,0.15,0.049999999999999996,0.4480569064617157,0.701899379491806,0.075,0.075,0.024999999999999998,0.8903508771929824,0.017543859649122806,0.07017543859649122,0.5087719298245614,0.47908076643943787,0.725110799074173,0
MDPE,OADNet_audio,1,42,3.0,0.8,True,0.15,0.049999999999999996,0.4480569064617157,0.701899379491806,0.1,0.1,0.03333333333333333,0.8618421052631579,0.023391812865497075,0.09473684210526316,0.5164473684210527,0.474065363407135,0.7219507992267609,0
MDPE,OADNet_audio,1,42,3.0,0.8,True,0.15,0.049999999999999996,0.4480569064617157,0.701899379491806,0.15,0.15,0.049999999999999996,0.7741228070175439,0.04093567251461988,0.14385964912280702,0.5230263157894737,0.45150431990623474,0.7145108580589294,1
MDPE,OADNet_audio,1,42,3.0,0.8,True,0.15,0.049999999999999996,0.4480569064617157,0.701899379491806,0.2,0.2,0.06666666666666667,0.6929824561403509,0.05847953216374269,0.19649122807017544,0.5350877192982456,0.439195454120636,0.7095048129558563,0
MDPE,OADNet_audio,1,42,3.0,0.8,True,0.15,0.049999999999999996,0.4480569064617157,0.701899379491806,0.25,0.25,0.08333333333333333,0.6337719298245614,0.07602339181286549,0.24561403508771928,0.555921052631579,0.4226798415184021,0.7037291526794434,0
MDPE,OADNet_audio,1,42,3.0,0.8,True,0.15,0.049999999999999996,0.4480569064617157,0.701899379491806,0.3,0.3,0.09999999999999999,0.5570175438596491,0.0935672514619883,0.29473684210526313,0.5679824561403509,0.41387423872947693,0.6995201110839844,0
MDPE,OADNet_audio,1,123,3.0,0.5,False,0.3,0.09999999999999999,0.3716060221195221,0.7592569142580032,0.05,0.05,0.016666666666666666,0.918859649122807,0.005847953216374269,0.0456140350877193,0.49451754385964913,0.48384925723075867,0.780022457242012,0
MDPE,OADNet_audio,1,123,3.0,0.5,False,0.3,0.09999999999999999,0.3716060221195221,0.7592569142580032,0.075,0.075,0.024999999999999998,0.8640350877192983,0.017543859649122806,0.07017543859649122,0.4956140350877193,0.4637299180030823,0.7628608196973801,0
MDPE,OADNet_audio,1,123,3.0,0.5,False,0.3,0.09999999999999999,0.3716060221195221,0.7592569142580032,0.1,0.1,0.03333333333333333,0.8355263157894737,0.023391812865497075,0.09473684210526316,0.5032894736842105,0.45909038186073303,0.7625488936901093,0
MDPE,OADNet_audio,1,123,3.0,0.5,False,0.3,0.09999999999999999,0.3716060221195221,0.7592569142580032,0.15,0.15,0.049999999999999996,0.7609649122807017,0.04093567251461988,0.14385964912280702,0.5164473684210527,0.43523773550987244,0.755827859044075,0
MDPE,OADNet_audio,1,123,3.0,0.5,False,0.3,0.09999999999999999,0.3716060221195221,0.7592569142580032,0.2,0.2,0.06666666666666667,0.6776315789473685,0.05847953216374269,0.19649122807017544,0.5274122807017544,0.4162800908088684,0.7394666969776154,0
MDPE,OADNet_audio,1,123,3.0,0.5,False,0.3,0.09999999999999999,0.3716060221195221,0.7592569142580032,0.25,0.25,0.08333333333333333,0.6118421052631579,0.07602339181286549,0.24561403508771928,0.5449561403508771,0.40439674258232117,0.7363559901714325,0
MDPE,OADNet_audio,1,123,3.0,0.5,False,0.3,0.09999999999999999,0.3716060221195221,0.7592569142580032,0.3,0.3,0.09999999999999999,0.5263157894736842,0.0935672514619883,0.29473684210526313,0.5526315789473685,0.3862049877643585,0.731476217508316,1
MDPE,OADNet_audio,1,123,3.0,0.6,True,0.3,0.09999999999999999,0.3716060221195221,0.7592569142580032,0.05,0.05,0.016666666666666666,0.918859649122807,0.005847953216374269,0.0456140350877193,0.49451754385964913,0.48384925723075867,0.780022457242012,0
MDPE,OADNet_audio,1,123,3.0,0.6,True,0.3,0.09999999999999999,0.3716060221195221,0.7592569142580032,0.075,0.075,0.024999999999999998,0.8640350877192983,0.017543859649122806,0.07017543859649122,0.4956140350877193,0.4637299180030823,0.7628608196973801,0
MDPE,OADNet_audio,1,123,3.0,0.6,True,0.3,0.09999999999999999,0.3716060221195221,0.7592569142580032,0.1,0.1,0.03333333333333333,0.8355263157894737,0.023391812865497075,0.09473684210526316,0.5032894736842105,0.45909038186073303,0.7625488936901093,0
MDPE,OADNet_audio,1,123,3.0,0.6,True,0.3,0.09999999999999999,0.3716060221195221,0.7592569142580032,0.15,0.15,0.049999999999999996,0.7609649122807017,0.04093567251461988,0.14385964912280702,0.5164473684210527,0.43523773550987244,0.755827859044075,0
MDPE,OADNet_audio,1,123,3.0,0.6,True,0.3,0.09999999999999999,0.3716060221195221,0.7592569142580032,0.2,0.2,0.06666666666666667,0.6776315789473685,0.05847953216374269,0.19649122807017544,0.5274122807017544,0.4162800908088684,0.7394666969776154,0
MDPE,OADNet_audio,1,123,3.0,0.6,True,0.3,0.09999999999999999,0.3716060221195221,0.7592569142580032,0.25,0.25,0.08333333333333333,0.6118421052631579,0.07602339181286549,0.24561403508771928,0.5449561403508771,0.40439674258232117,0.7363559901714325,0
MDPE,OADNet_audio,1,123,3.0,0.6,True,0.3,0.09999999999999999,0.3716060221195221,0.7592569142580032,0.3,0.3,0.09999999999999999,0.5263157894736842,0.0935672514619883,0.29473684210526313,0.5526315789473685,0.3862049877643585,0.731476217508316,1
MDPE,OADNet_audio,1,123,3.0,0.7,True,0.2,0.06666666666666667,0.40231871604919434,0.7747538387775421,0.05,0.05,0.016666666666666666,0.918859649122807,0.005847953216374269,0.0456140350877193,0.49451754385964913,0.48384925723075867,0.780022457242012,0
MDPE,OADNet_audio,1,123,3.0,0.7,True,0.2,0.06666666666666667,0.40231871604919434,0.7747538387775421,0.075,0.075,0.024999999999999998,0.8640350877192983,0.017543859649122806,0.07017543859649122,0.4956140350877193,0.4637299180030823,0.7628608196973801,0
MDPE,OADNet_audio,1,123,3.0,0.7,True,0.2,0.06666666666666667,0.40231871604919434,0.7747538387775421,0.1,0.1,0.03333333333333333,0.8355263157894737,0.023391812865497075,0.09473684210526316,0.5032894736842105,0.45909038186073303,0.7625488936901093,0
MDPE,OADNet_audio,1,123,3.0,0.7,True,0.2,0.06666666666666667,0.40231871604919434,0.7747538387775421,0.15,0.15,0.049999999999999996,0.7609649122807017,0.04093567251461988,0.14385964912280702,0.5164473684210527,0.43523773550987244,0.755827859044075,0
MDPE,OADNet_audio,1,123,3.0,0.7,True,0.2,0.06666666666666667,0.40231871604919434,0.7747538387775421,0.2,0.2,0.06666666666666667,0.6776315789473685,0.05847953216374269,0.19649122807017544,0.5274122807017544,0.4162800908088684,0.7394666969776154,1
MDPE,OADNet_audio,1,123,3.0,0.7,True,0.2,0.06666666666666667,0.40231871604919434,0.7747538387775421,0.25,0.25,0.08333333333333333,0.6118421052631579,0.07602339181286549,0.24561403508771928,0.5449561403508771,0.40439674258232117,0.7363559901714325,0
MDPE,OADNet_audio,1,123,3.0,0.7,True,0.2,0.06666666666666667,0.40231871604919434,0.7747538387775421,0.3,0.3,0.09999999999999999,0.5263157894736842,0.0935672514619883,0.29473684210526313,0.5526315789473685,0.3862049877643585,0.731476217508316,0
MDPE,OADNet_audio,1,123,3.0,0.8,True,0.15,0.049999999999999996,0.4210336208343506,0.7836964577436447,0.05,0.05,0.016666666666666666,0.918859649122807,0.005847953216374269,0.0456140350877193,0.49451754385964913,0.48384925723075867,0.780022457242012,0
MDPE,OADNet_audio,1,123,3.0,0.8,True,0.15,0.049999999999999996,0.4210336208343506,0.7836964577436447,0.075,0.075,0.024999999999999998,0.8640350877192983,0.017543859649122806,0.07017543859649122,0.4956140350877193,0.4637299180030823,0.7628608196973801,0
MDPE,OADNet_audio,1,123,3.0,0.8,True,0.15,0.049999999999999996,0.4210336208343506,0.7836964577436447,0.1,0.1,0.03333333333333333,0.8355263157894737,0.023391812865497075,0.09473684210526316,0.5032894736842105,0.45909038186073303,0.7625488936901093,0
MDPE,OADNet_audio,1,123,3.0,0.8,True,0.15,0.049999999999999996,0.4210336208343506,0.7836964577436447,0.15,0.15,0.049999999999999996,0.7609649122807017,0.04093567251461988,0.14385964912280702,0.5164473684210527,0.43523773550987244,0.755827859044075,1
MDPE,OADNet_audio,1,123,3.0,0.8,True,0.15,0.049999999999999996,0.4210336208343506,0.7836964577436447,0.2,0.2,0.06666666666666667,0.6776315789473685,0.05847953216374269,0.19649122807017544,0.5274122807017544,0.4162800908088684,0.7394666969776154,0
MDPE,OADNet_audio,1,123,3.0,0.8,True,0.15,0.049999999999999996,0.4210336208343506,0.7836964577436447,0.25,0.25,0.08333333333333333,0.6118421052631579,0.07602339181286549,0.24561403508771928,0.5449561403508771,0.40439674258232117,0.7363559901714325,0
MDPE,OADNet_audio,1,123,3.0,0.8,True,0.15,0.049999999999999996,0.4210336208343506,0.7836964577436447,0.3,0.3,0.09999999999999999,0.5263157894736842,0.0935672514619883,0.29473684210526313,0.5526315789473685,0.3862049877643585,0.731476217508316,0
MDPE,OADNet_audio,1,2024,3.0,0.5,True,0.3,0.09999999999999999,0.3886205852031708,0.7599911540746689,0.05,0.05,0.016666666666666666,0.9320175438596491,0.005847953216374269,0.0456140350877193,0.5010964912280702,0.4663335978984833,0.7784908562898636,0
MDPE,OADNet_audio,1,2024,3.0,0.5,True,0.3,0.09999999999999999,0.3886205852031708,0.7599911540746689,0.075,0.075,0.024999999999999998,0.8859649122807017,0.017543859649122806,0.07017543859649122,0.506578947368421,0.4311429560184479,0.7581000030040741,0
MDPE,OADNet_audio,1,2024,3.0,0.5,True,0.3,0.09999999999999999,0.3886205852031708,0.7599911540746689,0.1,0.1,0.03333333333333333,0.8486842105263158,0.023391812865497075,0.09473684210526316,0.5098684210526315,0.4215938448905945,0.7558808773756027,0
MDPE,OADNet_audio,1,2024,3.0,0.5,True,0.3,0.09999999999999999,0.3886205852031708,0.7599911540746689,0.15,0.15,0.049999999999999996,0.7236842105263158,0.04093567251461988,0.14385964912280702,0.49780701754385964,0.40591961145401,0.7293270528316498,0
MDPE,OADNet_audio,1,2024,3.0,0.5,True,0.3,0.09999999999999999,0.3886205852031708,0.7599911540746689,0.2,0.2,0.06666666666666667,0.6271929824561403,0.05847953216374269,0.19649122807017544,0.5021929824561403,0.39063993096351624,0.7234473824501038,0
MDPE,OADNet_audio,1,2024,3.0,0.5,True,0.3,0.09999999999999999,0.3886205852031708,0.7599911540746689,0.25,0.25,0.08333333333333333,0.5635964912280702,0.07602339181286549,0.24561403508771928,0.5208333333333334,0.38236525654792786,0.7196966409683228,0
MDPE,OADNet_audio,1,2024,3.0,0.5,True,0.3,0.09999999999999999,0.3886205852031708,0.7599911540746689,0.3,0.3,0.09999999999999999,0.4956140350877193,0.0935672514619883,0.29473684210526313,0.5372807017543859,0.37284767627716064,0.7178969085216522,1
MDPE,OADNet_audio,1,2024,3.0,0.6,True,0.25,0.08333333333333333,0.4052574932575226,0.7671464383602142,0.05,0.05,0.016666666666666666,0.9320175438596491,0.005847953216374269,0.0456140350877193,0.5010964912280702,0.4663335978984833,0.7784908562898636,0
MDPE,OADNet_audio,1,2024,3.0,0.6,True,0.25,0.08333333333333333,0.4052574932575226,0.7671464383602142,0.075,0.075,0.024999999999999998,0.8859649122807017,0.017543859649122806,0.07017543859649122,0.506578947368421,0.4311429560184479,0.7581000030040741,0
MDPE,OADNet_audio,1,2024,3.0,0.6,True,0.25,0.08333333333333333,0.4052574932575226,0.7671464383602142,0.1,0.1,0.03333333333333333,0.8486842105263158,0.023391812865497075,0.09473684210526316,0.5098684210526315,0.4215938448905945,0.7558808773756027,0
MDPE,OADNet_audio,1,2024,3.0,0.6,True,0.25,0.08333333333333333,0.4052574932575226,0.7671464383602142,0.15,0.15,0.049999999999999996,0.7236842105263158,0.04093567251461988,0.14385964912280702,0.49780701754385964,0.40591961145401,0.7293270528316498,0
MDPE,OADNet_audio,1,2024,3.0,0.6,True,0.25,0.08333333333333333,0.4052574932575226,0.7671464383602142,0.2,0.2,0.06666666666666667,0.6271929824561403,0.05847953216374269,0.19649122807017544,0.5021929824561403,0.39063993096351624,0.7234473824501038,0
MDPE,OADNet_audio,1,2024,3.0,0.6,True,0.25,0.08333333333333333,0.4052574932575226,0.7671464383602142,0.25,0.25,0.08333333333333333,0.5635964912280702,0.07602339181286549,0.24561403508771928,0.5208333333333334,0.38236525654792786,0.7196966409683228,1
MDPE,OADNet_audio,1,2024,3.0,0.6,True,0.25,0.08333333333333333,0.4052574932575226,0.7671464383602142,0.3,0.3,0.09999999999999999,0.4956140350877193,0.0935672514619883,0.29473684210526313,0.5372807017543859,0.37284767627716064,0.7178969085216522,0
MDPE,OADNet_audio,1,2024,3.0,0.7,True,0.2,0.06666666666666667,0.4282791018486023,0.7732466012239456,0.05,0.05,0.016666666666666666,0.9320175438596491,0.005847953216374269,0.0456140350877193,0.5010964912280702,0.4663335978984833,0.7784908562898636,0
MDPE,OADNet_audio,1,2024,3.0,0.7,True,0.2,0.06666666666666667,0.4282791018486023,0.7732466012239456,0.075,0.075,0.024999999999999998,0.8859649122807017,0.017543859649122806,0.07017543859649122,0.506578947368421,0.4311429560184479,0.7581000030040741,0
MDPE,OADNet_audio,1,2024,3.0,0.7,True,0.2,0.06666666666666667,0.4282791018486023,0.7732466012239456,0.1,0.1,0.03333333333333333,0.8486842105263158,0.023391812865497075,0.09473684210526316,0.5098684210526315,0.4215938448905945,0.7558808773756027,0
MDPE,OADNet_audio,1,2024,3.0,0.7,True,0.2,0.06666666666666667,0.4282791018486023,0.7732466012239456,0.15,0.15,0.049999999999999996,0.7236842105263158,0.04093567251461988,0.14385964912280702,0.49780701754385964,0.40591961145401,0.7293270528316498,0
MDPE,OADNet_audio,1,2024,3.0,0.7,True,0.2,0.06666666666666667,0.4282791018486023,0.7732466012239456,0.2,0.2,0.06666666666666667,0.6271929824561403,0.05847953216374269,0.19649122807017544,0.5021929824561403,0.39063993096351624,0.7234473824501038,1
MDPE,OADNet_audio,1,2024,3.0,0.7,True,0.2,0.06666666666666667,0.4282791018486023,0.7732466012239456,0.25,0.25,0.08333333333333333,0.5635964912280702,0.07602339181286549,0.24561403508771928,0.5208333333333334,0.38236525654792786,0.7196966409683228,0
MDPE,OADNet_audio,1,2024,3.0,0.7,True,0.2,0.06666666666666667,0.4282791018486023,0.7732466012239456,0.3,0.3,0.09999999999999999,0.4956140350877193,0.0935672514619883,0.29473684210526313,0.5372807017543859,0.37284767627716064,0.7178969085216522,0
MDPE,OADNet_audio,1,2024,3.0,0.8,True,0.15,0.049999999999999996,0.4536035656929016,0.7777470052242279,0.05,0.05,0.016666666666666666,0.9320175438596491,0.005847953216374269,0.0456140350877193,0.5010964912280702,0.4663335978984833,0.7784908562898636,0
MDPE,OADNet_audio,1,2024,3.0,0.8,True,0.15,0.049999999999999996,0.4536035656929016,0.7777470052242279,0.075,0.075,0.024999999999999998,0.8859649122807017,0.017543859649122806,0.07017543859649122,0.506578947368421,0.4311429560184479,0.7581000030040741,0
MDPE,OADNet_audio,1,2024,3.0,0.8,True,0.15,0.049999999999999996,0.4536035656929016,0.7777470052242279,0.1,0.1,0.03333333333333333,0.8486842105263158,0.023391812865497075,0.09473684210526316,0.5098684210526315,0.4215938448905945,0.7558808773756027,0
MDPE,OADNet_audio,1,2024,3.0,0.8,True,0.15,0.049999999999999996,0.4536035656929016,0.7777470052242279,0.15,0.15,0.049999999999999996,0.7236842105263158,0.04093567251461988,0.14385964912280702,0.49780701754385964,0.40591961145401,0.7293270528316498,1
MDPE,OADNet_audio,1,2024,3.0,0.8,True,0.15,0.049999999999999996,0.4536035656929016,0.7777470052242279,0.2,0.2,0.06666666666666667,0.6271929824561403,0.05847953216374269,0.19649122807017544,0.5021929824561403,0.39063993096351624,0.7234473824501038,0
MDPE,OADNet_audio,1,2024,3.0,0.8,True,0.15,0.049999999999999996,0.4536035656929016,0.7777470052242279,0.25,0.25,0.08333333333333333,0.5635964912280702,0.07602339181286549,0.24561403508771928,0.5208333333333334,0.38236525654792786,0.7196966409683228,0
MDPE,OADNet_audio,1,2024,3.0,0.8,True,0.15,0.049999999999999996,0.4536035656929016,0.7777470052242279,0.3,0.3,0.09999999999999999,0.4956140350877193,0.0935672514619883,0.29473684210526313,0.5372807017543859,0.37284767627716064,0.7178969085216522,0
MDPE,OADNet_audio,1,2026,3.0,0.5,False,0.3,0.09999999999999999,0.3813144266605377,0.7147451937198639,0.05,0.05,0.016666666666666666,0.9298245614035088,0.005847953216374269,0.0456140350877193,0.5,0.407999187707901,0.7570185661315918,0
MDPE,OADNet_audio,1,2026,3.0,0.5,False,0.3,0.09999999999999999,0.3813144266605377,0.7147451937198639,0.075,0.075,0.024999999999999998,0.8903508771929824,0.017543859649122806,0.07017543859649122,0.5087719298245614,0.4011494815349579,0.747165858745575,0
MDPE,OADNet_audio,1,2026,3.0,0.5,False,0.3,0.09999999999999999,0.3813144266605377,0.7147451937198639,0.1,0.1,0.03333333333333333,0.8486842105263158,0.023391812865497075,0.09473684210526316,0.5098684210526315,0.39303550124168396,0.7448802292346954,0
MDPE,OADNet_audio,1,2026,3.0,0.5,False,0.3,0.09999999999999999,0.3813144266605377,0.7147451937198639,0.15,0.15,0.049999999999999996,0.7741228070175439,0.04093567251461988,0.14385964912280702,0.5230263157894737,0.38552433252334595,0.7342596352100372,0
MDPE,OADNet_audio,1,2026,3.0,0.5,False,0.3,0.09999999999999999,0.3813144266605377,0.7147451937198639,0.2,0.2,0.06666666666666667,0.7149122807017544,0.05847953216374269,0.19649122807017544,0.5460526315789473,0.3788105249404907,0.7307139337062836,0
MDPE,OADNet_audio,1,2026,3.0,0.5,False,0.3,0.09999999999999999,0.3813144266605377,0.7147451937198639,0.25,0.25,0.08333333333333333,0.6557017543859649,0.07602339181286549,0.24561403508771928,0.5668859649122807,0.3730156123638153,0.7247385084629059,0
MDPE,OADNet_audio,1,2026,3.0,0.5,False,0.3,0.09999999999999999,0.3813144266605377,0.7147451937198639,0.3,0.3,0.09999999999999999,0.5723684210526315,0.0935672514619883,0.29473684210526313,0.5756578947368421,0.3679914176464081,0.7109825611114502,1
MDPE,OADNet_audio,1,2026,3.0,0.6,True,0.3,0.09999999999999999,0.3813144266605377,0.7147451937198639,0.05,0.05,0.016666666666666666,0.9298245614035088,0.005847953216374269,0.0456140350877193,0.5,0.407999187707901,0.7570185661315918,0
MDPE,OADNet_audio,1,2026,3.0,0.6,True,0.3,0.09999999999999999,0.3813144266605377,0.7147451937198639,0.075,0.075,0.024999999999999998,0.8903508771929824,0.017543859649122806,0.07017543859649122,0.5087719298245614,0.4011494815349579,0.747165858745575,0
MDPE,OADNet_audio,1,2026,3.0,0.6,True,0.3,0.09999999999999999,0.3813144266605377,0.7147451937198639,0.1,0.1,0.03333333333333333,0.8486842105263158,0.023391812865497075,0.09473684210526316,0.5098684210526315,0.39303550124168396,0.7448802292346954,0
MDPE,OADNet_audio,1,2026,3.0,0.6,True,0.3,0.09999999999999999,0.3813144266605377,0.7147451937198639,0.15,0.15,0.049999999999999996,0.7741228070175439,0.04093567251461988,0.14385964912280702,0.5230263157894737,0.38552433252334595,0.7342596352100372,0
MDPE,OADNet_audio,1,2026,3.0,0.6,True,0.3,0.09999999999999999,0.3813144266605377,0.7147451937198639,0.2,0.2,0.06666666666666667,0.7149122807017544,0.05847953216374269,0.19649122807017544,0.5460526315789473,0.3788105249404907,0.7307139337062836,0
MDPE,OADNet_audio,1,2026,3.0,0.6,True,0.3,0.09999999999999999,0.3813144266605377,0.7147451937198639,0.25,0.25,0.08333333333333333,0.6557017543859649,0.07602339181286549,0.24561403508771928,0.5668859649122807,0.3730156123638153,0.7247385084629059,0
MDPE,OADNet_audio,1,2026,3.0,0.6,True,0.3,0.09999999999999999,0.3813144266605377,0.7147451937198639,0.3,0.3,0.09999999999999999,0.5723684210526315,0.0935672514619883,0.29473684210526313,0.5756578947368421,0.3679914176464081,0.7109825611114502,1
MDPE,OADNet_audio,1,2026,3.0,0.7,True,0.25,0.08333333333333333,0.38606885075569153,0.7212584018707275,0.05,0.05,0.016666666666666666,0.9298245614035088,0.005847953216374269,0.0456140350877193,0.5,0.407999187707901,0.7570185661315918,0
MDPE,OADNet_audio,1,2026,3.0,0.7,True,0.25,0.08333333333333333,0.38606885075569153,0.7212584018707275,0.075,0.075,0.024999999999999998,0.8903508771929824,0.017543859649122806,0.07017543859649122,0.5087719298245614,0.4011494815349579,0.747165858745575,0
MDPE,OADNet_audio,1,2026,3.0,0.7,True,0.25,0.08333333333333333,0.38606885075569153,0.7212584018707275,0.1,0.1,0.03333333333333333,0.8486842105263158,0.023391812865497075,0.09473684210526316,0.5098684210526315,0.39303550124168396,0.7448802292346954,0
MDPE,OADNet_audio,1,2026,3.0,0.7,True,0.25,0.08333333333333333,0.38606885075569153,0.7212584018707275,0.15,0.15,0.049999999999999996,0.7741228070175439,0.04093567251461988,0.14385964912280702,0.5230263157894737,0.38552433252334595,0.7342596352100372,0
MDPE,OADNet_audio,1,2026,3.0,0.7,True,0.25,0.08333333333333333,0.38606885075569153,0.7212584018707275,0.2,0.2,0.06666666666666667,0.7149122807017544,0.05847953216374269,0.19649122807017544,0.5460526315789473,0.3788105249404907,0.7307139337062836,0
MDPE,OADNet_audio,1,2026,3.0,0.7,True,0.25,0.08333333333333333,0.38606885075569153,0.7212584018707275,0.25,0.25,0.08333333333333333,0.6557017543859649,0.07602339181286549,0.24561403508771928,0.5668859649122807,0.3730156123638153,0.7247385084629059,1
MDPE,OADNet_audio,1,2026,3.0,0.7,True,0.25,0.08333333333333333,0.38606885075569153,0.7212584018707275,0.3,0.3,0.09999999999999999,0.5723684210526315,0.0935672514619883,0.29473684210526313,0.5756578947368421,0.3679914176464081,0.7109825611114502,0
MDPE,OADNet_audio,1,2026,3.0,0.8,True,0.15,0.049999999999999996,0.3999081254005432,0.7305726408958435,0.05,0.05,0.016666666666666666,0.9298245614035088,0.005847953216374269,0.0456140350877193,0.5,0.407999187707901,0.7570185661315918,0
MDPE,OADNet_audio,1,2026,3.0,0.8,True,0.15,0.049999999999999996,0.3999081254005432,0.7305726408958435,0.075,0.075,0.024999999999999998,0.8903508771929824,0.017543859649122806,0.07017543859649122,0.5087719298245614,0.4011494815349579,0.747165858745575,0
MDPE,OADNet_audio,1,2026,3.0,0.8,True,0.15,0.049999999999999996,0.3999081254005432,0.7305726408958435,0.1,0.1,0.03333333333333333,0.8486842105263158,0.023391812865497075,0.09473684210526316,0.5098684210526315,0.39303550124168396,0.7448802292346954,0
MDPE,OADNet_audio,1,2026,3.0,0.8,True,0.15,0.049999999999999996,0.3999081254005432,0.7305726408958435,0.15,0.15,0.049999999999999996,0.7741228070175439,0.04093567251461988,0.14385964912280702,0.5230263157894737,0.38552433252334595,0.7342596352100372,1
MDPE,OADNet_audio,1,2026,3.0,0.8,True,0.15,0.049999999999999996,0.3999081254005432,0.7305726408958435,0.2,0.2,0.06666666666666667,0.7149122807017544,0.05847953216374269,0.19649122807017544,0.5460526315789473,0.3788105249404907,0.7307139337062836,0
MDPE,OADNet_audio,1,2026,3.0,0.8,True,0.15,0.049999999999999996,0.3999081254005432,0.7305726408958435,0.25,0.25,0.08333333333333333,0.6557017543859649,0.07602339181286549,0.24561403508771928,0.5668859649122807,0.3730156123638153,0.7247385084629059,0
MDPE,OADNet_audio,1,2026,3.0,0.8,True,0.15,0.049999999999999996,0.3999081254005432,0.7305726408958435,0.3,0.3,0.09999999999999999,0.5723684210526315,0.0935672514619883,0.29473684210526313,0.5756578947368421,0.3679914176464081,0.7109825611114502,0
MDPE,OADNet_audio,2,7,3.0,0.5,False,0.3,0.09999999999999999,0.3459431529045105,0.7468944489955902,0.05,0.05,0.016666666666666666,0.9407894736842105,0.005847953216374269,0.0456140350877193,0.5054824561403509,0.3523721992969513,0.7888249009847641,0
MDPE,OADNet_audio,2,7,3.0,0.5,False,0.3,0.09999999999999999,0.3459431529045105,0.7468944489955902,0.075,0.075,0.024999999999999998,0.8903508771929824,0.017543859649122806,0.07017543859649122,0.5087719298245614,0.34740686416625977,0.7834772914648056,0
MDPE,OADNet_audio,2,7,3.0,0.5,False,0.3,0.09999999999999999,0.3459431529045105,0.7468944489955902,0.1,0.1,0.03333333333333333,0.8596491228070176,0.023391812865497075,0.09473684210526316,0.5153508771929824,0.3452610671520233,0.7834529280662537,0
MDPE,OADNet_audio,2,7,3.0,0.5,False,0.3,0.09999999999999999,0.3459431529045105,0.7468944489955902,0.15,0.15,0.049999999999999996,0.8004385964912281,0.04093567251461988,0.14385964912280702,0.5361842105263158,0.3414403796195984,0.7807854264974594,0
MDPE,OADNet_audio,2,7,3.0,0.5,False,0.3,0.09999999999999999,0.3459431529045105,0.7468944489955902,0.2,0.2,0.06666666666666667,0.7236842105263158,0.05847953216374269,0.19649122807017544,0.5504385964912281,0.33738330006599426,0.7609590440988541,0
MDPE,OADNet_audio,2,7,3.0,0.5,False,0.3,0.09999999999999999,0.3459431529045105,0.7468944489955902,0.25,0.25,0.08333333333333333,0.6622807017543859,0.07602339181286549,0.24561403508771928,0.5701754385964912,0.33315855264663696,0.7603315263986588,0
MDPE,OADNet_audio,2,7,3.0,0.5,False,0.3,0.09999999999999999,0.3459431529045105,0.7468944489955902,0.3,0.3,0.09999999999999999,0.5789473684210527,0.0935672514619883,0.29473684210526313,0.5789473684210527,0.32921406626701355,0.7564369291067123,1
MDPE,OADNet_audio,2,7,3.0,0.6,True,0.3,0.09999999999999999,0.3459431529045105,0.7468944489955902,0.05,0.05,0.016666666666666666,0.9407894736842105,0.005847953216374269,0.0456140350877193,0.5054824561403509,0.3523721992969513,0.7888249009847641,0
MDPE,OADNet_audio,2,7,3.0,0.6,True,0.3,0.09999999999999999,0.3459431529045105,0.7468944489955902,0.075,0.075,0.024999999999999998,0.8903508771929824,0.017543859649122806,0.07017543859649122,0.5087719298245614,0.34740686416625977,0.7834772914648056,0
MDPE,OADNet_audio,2,7,3.0,0.6,True,0.3,0.09999999999999999,0.3459431529045105,0.7468944489955902,0.1,0.1,0.03333333333333333,0.8596491228070176,0.023391812865497075,0.09473684210526316,0.5153508771929824,0.3452610671520233,0.7834529280662537,0
MDPE,OADNet_audio,2,7,3.0,0.6,True,0.3,0.09999999999999999,0.3459431529045105,0.7468944489955902,0.15,0.15,0.049999999999999996,0.8004385964912281,0.04093567251461988,0.14385964912280702,0.5361842105263158,0.3414403796195984,0.7807854264974594,0
MDPE,OADNet_audio,2,7,3.0,0.6,True,0.3,0.09999999999999999,0.3459431529045105,0.7468944489955902,0.2,0.2,0.06666666666666667,0.7236842105263158,0.05847953216374269,0.19649122807017544,0.5504385964912281,0.33738330006599426,0.7609590440988541,0
MDPE,OADNet_audio,2,7,3.0,0.6,True,0.3,0.09999999999999999,0.3459431529045105,0.7468944489955902,0.25,0.25,0.08333333333333333,0.6622807017543859,0.07602339181286549,0.24561403508771928,0.5701754385964912,0.33315855264663696,0.7603315263986588,0
MDPE,OADNet_audio,2,7,3.0,0.6,True,0.3,0.09999999999999999,0.3459431529045105,0.7468944489955902,0.3,0.3,0.09999999999999999,0.5789473684210527,0.0935672514619883,0.29473684210526313,0.5789473684210527,0.32921406626701355,0.7564369291067123,1
MDPE,OADNet_audio,2,7,3.0,0.7,True,0.25,0.08333333333333333,0.35001614689826965,0.749168187379837,0.05,0.05,0.016666666666666666,0.9407894736842105,0.005847953216374269,0.0456140350877193,0.5054824561403509,0.3523721992969513,0.7888249009847641,0
MDPE,OADNet_audio,2,7,3.0,0.7,True,0.25,0.08333333333333333,0.35001614689826965,0.749168187379837,0.075,0.075,0.024999999999999998,0.8903508771929824,0.017543859649122806,0.07017543859649122,0.5087719298245614,0.34740686416625977,0.7834772914648056,0
MDPE,OADNet_audio,2,7,3.0,0.7,True,0.25,0.08333333333333333,0.35001614689826965,0.749168187379837,0.1,0.1,0.03333333333333333,0.8596491228070176,0.023391812865497075,0.09473684210526316,0.5153508771929824,0.3452610671520233,0.7834529280662537,0
MDPE,OADNet_audio,2,7,3.0,0.7,True,0.25,0.08333333333333333,0.35001614689826965,0.749168187379837,0.15,0.15,0.049999999999999996,0.8004385964912281,0.04093567251461988,0.14385964912280702,0.5361842105263158,0.3414403796195984,0.7807854264974594,0
MDPE,OADNet_audio,2,7,3.0,0.7,True,0.25,0.08333333333333333,0.35001614689826965,0.749168187379837,0.2,0.2,0.06666666666666667,0.7236842105263158,0.05847953216374269,0.19649122807017544,0.5504385964912281,0.33738330006599426,0.7609590440988541,0
MDPE,OADNet_audio,2,7,3.0,0.7,True,0.25,0.08333333333333333,0.35001614689826965,0.749168187379837,0.25,0.25,0.08333333333333333,0.6622807017543859,0.07602339181286549,0.24561403508771928,0.5701754385964912,0.33315855264663696,0.7603315263986588,1
MDPE,OADNet_audio,2,7,3.0,0.7,True,0.25,0.08333333333333333,0.35001614689826965,0.749168187379837,0.3,0.3,0.09999999999999999,0.5789473684210527,0.0935672514619883,0.29473684210526313,0.5789473684210527,0.32921406626701355,0.7564369291067123,0
MDPE,OADNet_audio,2,7,3.0,0.8,True,0.2,0.06666666666666667,0.3535365164279938,0.7544736266136169,0.05,0.05,0.016666666666666666,0.9407894736842105,0.005847953216374269,0.0456140350877193,0.5054824561403509,0.3523721992969513,0.7888249009847641,0
MDPE,OADNet_audio,2,7,3.0,0.8,True,0.2,0.06666666666666667,0.3535365164279938,0.7544736266136169,0.075,0.075,0.024999999999999998,0.8903508771929824,0.017543859649122806,0.07017543859649122,0.5087719298245614,0.34740686416625977,0.7834772914648056,0
MDPE,OADNet_audio,2,7,3.0,0.8,True,0.2,0.06666666666666667,0.3535365164279938,0.7544736266136169,0.1,0.1,0.03333333333333333,0.8596491228070176,0.023391812865497075,0.09473684210526316,0.5153508771929824,0.3452610671520233,0.7834529280662537,0
MDPE,OADNet_audio,2,7,3.0,0.8,True,0.2,0.06666666666666667,0.3535365164279938,0.7544736266136169,0.15,0.15,0.049999999999999996,0.8004385964912281,0.04093567251461988,0.14385964912280702,0.5361842105263158,0.3414403796195984,0.7807854264974594,0
MDPE,OADNet_audio,2,7,3.0,0.8,True,0.2,0.06666666666666667,0.3535365164279938,0.7544736266136169,0.2,0.2,0.06666666666666667,0.7236842105263158,0.05847953216374269,0.19649122807017544,0.5504385964912281,0.33738330006599426,0.7609590440988541,1
MDPE,OADNet_audio,2,7,3.0,0.8,True,0.2,0.06666666666666667,0.3535365164279938,0.7544736266136169,0.25,0.25,0.08333333333333333,0.6622807017543859,0.07602339181286549,0.24561403508771928,0.5701754385964912,0.33315855264663696,0.7603315263986588,0
MDPE,OADNet_audio,2,7,3.0,0.8,True,0.2,0.06666666666666667,0.3535365164279938,0.7544736266136169,0.3,0.3,0.09999999999999999,0.5789473684210527,0.0935672514619883,0.29473684210526313,0.5789473684210527,0.32921406626701355,0.7564369291067123,0
MDPE,OADNet_audio,2,42,3.0,0.5,True,0.3,0.09999999999999999,0.36673980951309204,0.7365789413452148,0.05,0.05,0.016666666666666666,0.9057017543859649,0.005847953216374269,0.0456140350877193,0.48793859649122806,0.41049909591674805,0.767043799161911,0
MDPE,OADNet_audio,2,42,3.0,0.5,True,0.3,0.09999999999999999,0.36673980951309204,0.7365789413452148,0.075,0.075,0.024999999999999998,0.8618421052631579,0.017543859649122806,0.07017543859649122,0.49451754385964913,0.4002700746059418,0.7633281052112579,0
MDPE,OADNet_audio,2,42,3.0,0.5,True,0.3,0.09999999999999999,0.36673980951309204,0.7365789413452148,0.1,0.1,0.03333333333333333,0.8179824561403509,0.023391812865497075,0.09473684210526316,0.49451754385964913,0.3894270062446594,0.756780743598938,0
MDPE,OADNet_audio,2,42,3.0,0.5,True,0.3,0.09999999999999999,0.36673980951309204,0.7365789413452148,0.15,0.15,0.049999999999999996,0.7258771929824561,0.04093567251461988,0.14385964912280702,0.49890350877192985,0.37267976999282837,0.7493031024932861,0
MDPE,OADNet_audio,2,42,3.0,0.5,True,0.3,0.09999999999999999,0.36673980951309204,0.7365789413452148,0.2,0.2,0.06666666666666667,0.6337719298245614,0.05847953216374269,0.19649122807017544,0.5054824561403509,0.3577654957771301,0.7400196492671967,0
MDPE,OADNet_audio,2,42,3.0,0.5,True,0.3,0.09999999999999999,0.36673980951309204,0.7365789413452148,0.25,0.25,0.08333333333333333,0.5657894736842105,0.07602339181286549,0.24561403508771928,0.5219298245614035,0.3507516384124756,0.7346237599849701,0
MDPE,OADNet_audio,2,42,3.0,0.5,True,0.3,0.09999999999999999,0.36673980951309204,0.7365789413452148,0.3,0.3,0.09999999999999999,0.48464912280701755,0.0935672514619883,0.29473684210526313,0.5317982456140351,0.3440284729003906,0.729270339012146,1
MDPE,OADNet_audio,2,42,3.0,0.6,True,0.25,0.08333333333333333,0.3791484832763672,0.7406822443008423,0.05,0.05,0.016666666666666666,0.9057017543859649,0.005847953216374269,0.0456140350877193,0.48793859649122806,0.41049909591674805,0.767043799161911,0
MDPE,OADNet_audio,2,42,3.0,0.6,True,0.25,0.08333333333333333,0.3791484832763672,0.7406822443008423,0.075,0.075,0.024999999999999998,0.8618421052631579,0.017543859649122806,0.07017543859649122,0.49451754385964913,0.4002700746059418,0.7633281052112579,0
MDPE,OADNet_audio,2,42,3.0,0.6,True,0.25,0.08333333333333333,0.3791484832763672,0.7406822443008423,0.1,0.1,0.03333333333333333,0.8179824561403509,0.023391812865497075,0.09473684210526316,0.49451754385964913,0.3894270062446594,0.756780743598938,0
MDPE,OADNet_audio,2,42,3.0,0.6,True,0.25,0.08333333333333333,0.3791484832763672,0.7406822443008423,0.15,0.15,0.049999999999999996,0.7258771929824561,0.04093567251461988,0.14385964912280702,0.49890350877192985,0.37267976999282837,0.7493031024932861,0
MDPE,OADNet_audio,2,42,3.0,0.6,True,0.25,0.08333333333333333,0.3791484832763672,0.7406822443008423,0.2,0.2,0.06666666666666667,0.6337719298245614,0.05847953216374269,0.19649122807017544,0.5054824561403509,0.3577654957771301,0.7400196492671967,0
MDPE,OADNet_audio,2,42,3.0,0.6,True,0.25,0.08333333333333333,0.3791484832763672,0.7406822443008423,0.25,0.25,0.08333333333333333,0.5657894736842105,0.07602339181286549,0.24561403508771928,0.5219298245614035,0.3507516384124756,0.7346237599849701,1
MDPE,OADNet_audio,2,42,3.0,0.6,True,0.25,0.08333333333333333,0.3791484832763672,0.7406822443008423,0.3,0.3,0.09999999999999999,0.48464912280701755,0.0935672514619883,0.29473684210526313,0.5317982456140351,0.3440284729003906,0.729270339012146,0
MDPE,OADNet_audio,2,42,3.0,0.7,True,0.2,0.06666666666666667,0.3936695158481598,0.7429925501346588,0.05,0.05,0.016666666666666666,0.9057017543859649,0.005847953216374269,0.0456140350877193,0.48793859649122806,0.41049909591674805,0.767043799161911,0
MDPE,OADNet_audio,2,42,3.0,0.7,True,0.2,0.06666666666666667,0.3936695158481598,0.7429925501346588,0.075,0.075,0.024999999999999998,0.8618421052631579,0.017543859649122806,0.07017543859649122,0.49451754385964913,0.4002700746059418,0.7633281052112579,0
MDPE,OADNet_audio,2,42,3.0,0.7,True,0.2,0.06666666666666667,0.3936695158481598,0.7429925501346588,0.1,0.1,0.03333333333333333,0.8179824561403509,0.023391812865497075,0.09473684210526316,0.49451754385964913,0.3894270062446594,0.756780743598938,0
MDPE,OADNet_audio,2,42,3.0,0.7,True,0.2,0.06666666666666667,0.3936695158481598,0.7429925501346588,0.15,0.15,0.049999999999999996,0.7258771929824561,0.04093567251461988,0.14385964912280702,0.49890350877192985,0.37267976999282837,0.7493031024932861,0
MDPE,OADNet_audio,2,42,3.0,0.7,True,0.2,0.06666666666666667,0.3936695158481598,0.7429925501346588,0.2,0.2,0.06666666666666667,0.6337719298245614,0.05847953216374269,0.19649122807017544,0.5054824561403509,0.3577654957771301,0.7400196492671967,1
MDPE,OADNet_audio,2,42,3.0,0.7,True,0.2,0.06666666666666667,0.3936695158481598,0.7429925501346588,0.25,0.25,0.08333333333333333,0.5657894736842105,0.07602339181286549,0.24561403508771928,0.5219298245614035,0.3507516384124756,0.7346237599849701,0
MDPE,OADNet_audio,2,42,3.0,0.7,True,0.2,0.06666666666666667,0.3936695158481598,0.7429925501346588,0.3,0.3,0.09999999999999999,0.48464912280701755,0.0935672514619883,0.29473684210526313,0.5317982456140351,0.3440284729003906,0.729270339012146,0
MDPE,OADNet_audio,2,42,3.0,0.8,True,0.15,0.049999999999999996,0.4138568341732025,0.7489791810512543,0.05,0.05,0.016666666666666666,0.9057017543859649,0.005847953216374269,0.0456140350877193,0.48793859649122806,0.41049909591674805,0.767043799161911,0
MDPE,OADNet_audio,2,42,3.0,0.8,True,0.15,0.049999999999999996,0.4138568341732025,0.7489791810512543,0.075,0.075,0.024999999999999998,0.8618421052631579,0.017543859649122806,0.07017543859649122,0.49451754385964913,0.4002700746059418,0.7633281052112579,0
MDPE,OADNet_audio,2,42,3.0,0.8,True,0.15,0.049999999999999996,0.4138568341732025,0.7489791810512543,0.1,0.1,0.03333333333333333,0.8179824561403509,0.023391812865497075,0.09473684210526316,0.49451754385964913,0.3894270062446594,0.756780743598938,0
MDPE,OADNet_audio,2,42,3.0,0.8,True,0.15,0.049999999999999996,0.4138568341732025,0.7489791810512543,0.15,0.15,0.049999999999999996,0.7258771929824561,0.04093567251461988,0.14385964912280702,0.49890350877192985,0.37267976999282837,0.7493031024932861,1
MDPE,OADNet_audio,2,42,3.0,0.8,True,0.15,0.049999999999999996,0.4138568341732025,0.7489791810512543,0.2,0.2,0.06666666666666667,0.6337719298245614,0.05847953216374269,0.19649122807017544,0.5054824561403509,0.3577654957771301,0.7400196492671967,0
MDPE,OADNet_audio,2,42,3.0,0.8,True,0.15,0.049999999999999996,0.4138568341732025,0.7489791810512543,0.25,0.25,0.08333333333333333,0.5657894736842105,0.07602339181286549,0.24561403508771928,0.5219298245614035,0.3507516384124756,0.7346237599849701,0
MDPE,OADNet_audio,2,42,3.0,0.8,True,0.15,0.049999999999999996,0.4138568341732025,0.7489791810512543,0.3,0.3,0.09999999999999999,0.48464912280701755,0.0935672514619883,0.29473684210526313,0.5317982456140351,0.3440284729003906,0.729270339012146,0
MDPE,OADNet_audio,2,123,3.0,0.5,False,0.3,0.09999999999999999,0.39708542823791504,0.807231143116951,0.05,0.05,0.016666666666666666,0.8793859649122807,0.005847953216374269,0.0456140350877193,0.47478070175438597,0.42826154828071594,0.846331313252449,0
MDPE,OADNet_audio,2,123,3.0,0.5,False,0.3,0.09999999999999999,0.39708542823791504,0.807231143116951,0.075,0.075,0.024999999999999998,0.8355263157894737,0.017543859649122806,0.07017543859649122,0.48135964912280704,0.41202905774116516,0.8352228105068207,0
MDPE,OADNet_audio,2,123,3.0,0.5,False,0.3,0.09999999999999999,0.39708542823791504,0.807231143116951,0.1,0.1,0.03333333333333333,0.8092105263157895,0.023391812865497075,0.09473684210526316,0.4901315789473684,0.3924189805984497,0.8347082734107971,0
MDPE,OADNet_audio,2,123,3.0,0.5,False,0.3,0.09999999999999999,0.39708542823791504,0.807231143116951,0.15,0.15,0.049999999999999996,0.7302631578947368,0.04093567251461988,0.14385964912280702,0.5010964912280702,0.3692615330219269,0.8262586891651154,0
MDPE,OADNet_audio,2,123,3.0,0.5,False,0.3,0.09999999999999999,0.39708542823791504,0.807231143116951,0.2,0.2,0.06666666666666667,0.6600877192982456,0.05847953216374269,0.19649122807017544,0.518640350877193,0.3567102551460266,0.8149294555187225,0
MDPE,OADNet_audio,2,123,3.0,0.5,False,0.3,0.09999999999999999,0.39708542823791504,0.807231143116951,0.25,0.25,0.08333333333333333,0.5833333333333334,0.07602339181286549,0.24561403508771928,0.5307017543859649,0.3328395485877991,0.8068257570266724,0
MDPE,OADNet_audio,2,123,3.0,0.5,False,0.3,0.09999999999999999,0.39708542823791504,0.807231143116951,0.3,0.3,0.09999999999999999,0.5153508771929824,0.0935672514619883,0.29473684210526313,0.5471491228070176,0.3122589588165283,0.8047130256891251,1
MDPE,OADNet_audio,2,123,3.0,0.6,True,0.25,0.08333333333333333,0.4232056140899658,0.8128410875797272,0.05,0.05,0.016666666666666666,0.8793859649122807,0.005847953216374269,0.0456140350877193,0.47478070175438597,0.42826154828071594,0.846331313252449,0
MDPE,OADNet_audio,2,123,3.0,0.6,True,0.25,0.08333333333333333,0.4232056140899658,0.8128410875797272,0.075,0.075,0.024999999999999998,0.8355263157894737,0.017543859649122806,0.07017543859649122,0.48135964912280704,0.41202905774116516,0.8352228105068207,0
MDPE,OADNet_audio,2,123,3.0,0.6,True,0.25,0.08333333333333333,0.4232056140899658,0.8128410875797272,0.1,0.1,0.03333333333333333,0.8092105263157895,0.023391812865497075,0.09473684210526316,0.4901315789473684,0.3924189805984497,0.8347082734107971,0
MDPE,OADNet_audio,2,123,3.0,0.6,True,0.25,0.08333333333333333,0.4232056140899658,0.8128410875797272,0.15,0.15,0.049999999999999996,0.7302631578947368,0.04093567251461988,0.14385964912280702,0.5010964912280702,0.3692615330219269,0.8262586891651154,0
MDPE,OADNet_audio,2,123,3.0,0.6,True,0.25,0.08333333333333333,0.4232056140899658,0.8128410875797272,0.2,0.2,0.06666666666666667,0.6600877192982456,0.05847953216374269,0.19649122807017544,0.518640350877193,0.3567102551460266,0.8149294555187225,0
MDPE,OADNet_audio,2,123,3.0,0.6,True,0.25,0.08333333333333333,0.4232056140899658,0.8128410875797272,0.25,0.25,0.08333333333333333,0.5833333333333334,0.07602339181286549,0.24561403508771928,0.5307017543859649,0.3328395485877991,0.8068257570266724,1
MDPE,OADNet_audio,2,123,3.0,0.6,True,0.25,0.08333333333333333,0.4232056140899658,0.8128410875797272,0.3,0.3,0.09999999999999999,0.5153508771929824,0.0935672514619883,0.29473684210526313,0.5471491228070176,0.3122589588165283,0.8047130256891251,0
MDPE,OADNet_audio,2,123,3.0,0.7,True,0.2,0.06666666666666667,0.44280657172203064,0.8197320997714996,0.05,0.05,0.016666666666666666,0.8793859649122807,0.005847953216374269,0.0456140350877193,0.47478070175438597,0.42826154828071594,0.846331313252449,0
MDPE,OADNet_audio,2,123,3.0,0.7,True,0.2,0.06666666666666667,0.44280657172203064,0.8197320997714996,0.075,0.075,0.024999999999999998,0.8355263157894737,0.017543859649122806,0.07017543859649122,0.48135964912280704,0.41202905774116516,0.8352228105068207,0
MDPE,OADNet_audio,2,123,3.0,0.7,True,0.2,0.06666666666666667,0.44280657172203064,0.8197320997714996,0.1,0.1,0.03333333333333333,0.8092105263157895,0.023391812865497075,0.09473684210526316,0.4901315789473684,0.3924189805984497,0.8347082734107971,0
MDPE,OADNet_audio,2,123,3.0,0.7,True,0.2,0.06666666666666667,0.44280657172203064,0.8197320997714996,0.15,0.15,0.049999999999999996,0.7302631578947368,0.04093567251461988,0.14385964912280702,0.5010964912280702,0.3692615330219269,0.8262586891651154,0
MDPE,OADNet_audio,2,123,3.0,0.7,True,0.2,0.06666666666666667,0.44280657172203064,0.8197320997714996,0.2,0.2,0.06666666666666667,0.6600877192982456,0.05847953216374269,0.19649122807017544,0.518640350877193,0.3567102551460266,0.8149294555187225,1
MDPE,OADNet_audio,2,123,3.0,0.7,True,0.2,0.06666666666666667,0.44280657172203064,0.8197320997714996,0.25,0.25,0.08333333333333333,0.5833333333333334,0.07602339181286549,0.24561403508771928,0.5307017543859649,0.3328395485877991,0.8068257570266724,0
MDPE,OADNet_audio,2,123,3.0,0.7,True,0.2,0.06666666666666667,0.44280657172203064,0.8197320997714996,0.3,0.3,0.09999999999999999,0.5153508771929824,0.0935672514619883,0.29473684210526313,0.5471491228070176,0.3122589588165283,0.8047130256891251,0
MDPE,OADNet_audio,2,123,3.0,0.8,True,0.15,0.049999999999999996,0.4777548313140869,0.8232307285070419,0.05,0.05,0.016666666666666666,0.8793859649122807,0.005847953216374269,0.0456140350877193,0.47478070175438597,0.42826154828071594,0.846331313252449,0
MDPE,OADNet_audio,2,123,3.0,0.8,True,0.15,0.049999999999999996,0.4777548313140869,0.8232307285070419,0.075,0.075,0.024999999999999998,0.8355263157894737,0.017543859649122806,0.07017543859649122,0.48135964912280704,0.41202905774116516,0.8352228105068207,0
MDPE,OADNet_audio,2,123,3.0,0.8,True,0.15,0.049999999999999996,0.4777548313140869,0.8232307285070419,0.1,0.1,0.03333333333333333,0.8092105263157895,0.023391812865497075,0.09473684210526316,0.4901315789473684,0.3924189805984497,0.8347082734107971,0
MDPE,OADNet_audio,2,123,3.0,0.8,True,0.15,0.049999999999999996,0.4777548313140869,0.8232307285070419,0.15,0.15,0.049999999999999996,0.7302631578947368,0.04093567251461988,0.14385964912280702,0.5010964912280702,0.3692615330219269,0.8262586891651154,1
MDPE,OADNet_audio,2,123,3.0,0.8,True,0.15,0.049999999999999996,0.4777548313140869,0.8232307285070419,0.2,0.2,0.06666666666666667,0.6600877192982456,0.05847953216374269,0.19649122807017544,0.518640350877193,0.3567102551460266,0.8149294555187225,0
MDPE,OADNet_audio,2,123,3.0,0.8,True,0.15,0.049999999999999996,0.4777548313140869,0.8232307285070419,0.25,0.25,0.08333333333333333,0.5833333333333334,0.07602339181286549,0.24561403508771928,0.5307017543859649,0.3328395485877991,0.8068257570266724,0
MDPE,OADNet_audio,2,123,3.0,0.8,True,0.15,0.049999999999999996,0.4777548313140869,0.8232307285070419,0.3,0.3,0.09999999999999999,0.5153508771929824,0.0935672514619883,0.29473684210526313,0.5471491228070176,0.3122589588165283,0.8047130256891251,0
MDPE,OADNet_audio,2,2024,3.0,0.5,False,0.3,0.09999999999999999,0.36326146125793457,0.7432666718959808,0.05,0.05,0.016666666666666666,0.9407894736842105,0.005847953216374269,0.0456140350877193,0.5054824561403509,0.46134239435195923,0.8048935383558273,0
MDPE,OADNet_audio,2,2024,3.0,0.5,False,0.3,0.09999999999999999,0.36326146125793457,0.7432666718959808,0.075,0.075,0.024999999999999998,0.8903508771929824,0.017543859649122806,0.07017543859649122,0.5087719298245614,0.42285946011543274,0.7812029868364334,0
MDPE,OADNet_audio,2,2024,3.0,0.5,False,0.3,0.09999999999999999,0.36326146125793457,0.7432666718959808,0.1,0.1,0.03333333333333333,0.8596491228070176,0.023391812865497075,0.09473684210526316,0.5153508771929824,0.400356262922287,0.7808591425418854,0
MDPE,OADNet_audio,2,2024,3.0,0.5,False,0.3,0.09999999999999999,0.36326146125793457,0.7432666718959808,0.15,0.15,0.049999999999999996,0.7763157894736842,0.04093567251461988,0.14385964912280702,0.5241228070175439,0.3582936227321625,0.769600123167038,0
MDPE,OADNet_audio,2,2024,3.0,0.5,False,0.3,0.09999999999999999,0.36326146125793457,0.7432666718959808,0.2,0.2,0.06666666666666667,0.6842105263157895,0.05847953216374269,0.19649122807017544,0.5307017543859649,0.3417634069919586,0.7603053450584412,0
MDPE,OADNet_audio,2,2024,3.0,0.5,False,0.3,0.09999999999999999,0.36326146125793457,0.7432666718959808,0.25,0.25,0.08333333333333333,0.6140350877192983,0.07602339181286549,0.24561403508771928,0.5460526315789473,0.3354596793651581,0.7530609369277954,0
MDPE,OADNet_audio,2,2024,3.0,0.5,False,0.3,0.09999999999999999,0.36326146125793457,0.7432666718959808,0.3,0.3,0.09999999999999999,0.5241228070175439,0.0935672514619883,0.29473684210526313,0.5515350877192983,0.3264292776584625,0.7483847141265869,1
MDPE,OADNet_audio,2,2024,3.0,0.6,True,0.3,0.09999999999999999,0.36326146125793457,0.7432666718959808,0.05,0.05,0.016666666666666666,0.9407894736842105,0.005847953216374269,0.0456140350877193,0.5054824561403509,0.46134239435195923,0.8048935383558273,0
MDPE,OADNet_audio,2,2024,3.0,0.6,True,0.3,0.09999999999999999,0.36326146125793457,0.7432666718959808,0.075,0.075,0.024999999999999998,0.8903508771929824,0.017543859649122806,0.07017543859649122,0.5087719298245614,0.42285946011543274,0.7812029868364334,0
MDPE,OADNet_audio,2,2024,3.0,0.6,True,0.3,0.09999999999999999,0.36326146125793457,0.7432666718959808,0.1,0.1,0.03333333333333333,0.8596491228070176,0.023391812865497075,0.09473684210526316,0.5153508771929824,0.400356262922287,0.7808591425418854,0
MDPE,OADNet_audio,2,2024,3.0,0.6,True,0.3,0.09999999999999999,0.36326146125793457,0.7432666718959808,0.15,0.15,0.049999999999999996,0.7763157894736842,0.04093567251461988,0.14385964912280702,0.5241228070175439,0.3582936227321625,0.769600123167038,0
MDPE,OADNet_audio,2,2024,3.0,0.6,True,0.3,0.09999999999999999,0.36326146125793457,0.7432666718959808,0.2,0.2,0.06666666666666667,0.6842105263157895,0.05847953216374269,0.19649122807017544,0.5307017543859649,0.3417634069919586,0.7603053450584412,0
MDPE,OADNet_audio,2,2024,3.0,0.6,True,0.3,0.09999999999999999,0.36326146125793457,0.7432666718959808,0.25,0.25,0.08333333333333333,0.6140350877192983,0.07602339181286549,0.24561403508771928,0.5460526315789473,0.3354596793651581,0.7530609369277954,0
MDPE,OADNet_audio,2,2024,3.0,0.6,True,0.3,0.09999999999999999,0.36326146125793457,0.7432666718959808,0.3,0.3,0.09999999999999999,0.5241228070175439,0.0935672514619883,0.29473684210526313,0.5515350877192983,0.3264292776584625,0.7483847141265869,1
MDPE,OADNet_audio,2,2024,3.0,0.7,True,0.2,0.06666666666666667,0.38373133540153503,0.7503268122673035,0.05,0.05,0.016666666666666666,0.9407894736842105,0.005847953216374269,0.0456140350877193,0.5054824561403509,0.46134239435195923,0.8048935383558273,0
MDPE,OADNet_audio,2,2024,3.0,0.7,True,0.2,0.06666666666666667,0.38373133540153503,0.7503268122673035,0.075,0.075,0.024999999999999998,0.8903508771929824,0.017543859649122806,0.07017543859649122,0.5087719298245614,0.42285946011543274,0.7812029868364334,0
MDPE,OADNet_audio,2,2024,3.0,0.7,True,0.2,0.06666666666666667,0.38373133540153503,0.7503268122673035,0.1,0.1,0.03333333333333333,0.8596491228070176,0.023391812865497075,0.09473684210526316,0.5153508771929824,0.400356262922287,0.7808591425418854,0
MDPE,OADNet_audio,2,2024,3.0,0.7,True,0.2,0.06666666666666667,0.38373133540153503,0.7503268122673035,0.15,0.15,0.049999999999999996,0.7763157894736842,0.04093567251461988,0.14385964912280702,0.5241228070175439,0.3582936227321625,0.769600123167038,0
MDPE,OADNet_audio,2,2024,3.0,0.7,True,0.2,0.06666666666666667,0.38373133540153503,0.7503268122673035,0.2,0.2,0.06666666666666667,0.6842105263157895,0.05847953216374269,0.19649122807017544,0.5307017543859649,0.3417634069919586,0.7603053450584412,1
MDPE,OADNet_audio,2,2024,3.0,0.7,True,0.2,0.06666666666666667,0.38373133540153503,0.7503268122673035,0.25,0.25,0.08333333333333333,0.6140350877192983,0.07602339181286549,0.24561403508771928,0.5460526315789473,0.3354596793651581,0.7530609369277954,0
MDPE,OADNet_audio,2,2024,3.0,0.7,True,0.2,0.06666666666666667,0.38373133540153503,0.7503268122673035,0.3,0.3,0.09999999999999999,0.5241228070175439,0.0935672514619883,0.29473684210526313,0.5515350877192983,0.3264292776584625,0.7483847141265869,0
MDPE,OADNet_audio,2,2024,3.0,0.8,True,0.15,0.049999999999999996,0.39276576042175293,0.7520982474088669,0.05,0.05,0.016666666666666666,0.9407894736842105,0.005847953216374269,0.0456140350877193,0.5054824561403509,0.46134239435195923,0.8048935383558273,0
MDPE,OADNet_audio,2,2024,3.0,0.8,True,0.15,0.049999999999999996,0.39276576042175293,0.7520982474088669,0.075,0.075,0.024999999999999998,0.8903508771929824,0.017543859649122806,0.07017543859649122,0.5087719298245614,0.42285946011543274,0.7812029868364334,0
MDPE,OADNet_audio,2,2024,3.0,0.8,True,0.15,0.049999999999999996,0.39276576042175293,0.7520982474088669,0.1,0.1,0.03333333333333333,0.8596491228070176,0.023391812865497075,0.09473684210526316,0.5153508771929824,0.400356262922287,0.7808591425418854,0
MDPE,OADNet_audio,2,2024,3.0,0.8,True,0.15,0.049999999999999996,0.39276576042175293,0.7520982474088669,0.15,0.15,0.049999999999999996,0.7763157894736842,0.04093567251461988,0.14385964912280702,0.5241228070175439,0.3582936227321625,0.769600123167038,1
MDPE,OADNet_audio,2,2024,3.0,0.8,True,0.15,0.049999999999999996,0.39276576042175293,0.7520982474088669,0.2,0.2,0.06666666666666667,0.6842105263157895,0.05847953216374269,0.19649122807017544,0.5307017543859649,0.3417634069919586,0.7603053450584412,0
MDPE,OADNet_audio,2,2024,3.0,0.8,True,0.15,0.049999999999999996,0.39276576042175293,0.7520982474088669,0.25,0.25,0.08333333333333333,0.6140350877192983,0.07602339181286549,0.24561403508771928,0.5460526315789473,0.3354596793651581,0.7530609369277954,0
MDPE,OADNet_audio,2,2024,3.0,0.8,True,0.15,0.049999999999999996,0.39276576042175293,0.7520982474088669,0.3,0.3,0.09999999999999999,0.5241228070175439,0.0935672514619883,0.29473684210526313,0.5515350877192983,0.3264292776584625,0.7483847141265869,0
MDPE,OADNet_audio,2,2026,3.0,0.5,False,0.3,0.09999999999999999,0.39632928371429443,0.7342316806316376,0.05,0.05,0.016666666666666666,0.9035087719298246,0.005847953216374269,0.0456140350877193,0.4868421052631579,0.47732484340667725,0.8102493733167648,0
MDPE,OADNet_audio,2,2026,3.0,0.5,False,0.3,0.09999999999999999,0.39632928371429443,0.7342316806316376,0.075,0.075,0.024999999999999998,0.8574561403508771,0.017543859649122806,0.07017543859649122,0.4923245614035088,0.46101677417755127,0.7884179353713989,0
MDPE,OADNet_audio,2,2026,3.0,0.5,False,0.3,0.09999999999999999,0.39632928371429443,0.7342316806316376,0.1,0.1,0.03333333333333333,0.831140350877193,0.023391812865497075,0.09473684210526316,0.5010964912280702,0.4561674892902374,0.7867963165044785,0
MDPE,OADNet_audio,2,2026,3.0,0.5,False,0.3,0.09999999999999999,0.39632928371429443,0.7342316806316376,0.15,0.15,0.049999999999999996,0.7478070175438597,0.04093567251461988,0.14385964912280702,0.5098684210526315,0.4381345510482788,0.7724776715040207,0
MDPE,OADNet_audio,2,2026,3.0,0.5,False,0.3,0.09999999999999999,0.39632928371429443,0.7342316806316376,0.2,0.2,0.06666666666666667,0.6864035087719298,0.05847953216374269,0.19649122807017544,0.5317982456140351,0.42439794540405273,0.7653458565473557,0
MDPE,OADNet_audio,2,2026,3.0,0.5,False,0.3,0.09999999999999999,0.39632928371429443,0.7342316806316376,0.25,0.25,0.08333333333333333,0.6030701754385965,0.07602339181286549,0.24561403508771928,0.5405701754385965,0.41147246956825256,0.7547129690647125,0
MDPE,OADNet_audio,2,2026,3.0,0.5,False,0.3,0.09999999999999999,0.39632928371429443,0.7342316806316376,0.3,0.3,0.09999999999999999,0.5328947368421053,0.0935672514619883,0.29473684210526313,0.555921052631579,0.396260529756546,0.750636100769043,1
MDPE,OADNet_audio,2,2026,3.0,0.6,True,0.3,0.09999999999999999,0.39632928371429443,0.7342316806316376,0.05,0.05,0.016666666666666666,0.9035087719298246,0.005847953216374269,0.0456140350877193,0.4868421052631579,0.47732484340667725,0.8102493733167648,0
MDPE,OADNet_audio,2,2026,3.0,0.6,True,0.3,0.09999999999999999,0.39632928371429443,0.7342316806316376,0.075,0.075,0.024999999999999998,0.8574561403508771,0.017543859649122806,0.07017543859649122,0.4923245614035088,0.46101677417755127,0.7884179353713989,0
MDPE,OADNet_audio,2,2026,3.0,0.6,True,0.3,0.09999999999999999,0.39632928371429443,0.7342316806316376,0.1,0.1,0.03333333333333333,0.831140350877193,0.023391812865497075,0.09473684210526316,0.5010964912280702,0.4561674892902374,0.7867963165044785,0
MDPE,OADNet_audio,2,2026,3.0,0.6,True,0.3,0.09999999999999999,0.39632928371429443,0.7342316806316376,0.15,0.15,0.049999999999999996,0.7478070175438597,0.04093567251461988,0.14385964912280702,0.5098684210526315,0.4381345510482788,0.7724776715040207,0
MDPE,OADNet_audio,2,2026,3.0,0.6,True,0.3,0.09999999999999999,0.39632928371429443,0.7342316806316376,0.2,0.2,0.06666666666666667,0.6864035087719298,0.05847953216374269,0.19649122807017544,0.5317982456140351,0.42439794540405273,0.7653458565473557,0
MDPE,OADNet_audio,2,2026,3.0,0.6,True,0.3,0.09999999999999999,0.39632928371429443,0.7342316806316376,0.25,0.25,0.08333333333333333,0.6030701754385965,0.07602339181286549,0.24561403508771928,0.5405701754385965,0.41147246956825256,0.7547129690647125,0
MDPE,OADNet_audio,2,2026,3.0,0.6,True,0.3,0.09999999999999999,0.39632928371429443,0.7342316806316376,0.3,0.3,0.09999999999999999,0.5328947368421053,0.0935672514619883,0.29473684210526313,0.555921052631579,0.396260529756546,0.750636100769043,1
MDPE,OADNet_audio,2,2026,3.0,0.7,True,0.2,0.06666666666666667,0.4167686998844147,0.7465821206569672,0.05,0.05,0.016666666666666666,0.9035087719298246,0.005847953216374269,0.0456140350877193,0.4868421052631579,0.47732484340667725,0.8102493733167648,0
MDPE,OADNet_audio,2,2026,3.0,0.7,True,0.2,0.06666666666666667,0.4167686998844147,0.7465821206569672,0.075,0.075,0.024999999999999998,0.8574561403508771,0.017543859649122806,0.07017543859649122,0.4923245614035088,0.46101677417755127,0.7884179353713989,0
MDPE,OADNet_audio,2,2026,3.0,0.7,True,0.2,0.06666666666666667,0.4167686998844147,0.7465821206569672,0.1,0.1,0.03333333333333333,0.831140350877193,0.023391812865497075,0.09473684210526316,0.5010964912280702,0.4561674892902374,0.7867963165044785,0
MDPE,OADNet_audio,2,2026,3.0,0.7,True,0.2,0.06666666666666667,0.4167686998844147,0.7465821206569672,0.15,0.15,0.049999999999999996,0.7478070175438597,0.04093567251461988,0.14385964912280702,0.5098684210526315,0.4381345510482788,0.7724776715040207,0
MDPE,OADNet_audio,2,2026,3.0,0.7,True,0.2,0.06666666666666667,0.4167686998844147,0.7465821206569672,0.2,0.2,0.06666666666666667,0.6864035087719298,0.05847953216374269,0.19649122807017544,0.5317982456140351,0.42439794540405273,0.7653458565473557,1
MDPE,OADNet_audio,2,2026,3.0,0.7,True,0.2,0.06666666666666667,0.4167686998844147,0.7465821206569672,0.25,0.25,0.08333333333333333,0.6030701754385965,0.07602339181286549,0.24561403508771928,0.5405701754385965,0.41147246956825256,0.7547129690647125,0
MDPE,OADNet_audio,2,2026,3.0,0.7,True,0.2,0.06666666666666667,0.4167686998844147,0.7465821206569672,0.3,0.3,0.09999999999999999,0.5328947368421053,0.0935672514619883,0.29473684210526313,0.555921052631579,0.396260529756546,0.750636100769043,0
MDPE,OADNet_audio,2,2026,3.0,0.8,True,0.15,0.049999999999999996,0.44046929478645325,0.7541143149137497,0.05,0.05,0.016666666666666666,0.9035087719298246,0.005847953216374269,0.0456140350877193,0.4868421052631579,0.47732484340667725,0.8102493733167648,0
MDPE,OADNet_audio,2,2026,3.0,0.8,True,0.15,0.049999999999999996,0.44046929478645325,0.7541143149137497,0.075,0.075,0.024999999999999998,0.8574561403508771,0.017543859649122806,0.07017543859649122,0.4923245614035088,0.46101677417755127,0.7884179353713989,0
MDPE,OADNet_audio,2,2026,3.0,0.8,True,0.15,0.049999999999999996,0.44046929478645325,0.7541143149137497,0.1,0.1,0.03333333333333333,0.831140350877193,0.023391812865497075,0.09473684210526316,0.5010964912280702,0.4561674892902374,0.7867963165044785,0
MDPE,OADNet_audio,2,2026,3.0,0.8,True,0.15,0.049999999999999996,0.44046929478645325,0.7541143149137497,0.15,0.15,0.049999999999999996,0.7478070175438597,0.04093567251461988,0.14385964912280702,0.5098684210526315,0.4381345510482788,0.7724776715040207,1
MDPE,OADNet_audio,2,2026,3.0,0.8,True,0.15,0.049999999999999996,0.44046929478645325,0.7541143149137497,0.2,0.2,0.06666666666666667,0.6864035087719298,0.05847953216374269,0.19649122807017544,0.5317982456140351,0.42439794540405273,0.7653458565473557,0
MDPE,OADNet_audio,2,2026,3.0,0.8,True,0.15,0.049999999999999996,0.44046929478645325,0.7541143149137497,0.25,0.25,0.08333333333333333,0.6030701754385965,0.07602339181286549,0.24561403508771928,0.5405701754385965,0.41147246956825256,0.7547129690647125,0
MDPE,OADNet_audio,2,2026,3.0,0.8,True,0.15,0.049999999999999996,0.44046929478645325,0.7541143149137497,0.3,0.3,0.09999999999999999,0.5328947368421053,0.0935672514619883,0.29473684210526313,0.555921052631579,0.396260529756546,0.750636100769043,0
MDPE,OADNet_audio,3,7,3.0,0.5,False,0.3,0.09999999999999999,0.35276558995246887,0.7806132882833481,0.05,0.05,0.016666666666666666,0.9407894736842105,0.005847953216374269,0.0456140350877193,0.5054824561403509,0.4372863173484802,0.7932049036026001,0
MDPE,OADNet_audio,3,7,3.0,0.5,False,0.3,0.09999999999999999,0.35276558995246887,0.7806132882833481,0.075,0.075,0.024999999999999998,0.9035087719298246,0.017543859649122806,0.07017543859649122,0.5153508771929824,0.4201236963272095,0.7868926525115967,0
MDPE,OADNet_audio,3,7,3.0,0.5,False,0.3,0.09999999999999999,0.35276558995246887,0.7806132882833481,0.1,0.1,0.03333333333333333,0.8793859649122807,0.023391812865497075,0.09473684210526316,0.5252192982456141,0.41387423872947693,0.7868174165487289,0
MDPE,OADNet_audio,3,7,3.0,0.5,False,0.3,0.09999999999999999,0.35276558995246887,0.7806132882833481,0.15,0.15,0.049999999999999996,0.7916666666666666,0.04093567251461988,0.14385964912280702,0.5317982456140351,0.39749810099601746,0.7666329443454742,0
MDPE,OADNet_audio,3,7,3.0,0.5,False,0.3,0.09999999999999999,0.35276558995246887,0.7806132882833481,0.2,0.2,0.06666666666666667,0.7083333333333334,0.05847953216374269,0.19649122807017544,0.5427631578947368,0.38416436314582825,0.7583106160163879,0
MDPE,OADNet_audio,3,7,3.0,0.5,False,0.3,0.09999999999999999,0.35276558995246887,0.7806132882833481,0.25,0.25,0.08333333333333333,0.6513157894736842,0.07602339181286549,0.24561403508771928,0.5646929824561403,0.3704330027103424,0.7537013441324234,0
MDPE,OADNet_audio,3,7,3.0,0.5,False,0.3,0.09999999999999999,0.35276558995246887,0.7806132882833481,0.3,0.3,0.09999999999999999,0.5789473684210527,0.0935672514619883,0.29473684210526313,0.5789473684210527,0.36206647753715515,0.7505957782268524,1
MDPE,OADNet_audio,3,7,3.0,0.6,True,0.3,0.09999999999999999,0.35276558995246887,0.7806132882833481,0.05,0.05,0.016666666666666666,0.9407894736842105,0.005847953216374269,0.0456140350877193,0.5054824561403509,0.4372863173484802,0.7932049036026001,0
MDPE,OADNet_audio,3,7,3.0,0.6,True,0.3,0.09999999999999999,0.35276558995246887,0.7806132882833481,0.075,0.075,0.024999999999999998,0.9035087719298246,0.017543859649122806,0.07017543859649122,0.5153508771929824,0.4201236963272095,0.7868926525115967,0
MDPE,OADNet_audio,3,7,3.0,0.6,True,0.3,0.09999999999999999,0.35276558995246887,0.7806132882833481,0.1,0.1,0.03333333333333333,0.8793859649122807,0.023391812865497075,0.09473684210526316,0.5252192982456141,0.41387423872947693,0.7868174165487289,0
MDPE,OADNet_audio,3,7,3.0,0.6,True,0.3,0.09999999999999999,0.35276558995246887,0.7806132882833481,0.15,0.15,0.049999999999999996,0.7916666666666666,0.04093567251461988,0.14385964912280702,0.5317982456140351,0.39749810099601746,0.7666329443454742,0
MDPE,OADNet_audio,3,7,3.0,0.6,True,0.3,0.09999999999999999,0.35276558995246887,0.7806132882833481,0.2,0.2,0.06666666666666667,0.7083333333333334,0.05847953216374269,0.19649122807017544,0.5427631578947368,0.38416436314582825,0.7583106160163879,0
MDPE,OADNet_audio,3,7,3.0,0.6,True,0.3,0.09999999999999999,0.35276558995246887,0.7806132882833481,0.25,0.25,0.08333333333333333,0.6513157894736842,0.07602339181286549,0.24561403508771928,0.5646929824561403,0.3704330027103424,0.7537013441324234,0
MDPE,OADNet_audio,3,7,3.0,0.6,True,0.3,0.09999999999999999,0.35276558995246887,0.7806132882833481,0.3,0.3,0.09999999999999999,0.5789473684210527,0.0935672514619883,0.29473684210526313,0.5789473684210527,0.36206647753715515,0.7505957782268524,1
MDPE,OADNet_audio,3,7,3.0,0.7,True,0.25,0.08333333333333333,0.36309540271759033,0.7834011167287827,0.05,0.05,0.016666666666666666,0.9407894736842105,0.005847953216374269,0.0456140350877193,0.5054824561403509,0.4372863173484802,0.7932049036026001,0
MDPE,OADNet_audio,3,7,3.0,0.7,True,0.25,0.08333333333333333,0.36309540271759033,0.7834011167287827,0.075,0.075,0.024999999999999998,0.9035087719298246,0.017543859649122806,0.07017543859649122,0.5153508771929824,0.4201236963272095,0.7868926525115967,0
MDPE,OADNet_audio,3,7,3.0,0.7,True,0.25,0.08333333333333333,0.36309540271759033,0.7834011167287827,0.1,0.1,0.03333333333333333,0.8793859649122807,0.023391812865497075,0.09473684210526316,0.5252192982456141,0.41387423872947693,0.7868174165487289,0
MDPE,OADNet_audio,3,7,3.0,0.7,True,0.25,0.08333333333333333,0.36309540271759033,0.7834011167287827,0.15,0.15,0.049999999999999996,0.7916666666666666,0.04093567251461988,0.14385964912280702,0.5317982456140351,0.39749810099601746,0.7666329443454742,0
MDPE,OADNet_audio,3,7,3.0,0.7,True,0.25,0.08333333333333333,0.36309540271759033,0.7834011167287827,0.2,0.2,0.06666666666666667,0.7083333333333334,0.05847953216374269,0.19649122807017544,0.5427631578947368,0.38416436314582825,0.7583106160163879,0
MDPE,OADNet_audio,3,7,3.0,0.7,True,0.25,0.08333333333333333,0.36309540271759033,0.7834011167287827,0.25,0.25,0.08333333333333333,0.6513157894736842,0.07602339181286549,0.24561403508771928,0.5646929824561403,0.3704330027103424,0.7537013441324234,1
MDPE,OADNet_audio,3,7,3.0,0.7,True,0.25,0.08333333333333333,0.36309540271759033,0.7834011167287827,0.3,0.3,0.09999999999999999,0.5789473684210527,0.0935672514619883,0.29473684210526313,0.5789473684210527,0.36206647753715515,0.7505957782268524,0
MDPE,OADNet_audio,3,7,3.0,0.8,True,0.15,0.049999999999999996,0.38206005096435547,0.8020561039447784,0.05,0.05,0.016666666666666666,0.9407894736842105,0.005847953216374269,0.0456140350877193,0.5054824561403509,0.4372863173484802,0.7932049036026001,0
MDPE,OADNet_audio,3,7,3.0,0.8,True,0.15,0.049999999999999996,0.38206005096435547,0.8020561039447784,0.075,0.075,0.024999999999999998,0.9035087719298246,0.017543859649122806,0.07017543859649122,0.5153508771929824,0.4201236963272095,0.7868926525115967,0
MDPE,OADNet_audio,3,7,3.0,0.8,True,0.15,0.049999999999999996,0.38206005096435547,0.8020561039447784,0.1,0.1,0.03333333333333333,0.8793859649122807,0.023391812865497075,0.09473684210526316,0.5252192982456141,0.41387423872947693,0.7868174165487289,0
MDPE,OADNet_audio,3,7,3.0,0.8,True,0.15,0.049999999999999996,0.38206005096435547,0.8020561039447784,0.15,0.15,0.049999999999999996,0.7916666666666666,0.04093567251461988,0.14385964912280702,0.5317982456140351,0.39749810099601746,0.7666329443454742,1
MDPE,OADNet_audio,3,7,3.0,0.8,True,0.15,0.049999999999999996,0.38206005096435547,0.8020561039447784,0.2,0.2,0.06666666666666667,0.7083333333333334,0.05847953216374269,0.19649122807017544,0.5427631578947368,0.38416436314582825,0.7583106160163879,0
MDPE,OADNet_audio,3,7,3.0,0.8,True,0.15,0.049999999999999996,0.38206005096435547,0.8020561039447784,0.25,0.25,0.08333333333333333,0.6513157894736842,0.07602339181286549,0.24561403508771928,0.5646929824561403,0.3704330027103424,0.7537013441324234,0
MDPE,OADNet_audio,3,7,3.0,0.8,True,0.15,0.049999999999999996,0.38206005096435547,0.8020561039447784,0.3,0.3,0.09999999999999999,0.5789473684210527,0.0935672514619883,0.29473684210526313,0.5789473684210527,0.36206647753715515,0.7505957782268524,0
MDPE,OADNet_audio,3,42,3.0,0.5,False,0.3,0.09999999999999999,0.3481886684894562,0.7971112430095673,0.05,0.05,0.016666666666666666,0.9342105263157895,0.005847953216374269,0.0456140350877193,0.5021929824561403,0.46410492062568665,0.8201137632131577,0
MDPE,OADNet_audio,3,42,3.0,0.5,False,0.3,0.09999999999999999,0.3481886684894562,0.7971112430095673,0.075,0.075,0.024999999999999998,0.8925438596491229,0.017543859649122806,0.07017543859649122,0.5098684210526315,0.44091174006462097,0.8165268748998642,0
MDPE,OADNet_audio,3,42,3.0,0.5,False,0.3,0.09999999999999999,0.3481886684894562,0.7971112430095673,0.1,0.1,0.03333333333333333,0.875,0.023391812865497075,0.09473684210526316,0.5230263157894737,0.4375866651535034,0.8161393105983734,0
MDPE,OADNet_audio,3,42,3.0,0.5,False,0.3,0.09999999999999999,0.3481886684894562,0.7971112430095673,0.15,0.15,0.049999999999999996,0.8070175438596491,0.04093567251461988,0.14385964912280702,0.5394736842105263,0.40496766567230225,0.8029921054840088,0
MDPE,OADNet_audio,3,42,3.0,0.5,False,0.3,0.09999999999999999,0.3481886684894562,0.7971112430095673,0.2,0.2,0.06666666666666667,0.7324561403508771,0.05847953216374269,0.19649122807017544,0.5548245614035088,0.38248398900032043,0.7874700874090195,0
MDPE,OADNet_audio,3,42,3.0,0.5,False,0.3,0.09999999999999999,0.3481886684894562,0.7971112430095673,0.25,0.25,0.08333333333333333,0.6820175438596491,0.07602339181286549,0.24210526315789474,0.5778508771929824,0.3732171058654785,0.7836964577436447,0
MDPE,OADNet_audio,3,42,3.0,0.5,False,0.3,0.09999999999999999,0.3481886684894562,0.7971112430095673,0.3,0.3,0.09999999999999999,0.5789473684210527,0.0935672514619883,0.29473684210526313,0.5789473684210527,0.35822758078575134,0.7583632469177246,1
MDPE,OADNet_audio,3,42,3.0,0.6,True,0.3,0.09999999999999999,0.3481886684894562,0.7971112430095673,0.05,0.05,0.016666666666666666,0.9342105263157895,0.005847953216374269,0.0456140350877193,0.5021929824561403,0.46410492062568665,0.8201137632131577,0
MDPE,OADNet_audio,3,42,3.0,0.6,True,0.3,0.09999999999999999,0.3481886684894562,0.7971112430095673,0.075,0.075,0.024999999999999998,0.8925438596491229,0.017543859649122806,0.07017543859649122,0.5098684210526315,0.44091174006462097,0.8165268748998642,0
MDPE,OADNet_audio,3,42,3.0,0.6,True,0.3,0.09999999999999999,0.3481886684894562,0.7971112430095673,0.1,0.1,0.03333333333333333,0.875,0.023391812865497075,0.09473684210526316,0.5230263157894737,0.4375866651535034,0.8161393105983734,0
MDPE,OADNet_audio,3,42,3.0,0.6,True,0.3,0.09999999999999999,0.3481886684894562,0.7971112430095673,0.15,0.15,0.049999999999999996,0.8070175438596491,0.04093567251461988,0.14385964912280702,0.5394736842105263,0.40496766567230225,0.8029921054840088,0
MDPE,OADNet_audio,3,42,3.0,0.6,True,0.3,0.09999999999999999,0.3481886684894562,0.7971112430095673,0.2,0.2,0.06666666666666667,0.7324561403508771,0.05847953216374269,0.19649122807017544,0.5548245614035088,0.38248398900032043,0.7874700874090195,0
MDPE,OADNet_audio,3,42,3.0,0.6,True,0.3,0.09999999999999999,0.3481886684894562,0.7971112430095673,0.25,0.25,0.08333333333333333,0.6820175438596491,0.07602339181286549,0.24210526315789474,0.5778508771929824,0.3732171058654785,0.7836964577436447,0
MDPE,OADNet_audio,3,42,3.0,0.6,True,0.3,0.09999999999999999,0.3481886684894562,0.7971112430095673,0.3,0.3,0.09999999999999999,0.5789473684210527,0.0935672514619883,0.29473684210526313,0.5789473684210527,0.35822758078575134,0.7583632469177246,1
MDPE,OADNet_audio,3,42,3.0,0.7,True,0.25,0.08333333333333333,0.37106963992118835,0.79979208111763,0.05,0.05,0.016666666666666666,0.9342105263157895,0.005847953216374269,0.0456140350877193,0.5021929824561403,0.46410492062568665,0.8201137632131577,0
MDPE,OADNet_audio,3,42,3.0,0.7,True,0.25,0.08333333333333333,0.37106963992118835,0.79979208111763,0.075,0.075,0.024999999999999998,0.8925438596491229,0.017543859649122806,0.07017543859649122,0.5098684210526315,0.44091174006462097,0.8165268748998642,0
MDPE,OADNet_audio,3,42,3.0,0.7,True,0.25,0.08333333333333333,0.37106963992118835,0.79979208111763,0.1,0.1,0.03333333333333333,0.875,0.023391812865497075,0.09473684210526316,0.5230263157894737,0.4375866651535034,0.8161393105983734,0
MDPE,OADNet_audio,3,42,3.0,0.7,True,0.25,0.08333333333333333,0.37106963992118835,0.79979208111763,0.15,0.15,0.049999999999999996,0.8070175438596491,0.04093567251461988,0.14385964912280702,0.5394736842105263,0.40496766567230225,0.8029921054840088,0
MDPE,OADNet_audio,3,42,3.0,0.7,True,0.25,0.08333333333333333,0.37106963992118835,0.79979208111763,0.2,0.2,0.06666666666666667,0.7324561403508771,0.05847953216374269,0.19649122807017544,0.5548245614035088,0.38248398900032043,0.7874700874090195,0
MDPE,OADNet_audio,3,42,3.0,0.7,True,0.25,0.08333333333333333,0.37106963992118835,0.79979208111763,0.25,0.25,0.08333333333333333,0.6820175438596491,0.07602339181286549,0.24210526315789474,0.5778508771929824,0.3732171058654785,0.7836964577436447,1
MDPE,OADNet_audio,3,42,3.0,0.7,True,0.25,0.08333333333333333,0.37106963992118835,0.79979208111763,0.3,0.3,0.09999999999999999,0.5789473684210527,0.0935672514619883,0.29473684210526313,0.5789473684210527,0.35822758078575134,0.7583632469177246,0
MDPE,OADNet_audio,3,42,3.0,0.8,True,0.2,0.06666666666666667,0.3875676393508911,0.8028102815151215,0.05,0.05,0.016666666666666666,0.9342105263157895,0.005847953216374269,0.0456140350877193,0.5021929824561403,0.46410492062568665,0.8201137632131577,0
MDPE,OADNet_audio,3,42,3.0,0.8,True,0.2,0.06666666666666667,0.3875676393508911,0.8028102815151215,0.075,0.075,0.024999999999999998,0.8925438596491229,0.017543859649122806,0.07017543859649122,0.5098684210526315,0.44091174006462097,0.8165268748998642,0
MDPE,OADNet_audio,3,42,3.0,0.8,True,0.2,0.06666666666666667,0.3875676393508911,0.8028102815151215,0.1,0.1,0.03333333333333333,0.875,0.023391812865497075,0.09473684210526316,0.5230263157894737,0.4375866651535034,0.8161393105983734,0
MDPE,OADNet_audio,3,42,3.0,0.8,True,0.2,0.06666666666666667,0.3875676393508911,0.8028102815151215,0.15,0.15,0.049999999999999996,0.8070175438596491,0.04093567251461988,0.14385964912280702,0.5394736842105263,0.40496766567230225,0.8029921054840088,0
MDPE,OADNet_audio,3,42,3.0,0.8,True,0.2,0.06666666666666667,0.3875676393508911,0.8028102815151215,0.2,0.2,0.06666666666666667,0.7324561403508771,0.05847953216374269,0.19649122807017544,0.5548245614035088,0.38248398900032043,0.7874700874090195,1
MDPE,OADNet_audio,3,42,3.0,0.8,True,0.2,0.06666666666666667,0.3875676393508911,0.8028102815151215,0.25,0.25,0.08333333333333333,0.6820175438596491,0.07602339181286549,0.24210526315789474,0.5778508771929824,0.3732171058654785,0.7836964577436447,0
MDPE,OADNet_audio,3,42,3.0,0.8,True,0.2,0.06666666666666667,0.3875676393508911,0.8028102815151215,0.3,0.3,0.09999999999999999,0.5789473684210527,0.0935672514619883,0.29473684210526313,0.5789473684210527,0.35822758078575134,0.7583632469177246,0
MDPE,OADNet_audio,3,123,3.0,0.5,False,0.3,0.09999999999999999,0.370399534702301,0.7702107131481171,0.05,0.05,0.016666666666666666,0.918859649122807,0.005847953216374269,0.0456140350877193,0.49451754385964913,0.4225790798664093,0.7780447602272034,0
MDPE,OADNet_audio,3,123,3.0,0.5,False,0.3,0.09999999999999999,0.370399534702301,0.7702107131481171,0.075,0.075,0.024999999999999998,0.8925438596491229,0.017543859649122806,0.07017543859649122,0.5098684210526315,0.4111248254776001,0.7778463065624237,0
MDPE,OADNet_audio,3,123,3.0,0.5,False,0.3,0.09999999999999999,0.370399534702301,0.7702107131481171,0.1,0.1,0.03333333333333333,0.8574561403508771,0.023391812865497075,0.09473684210526316,0.5142543859649122,0.396741658449173,0.776353731751442,0
MDPE,OADNet_audio,3,123,3.0,0.5,False,0.3,0.09999999999999999,0.370399534702301,0.7702107131481171,0.15,0.15,0.049999999999999996,0.793859649122807,0.04093567251461988,0.14385964912280702,0.5328947368421053,0.3852521777153015,0.7704139649868011,0
MDPE,OADNet_audio,3,123,3.0,0.5,False,0.3,0.09999999999999999,0.370399534702301,0.7702107131481171,0.2,0.2,0.06666666666666667,0.6885964912280702,0.05847953216374269,0.19649122807017544,0.5328947368421053,0.3680582344532013,0.7622887939214706,0
MDPE,OADNet_audio,3,123,3.0,0.5,False,0.3,0.09999999999999999,0.370399534702301,0.7702107131481171,0.25,0.25,0.08333333333333333,0.6425438596491229,0.07602339181286549,0.24561403508771928,0.5603070175438597,0.35513001680374146,0.7617679089307785,0
MDPE,OADNet_audio,3,123,3.0,0.5,False,0.3,0.09999999999999999,0.370399534702301,0.7702107131481171,0.3,0.3,0.09999999999999999,0.5789473684210527,0.0935672514619883,0.29473684210526313,0.5789473684210527,0.3476022481918335,0.7584158778190613,1
MDPE,OADNet_audio,3,123,3.0,0.6,True,0.3,0.09999999999999999,0.370399534702301,0.7702107131481171,0.05,0.05,0.016666666666666666,0.918859649122807,0.005847953216374269,0.0456140350877193,0.49451754385964913,0.4225790798664093,0.7780447602272034,0
MDPE,OADNet_audio,3,123,3.0,0.6,True,0.3,0.09999999999999999,0.370399534702301,0.7702107131481171,0.075,0.075,0.024999999999999998,0.8925438596491229,0.017543859649122806,0.07017543859649122,0.5098684210526315,0.4111248254776001,0.7778463065624237,0
MDPE,OADNet_audio,3,123,3.0,0.6,True,0.3,0.09999999999999999,0.370399534702301,0.7702107131481171,0.1,0.1,0.03333333333333333,0.8574561403508771,0.023391812865497075,0.09473684210526316,0.5142543859649122,0.396741658449173,0.776353731751442,0
MDPE,OADNet_audio,3,123,3.0,0.6,True,0.3,0.09999999999999999,0.370399534702301,0.7702107131481171,0.15,0.15,0.049999999999999996,0.793859649122807,0.04093567251461988,0.14385964912280702,0.5328947368421053,0.3852521777153015,0.7704139649868011,0
MDPE,OADNet_audio,3,123,3.0,0.6,True,0.3,0.09999999999999999,0.370399534702301,0.7702107131481171,0.2,0.2,0.06666666666666667,0.6885964912280702,0.05847953216374269,0.19649122807017544,0.5328947368421053,0.3680582344532013,0.7622887939214706,0
MDPE,OADNet_audio,3,123,3.0,0.6,True,0.3,0.09999999999999999,0.370399534702301,0.7702107131481171,0.25,0.25,0.08333333333333333,0.6425438596491229,0.07602339181286549,0.24561403508771928,0.5603070175438597,0.35513001680374146,0.7617679089307785,0
MDPE,OADNet_audio,3,123,3.0,0.6,True,0.3,0.09999999999999999,0.370399534702301,0.7702107131481171,0.3,0.3,0.09999999999999999,0.5789473684210527,0.0935672514619883,0.29473684210526313,0.5789473684210527,0.3476022481918335,0.7584158778190613,1
MDPE,OADNet_audio,3,123,3.0,0.7,True,0.2,0.06666666666666667,0.39853036403656006,0.7860727161169052,0.05,0.05,0.016666666666666666,0.918859649122807,0.005847953216374269,0.0456140350877193,0.49451754385964913,0.4225790798664093,0.7780447602272034,0
MDPE,OADNet_audio,3,123,3.0,0.7,True,0.2,0.06666666666666667,0.39853036403656006,0.7860727161169052,0.075,0.075,0.024999999999999998,0.8925438596491229,0.017543859649122806,0.07017543859649122,0.5098684210526315,0.4111248254776001,0.7778463065624237,0
MDPE,OADNet_audio,3,123,3.0,0.7,True,0.2,0.06666666666666667,0.39853036403656006,0.7860727161169052,0.1,0.1,0.03333333333333333,0.8574561403508771,0.023391812865497075,0.09473684210526316,0.5142543859649122,0.396741658449173,0.776353731751442,0
MDPE,OADNet_audio,3,123,3.0,0.7,True,0.2,0.06666666666666667,0.39853036403656006,0.7860727161169052,0.15,0.15,0.049999999999999996,0.793859649122807,0.04093567251461988,0.14385964912280702,0.5328947368421053,0.3852521777153015,0.7704139649868011,0
MDPE,OADNet_audio,3,123,3.0,0.7,True,0.2,0.06666666666666667,0.39853036403656006,0.7860727161169052,0.2,0.2,0.06666666666666667,0.6885964912280702,0.05847953216374269,0.19649122807017544,0.5328947368421053,0.3680582344532013,0.7622887939214706,1
MDPE,OADNet_audio,3,123,3.0,0.7,True,0.2,0.06666666666666667,0.39853036403656006,0.7860727161169052,0.25,0.25,0.08333333333333333,0.6425438596491229,0.07602339181286549,0.24561403508771928,0.5603070175438597,0.35513001680374146,0.7617679089307785,0
MDPE,OADNet_audio,3,123,3.0,0.7,True,0.2,0.06666666666666667,0.39853036403656006,0.7860727161169052,0.3,0.3,0.09999999999999999,0.5789473684210527,0.0935672514619883,0.29473684210526313,0.5789473684210527,0.3476022481918335,0.7584158778190613,0
MDPE,OADNet_audio,3,123,3.0,0.8,True,0.2,0.06666666666666667,0.39853036403656006,0.7860727161169052,0.05,0.05,0.016666666666666666,0.918859649122807,0.005847953216374269,0.0456140350877193,0.49451754385964913,0.4225790798664093,0.7780447602272034,0
MDPE,OADNet_audio,3,123,3.0,0.8,True,0.2,0.06666666666666667,0.39853036403656006,0.7860727161169052,0.075,0.075,0.024999999999999998,0.8925438596491229,0.017543859649122806,0.07017543859649122,0.5098684210526315,0.4111248254776001,0.7778463065624237,0
MDPE,OADNet_audio,3,123,3.0,0.8,True,0.2,0.06666666666666667,0.39853036403656006,0.7860727161169052,0.1,0.1,0.03333333333333333,0.8574561403508771,0.023391812865497075,0.09473684210526316,0.5142543859649122,0.396741658449173,0.776353731751442,0
MDPE,OADNet_audio,3,123,3.0,0.8,True,0.2,0.06666666666666667,0.39853036403656006,0.7860727161169052,0.15,0.15,0.049999999999999996,0.793859649122807,0.04093567251461988,0.14385964912280702,0.5328947368421053,0.3852521777153015,0.7704139649868011,0
MDPE,OADNet_audio,3,123,3.0,0.8,True,0.2,0.06666666666666667,0.39853036403656006,0.7860727161169052,0.2,0.2,0.06666666666666667,0.6885964912280702,0.05847953216374269,0.19649122807017544,0.5328947368421053,0.3680582344532013,0.7622887939214706,1
MDPE,OADNet_audio,3,123,3.0,0.8,True,0.2,0.06666666666666667,0.39853036403656006,0.7860727161169052,0.25,0.25,0.08333333333333333,0.6425438596491229,0.07602339181286549,0.24561403508771928,0.5603070175438597,0.35513001680374146,0.7617679089307785,0
MDPE,OADNet_audio,3,123,3.0,0.8,True,0.2,0.06666666666666667,0.39853036403656006,0.7860727161169052,0.3,0.3,0.09999999999999999,0.5789473684210527,0.0935672514619883,0.29473684210526313,0.5789473684210527,0.3476022481918335,0.7584158778190613,0
MDPE,OADNet_audio,3,2024,3.0,0.5,False,0.3,0.09999999999999999,0.37887388467788696,0.7415089011192322,0.05,0.05,0.016666666666666666,0.9517543859649122,0.005847953216374269,0.0456140350877193,0.5109649122807017,0.4802635908126831,0.7840857207775116,0
MDPE,OADNet_audio,3,2024,3.0,0.5,False,0.3,0.09999999999999999,0.37887388467788696,0.7415089011192322,0.075,0.075,0.024999999999999998,0.9100877192982456,0.017543859649122806,0.07017543859649122,0.518640350877193,0.4585510492324829,0.7572562545537949,0
MDPE,OADNet_audio,3,2024,3.0,0.5,False,0.3,0.09999999999999999,0.37887388467788696,0.7415089011192322,0.1,0.1,0.03333333333333333,0.881578947368421,0.023391812865497075,0.09473684210526316,0.5263157894736842,0.44590914249420166,0.7519375532865524,0
MDPE,OADNet_audio,3,2024,3.0,0.5,False,0.3,0.09999999999999999,0.37887388467788696,0.7415089011192322,0.15,0.15,0.049999999999999996,0.8135964912280702,0.04093567251461988,0.14385964912280702,0.5427631578947368,0.4212786853313446,0.7443613111972809,0
MDPE,OADNet_audio,3,2024,3.0,0.5,False,0.3,0.09999999999999999,0.37887388467788696,0.7415089011192322,0.2,0.2,0.06666666666666667,0.7302631578947368,0.05847953216374269,0.19649122807017544,0.5537280701754386,0.39591702818870544,0.737969845533371,0
MDPE,OADNet_audio,3,2024,3.0,0.5,False,0.3,0.09999999999999999,0.37887388467788696,0.7415089011192322,0.25,0.25,0.08333333333333333,0.668859649122807,0.07602339181286549,0.24561403508771928,0.5734649122807017,0.38131019473075867,0.7292136251926422,0
MDPE,OADNet_audio,3,2024,3.0,0.5,False,0.3,0.09999999999999999,0.37887388467788696,0.7415089011192322,0.3,0.3,0.09999999999999999,0.6030701754385965,0.0935672514619883,0.29473684210526313,0.5910087719298246,0.3714676797389984,0.7194648087024689,1
MDPE,OADNet_audio,3,2024,3.0,0.6,False,0.3,0.09999999999999999,0.37887388467788696,0.7415089011192322,0.05,0.05,0.016666666666666666,0.9517543859649122,0.005847953216374269,0.0456140350877193,0.5109649122807017,0.4802635908126831,0.7840857207775116,0
MDPE,OADNet_audio,3,2024,3.0,0.6,False,0.3,0.09999999999999999,0.37887388467788696,0.7415089011192322,0.075,0.075,0.024999999999999998,0.9100877192982456,0.017543859649122806,0.07017543859649122,0.518640350877193,0.4585510492324829,0.7572562545537949,0
MDPE,OADNet_audio,3,2024,3.0,0.6,False,0.3,0.09999999999999999,0.37887388467788696,0.7415089011192322,0.1,0.1,0.03333333333333333,0.881578947368421,0.023391812865497075,0.09473684210526316,0.5263157894736842,0.44590914249420166,0.7519375532865524,0
MDPE,OADNet_audio,3,2024,3.0,0.6,False,0.3,0.09999999999999999,0.37887388467788696,0.7415089011192322,0.15,0.15,0.049999999999999996,0.8135964912280702,0.04093567251461988,0.14385964912280702,0.5427631578947368,0.4212786853313446,0.7443613111972809,0
MDPE,OADNet_audio,3,2024,3.0,0.6,False,0.3,0.09999999999999999,0.37887388467788696,0.7415089011192322,0.2,0.2,0.06666666666666667,0.7302631578947368,0.05847953216374269,0.19649122807017544,0.5537280701754386,0.39591702818870544,0.737969845533371,0
MDPE,OADNet_audio,3,2024,3.0,0.6,False,0.3,0.09999999999999999,0.37887388467788696,0.7415089011192322,0.25,0.25,0.08333333333333333,0.668859649122807,0.07602339181286549,0.24561403508771928,0.5734649122807017,0.38131019473075867,0.7292136251926422,0
MDPE,OADNet_audio,3,2024,3.0,0.6,False,0.3,0.09999999999999999,0.37887388467788696,0.7415089011192322,0.3,0.3,0.09999999999999999,0.6030701754385965,0.0935672514619883,0.29473684210526313,0.5910087719298246,0.3714676797389984,0.7194648087024689,1
MDPE,OADNet_audio,3,2024,3.0,0.7,True,0.25,0.08333333333333333,0.39015713334083557,0.7444705963134766,0.05,0.05,0.016666666666666666,0.9517543859649122,0.005847953216374269,0.0456140350877193,0.5109649122807017,0.4802635908126831,0.7840857207775116,0
MDPE,OADNet_audio,3,2024,3.0,0.7,True,0.25,0.08333333333333333,0.39015713334083557,0.7444705963134766,0.075,0.075,0.024999999999999998,0.9100877192982456,0.017543859649122806,0.07017543859649122,0.518640350877193,0.4585510492324829,0.7572562545537949,0
MDPE,OADNet_audio,3,2024,3.0,0.7,True,0.25,0.08333333333333333,0.39015713334083557,0.7444705963134766,0.1,0.1,0.03333333333333333,0.881578947368421,0.023391812865497075,0.09473684210526316,0.5263157894736842,0.44590914249420166,0.7519375532865524,0
MDPE,OADNet_audio,3,2024,3.0,0.7,True,0.25,0.08333333333333333,0.39015713334083557,0.7444705963134766,0.15,0.15,0.049999999999999996,0.8135964912280702,0.04093567251461988,0.14385964912280702,0.5427631578947368,0.4212786853313446,0.7443613111972809,0
MDPE,OADNet_audio,3,2024,3.0,0.7,True,0.25,0.08333333333333333,0.39015713334083557,0.7444705963134766,0.2,0.2,0.06666666666666667,0.7302631578947368,0.05847953216374269,0.19649122807017544,0.5537280701754386,0.39591702818870544,0.737969845533371,0
MDPE,OADNet_audio,3,2024,3.0,0.7,True,0.25,0.08333333333333333,0.39015713334083557,0.7444705963134766,0.25,0.25,0.08333333333333333,0.668859649122807,0.07602339181286549,0.24561403508771928,0.5734649122807017,0.38131019473075867,0.7292136251926422,1
MDPE,OADNet_audio,3,2024,3.0,0.7,True,0.25,0.08333333333333333,0.39015713334083557,0.7444705963134766,0.3,0.3,0.09999999999999999,0.6030701754385965,0.0935672514619883,0.29473684210526313,0.5910087719298246,0.3714676797389984,0.7194648087024689,0
MDPE,OADNet_audio,3,2024,3.0,0.8,True,0.2,0.06666666666666667,0.4056425988674164,0.7482765913009644,0.05,0.05,0.016666666666666666,0.9517543859649122,0.005847953216374269,0.0456140350877193,0.5109649122807017,0.4802635908126831,0.7840857207775116,0
MDPE,OADNet_audio,3,2024,3.0,0.8,True,0.2,0.06666666666666667,0.4056425988674164,0.7482765913009644,0.075,0.075,0.024999999999999998,0.9100877192982456,0.017543859649122806,0.07017543859649122,0.518640350877193,0.4585510492324829,0.7572562545537949,0
MDPE,OADNet_audio,3,2024,3.0,0.8,True,0.2,0.06666666666666667,0.4056425988674164,0.7482765913009644,0.1,0.1,0.03333333333333333,0.881578947368421,0.023391812865497075,0.09473684210526316,0.5263157894736842,0.44590914249420166,0.7519375532865524,0
MDPE,OADNet_audio,3,2024,3.0,0.8,True,0.2,0.06666666666666667,0.4056425988674164,0.7482765913009644,0.15,0.15,0.049999999999999996,0.8135964912280702,0.04093567251461988,0.14385964912280702,0.5427631578947368,0.4212786853313446,0.7443613111972809,0
MDPE,OADNet_audio,3,2024,3.0,0.8,True,0.2,0.06666666666666667,0.4056425988674164,0.7482765913009644,0.2,0.2,0.06666666666666667,0.7302631578947368,0.05847953216374269,0.19649122807017544,0.5537280701754386,0.39591702818870544,0.737969845533371,1
MDPE,OADNet_audio,3,2024,3.0,0.8,True,0.2,0.06666666666666667,0.4056425988674164,0.7482765913009644,0.25,0.25,0.08333333333333333,0.668859649122807,0.07602339181286549,0.24561403508771928,0.5734649122807017,0.38131019473075867,0.7292136251926422,0
MDPE,OADNet_audio,3,2024,3.0,0.8,True,0.2,0.06666666666666667,0.4056425988674164,0.7482765913009644,0.3,0.3,0.09999999999999999,0.6030701754385965,0.0935672514619883,0.29473684210526313,0.5910087719298246,0.3714676797389984,0.7194648087024689,0
MDPE,OADNet_audio,3,2026,3.0,0.5,False,0.3,0.09999999999999999,0.3905715346336365,0.8007103502750397,0.05,0.05,0.016666666666666666,0.9254385964912281,0.005847953216374269,0.0456140350877193,0.49780701754385964,0.48793888092041016,0.9032138660550117,0
MDPE,OADNet_audio,3,2026,3.0,0.5,False,0.3,0.09999999999999999,0.3905715346336365,0.8007103502750397,0.075,0.075,0.024999999999999998,0.8903508771929824,0.017543859649122806,0.07017543859649122,0.5087719298245614,0.4685903489589691,0.9003134444355965,0
MDPE,OADNet_audio,3,2026,3.0,0.5,False,0.3,0.09999999999999999,0.3905715346336365,0.8007103502750397,0.1,0.1,0.03333333333333333,0.8574561403508771,0.023391812865497075,0.09473684210526316,0.5142543859649122,0.45303404331207275,0.8937084004282951,0
MDPE,OADNet_audio,3,2026,3.0,0.5,False,0.3,0.09999999999999999,0.3905715346336365,0.8007103502750397,0.15,0.15,0.049999999999999996,0.8026315789473685,0.04093567251461988,0.14385964912280702,0.5372807017543859,0.4240471422672272,0.8849196955561638,0
MDPE,OADNet_audio,3,2026,3.0,0.5,False,0.3,0.09999999999999999,0.3905715346336365,0.8007103502750397,0.2,0.2,0.06666666666666667,0.7412280701754386,0.05847953216374269,0.19649122807017544,0.5592105263157895,0.4038434326648712,0.8663055896759033,0
MDPE,OADNet_audio,3,2026,3.0,0.5,False,0.3,0.09999999999999999,0.3905715346336365,0.8007103502750397,0.25,0.25,0.08333333333333333,0.6820175438596491,0.07602339181286549,0.24561403508771928,0.5800438596491229,0.3881813585758209,0.845291867852211,0
MDPE,OADNet_audio,3,2026,3.0,0.5,False,0.3,0.09999999999999999,0.3905715346336365,0.8007103502750397,0.3,0.3,0.09999999999999999,0.618421052631579,0.0935672514619883,0.29473684210526313,0.5986842105263158,0.3650571405887604,0.8414983749389648,1
MDPE,OADNet_audio,3,2026,3.0,0.6,False,0.3,0.09999999999999999,0.3905715346336365,0.8007103502750397,0.05,0.05,0.016666666666666666,0.9254385964912281,0.005847953216374269,0.0456140350877193,0.49780701754385964,0.48793888092041016,0.9032138660550117,0
MDPE,OADNet_audio,3,2026,3.0,0.6,False,0.3,0.09999999999999999,0.3905715346336365,0.8007103502750397,0.075,0.075,0.024999999999999998,0.8903508771929824,0.017543859649122806,0.07017543859649122,0.5087719298245614,0.4685903489589691,0.9003134444355965,0
MDPE,OADNet_audio,3,2026,3.0,0.6,False,0.3,0.09999999999999999,0.3905715346336365,0.8007103502750397,0.1,0.1,0.03333333333333333,0.8574561403508771,0.023391812865497075,0.09473684210526316,0.5142543859649122,0.45303404331207275,0.8937084004282951,0
MDPE,OADNet_audio,3,2026,3.0,0.6,False,0.3,0.09999999999999999,0.3905715346336365,0.8007103502750397,0.15,0.15,0.049999999999999996,0.8026315789473685,0.04093567251461988,0.14385964912280702,0.5372807017543859,0.4240471422672272,0.8849196955561638,0
MDPE,OADNet_audio,3,2026,3.0,0.6,False,0.3,0.09999999999999999,0.3905715346336365,0.8007103502750397,0.2,0.2,0.06666666666666667,0.7412280701754386,0.05847953216374269,0.19649122807017544,0.5592105263157895,0.4038434326648712,0.8663055896759033,0
MDPE,OADNet_audio,3,2026,3.0,0.6,False,0.3,0.09999999999999999,0.3905715346336365,0.8007103502750397,0.25,0.25,0.08333333333333333,0.6820175438596491,0.07602339181286549,0.24561403508771928,0.5800438596491229,0.3881813585758209,0.845291867852211,0
MDPE,OADNet_audio,3,2026,3.0,0.6,False,0.3,0.09999999999999999,0.3905715346336365,0.8007103502750397,0.3,0.3,0.09999999999999999,0.618421052631579,0.0935672514619883,0.29473684210526313,0.5986842105263158,0.3650571405887604,0.8414983749389648,1
MDPE,OADNet_audio,3,2026,3.0,0.7,True,0.25,0.08333333333333333,0.4067510664463043,0.8067362010478973,0.05,0.05,0.016666666666666666,0.9254385964912281,0.005847953216374269,0.0456140350877193,0.49780701754385964,0.48793888092041016,0.9032138660550117,0
MDPE,OADNet_audio,3,2026,3.0,0.7,True,0.25,0.08333333333333333,0.4067510664463043,0.8067362010478973,0.075,0.075,0.024999999999999998,0.8903508771929824,0.017543859649122806,0.07017543859649122,0.5087719298245614,0.4685903489589691,0.9003134444355965,0
MDPE,OADNet_audio,3,2026,3.0,0.7,True,0.25,0.08333333333333333,0.4067510664463043,0.8067362010478973,0.1,0.1,0.03333333333333333,0.8574561403508771,0.023391812865497075,0.09473684210526316,0.5142543859649122,0.45303404331207275,0.8937084004282951,0
MDPE,OADNet_audio,3,2026,3.0,0.7,True,0.25,0.08333333333333333,0.4067510664463043,0.8067362010478973,0.15,0.15,0.049999999999999996,0.8026315789473685,0.04093567251461988,0.14385964912280702,0.5372807017543859,0.4240471422672272,0.8849196955561638,0
MDPE,OADNet_audio,3,2026,3.0,0.7,True,0.25,0.08333333333333333,0.4067510664463043,0.8067362010478973,0.2,0.2,0.06666666666666667,0.7412280701754386,0.05847953216374269,0.19649122807017544,0.5592105263157895,0.4038434326648712,0.8663055896759033,0
MDPE,OADNet_audio,3,2026,3.0,0.7,True,0.25,0.08333333333333333,0.4067510664463043,0.8067362010478973,0.25,0.25,0.08333333333333333,0.6820175438596491,0.07602339181286549,0.24561403508771928,0.5800438596491229,0.3881813585758209,0.845291867852211,1
MDPE,OADNet_audio,3,2026,3.0,0.7,True,0.25,0.08333333333333333,0.4067510664463043,0.8067362010478973,0.3,0.3,0.09999999999999999,0.618421052631579,0.0935672514619883,0.29473684210526313,0.5986842105263158,0.3650571405887604,0.8414983749389648,0
MDPE,OADNet_audio,3,2026,3.0,0.8,True,0.2,0.06666666666666667,0.42383673787117004,0.8094975352287292,0.05,0.05,0.016666666666666666,0.9254385964912281,0.005847953216374269,0.0456140350877193,0.49780701754385964,0.48793888092041016,0.9032138660550117,0
MDPE,OADNet_audio,3,2026,3.0,0.8,True,0.2,0.06666666666666667,0.42383673787117004,0.8094975352287292,0.075,0.075,0.024999999999999998,0.8903508771929824,0.017543859649122806,0.07017543859649122,0.5087719298245614,0.4685903489589691,0.9003134444355965,0
MDPE,OADNet_audio,3,2026,3.0,0.8,True,0.2,0.06666666666666667,0.42383673787117004,0.8094975352287292,0.1,0.1,0.03333333333333333,0.8574561403508771,0.023391812865497075,0.09473684210526316,0.5142543859649122,0.45303404331207275,0.8937084004282951,0
MDPE,OADNet_audio,3,2026,3.0,0.8,True,0.2,0.06666666666666667,0.42383673787117004,0.8094975352287292,0.15,0.15,0.049999999999999996,0.8026315789473685,0.04093567251461988,0.14385964912280702,0.5372807017543859,0.4240471422672272,0.8849196955561638,0
MDPE,OADNet_audio,3,2026,3.0,0.8,True,0.2,0.06666666666666667,0.42383673787117004,0.8094975352287292,0.2,0.2,0.06666666666666667,0.7412280701754386,0.05847953216374269,0.19649122807017544,0.5592105263157895,0.4038434326648712,0.8663055896759033,1
MDPE,OADNet_audio,3,2026,3.0,0.8,True,0.2,0.06666666666666667,0.42383673787117004,0.8094975352287292,0.25,0.25,0.08333333333333333,0.6820175438596491,0.07602339181286549,0.24561403508771928,0.5800438596491229,0.3881813585758209,0.845291867852211,0
MDPE,OADNet_audio,3,2026,3.0,0.8,True,0.2,0.06666666666666667,0.42383673787117004,0.8094975352287292,0.3,0.3,0.09999999999999999,0.618421052631579,0.0935672514619883,0.29473684210526313,0.5986842105263158,0.3650571405887604,0.8414983749389648,0
MDPE,OADNet_audio,4,7,3.0,0.5,False,0.3,0.09999999999999999,0.41655927896499634,0.7520982474088669,0.05,0.05,0.016666666666666666,0.9517543859649122,0.005847953216374269,0.0456140350877193,0.5109649122807017,0.4625158905982971,0.7283051908016205,0
MDPE,OADNet_audio,4,7,3.0,0.5,False,0.3,0.09999999999999999,0.41655927896499634,0.7520982474088669,0.075,0.075,0.024999999999999998,0.9078947368421053,0.011695906432748537,0.07017543859649122,0.5109649122807017,0.4000459909439087,0.727793425321579,0
MDPE,OADNet_audio,4,7,3.0,0.5,False,0.3,0.09999999999999999,0.41655927896499634,0.7520982474088669,0.1,0.1,0.03333333333333333,0.8837719298245614,0.023391812865497075,0.09473684210526316,0.5274122807017544,0.399425745010376,0.7277649343013763,0
MDPE,OADNet_audio,4,7,3.0,0.5,False,0.3,0.09999999999999999,0.41655927896499634,0.7520982474088669,0.15,0.15,0.049999999999999996,0.8048245614035088,0.04093567251461988,0.14385964912280702,0.5383771929824561,0.39639800786972046,0.7270530462265015,0
MDPE,OADNet_audio,4,7,3.0,0.5,False,0.3,0.09999999999999999,0.41655927896499634,0.7520982474088669,0.2,0.2,0.06666666666666667,0.7390350877192983,0.05847953216374269,0.19649122807017544,0.5581140350877193,0.3916659653186798,0.7261401116847992,0
MDPE,OADNet_audio,4,7,3.0,0.5,False,0.3,0.09999999999999999,0.41655927896499634,0.7520982474088669,0.25,0.25,0.08333333333333333,0.6754385964912281,0.07602339181286549,0.24561403508771928,0.5767543859649122,0.3904348313808441,0.7245092391967773,0
MDPE,OADNet_audio,4,7,3.0,0.5,False,0.3,0.09999999999999999,0.41655927896499634,0.7520982474088669,0.3,0.3,0.09999999999999999,0.6052631578947368,0.0935672514619883,0.29473684210526313,0.5921052631578947,0.3876357674598694,0.7226565778255463,1
MDPE,OADNet_audio,4,7,3.0,0.6,False,0.3,0.09999999999999999,0.41655927896499634,0.7520982474088669,0.05,0.05,0.016666666666666666,0.9517543859649122,0.005847953216374269,0.0456140350877193,0.5109649122807017,0.4625158905982971,0.7283051908016205,0
MDPE,OADNet_audio,4,7,3.0,0.6,False,0.3,0.09999999999999999,0.41655927896499634,0.7520982474088669,0.075,0.075,0.024999999999999998,0.9078947368421053,0.011695906432748537,0.07017543859649122,0.5109649122807017,0.4000459909439087,0.727793425321579,0
MDPE,OADNet_audio,4,7,3.0,0.6,False,0.3,0.09999999999999999,0.41655927896499634,0.7520982474088669,0.1,0.1,0.03333333333333333,0.8837719298245614,0.023391812865497075,0.09473684210526316,0.5274122807017544,0.399425745010376,0.7277649343013763,0
MDPE,OADNet_audio,4,7,3.0,0.6,False,0.3,0.09999999999999999,0.41655927896499634,0.7520982474088669,0.15,0.15,0.049999999999999996,0.8048245614035088,0.04093567251461988,0.14385964912280702,0.5383771929824561,0.39639800786972046,0.7270530462265015,0
MDPE,OADNet_audio,4,7,3.0,0.6,False,0.3,0.09999999999999999,0.41655927896499634,0.7520982474088669,0.2,0.2,0.06666666666666667,0.7390350877192983,0.05847953216374269,0.19649122807017544,0.5581140350877193,0.3916659653186798,0.7261401116847992,0
MDPE,OADNet_audio,4,7,3.0,0.6,False,0.3,0.09999999999999999,0.41655927896499634,0.7520982474088669,0.25,0.25,0.08333333333333333,0.6754385964912281,0.07602339181286549,0.24561403508771928,0.5767543859649122,0.3904348313808441,0.7245092391967773,0
MDPE,OADNet_audio,4,7,3.0,0.6,False,0.3,0.09999999999999999,0.41655927896499634,0.7520982474088669,0.3,0.3,0.09999999999999999,0.6052631578947368,0.0935672514619883,0.29473684210526313,0.5921052631578947,0.3876357674598694,0.7226565778255463,1
MDPE,OADNet_audio,4,7,3.0,0.7,True,0.25,0.08333333333333333,0.4296686351299286,0.7531677186489105,0.05,0.05,0.016666666666666666,0.9517543859649122,0.005847953216374269,0.0456140350877193,0.5109649122807017,0.4625158905982971,0.7283051908016205,0
MDPE,OADNet_audio,4,7,3.0,0.7,True,0.25,0.08333333333333333,0.4296686351299286,0.7531677186489105,0.075,0.075,0.024999999999999998,0.9078947368421053,0.011695906432748537,0.07017543859649122,0.5109649122807017,0.4000459909439087,0.727793425321579,0
MDPE,OADNet_audio,4,7,3.0,0.7,True,0.25,0.08333333333333333,0.4296686351299286,0.7531677186489105,0.1,0.1,0.03333333333333333,0.8837719298245614,0.023391812865497075,0.09473684210526316,0.5274122807017544,0.399425745010376,0.7277649343013763,0
MDPE,OADNet_audio,4,7,3.0,0.7,True,0.25,0.08333333333333333,0.4296686351299286,0.7531677186489105,0.15,0.15,0.049999999999999996,0.8048245614035088,0.04093567251461988,0.14385964912280702,0.5383771929824561,0.39639800786972046,0.7270530462265015,0
MDPE,OADNet_audio,4,7,3.0,0.7,True,0.25,0.08333333333333333,0.4296686351299286,0.7531677186489105,0.2,0.2,0.06666666666666667,0.7390350877192983,0.05847953216374269,0.19649122807017544,0.5581140350877193,0.3916659653186798,0.7261401116847992,0
MDPE,OADNet_audio,4,7,3.0,0.7,True,0.25,0.08333333333333333,0.4296686351299286,0.7531677186489105,0.25,0.25,0.08333333333333333,0.6754385964912281,0.07602339181286549,0.24561403508771928,0.5767543859649122,0.3904348313808441,0.7245092391967773,1
MDPE,OADNet_audio,4,7,3.0,0.7,True,0.25,0.08333333333333333,0.4296686351299286,0.7531677186489105,0.3,0.3,0.09999999999999999,0.6052631578947368,0.0935672514619883,0.29473684210526313,0.5921052631578947,0.3876357674598694,0.7226565778255463,0
MDPE,OADNet_audio,4,7,3.0,0.8,True,0.2,0.06666666666666667,0.4643014371395111,0.7542341500520706,0.05,0.05,0.016666666666666666,0.9517543859649122,0.005847953216374269,0.0456140350877193,0.5109649122807017,0.4625158905982971,0.7283051908016205,0
MDPE,OADNet_audio,4,7,3.0,0.8,True,0.2,0.06666666666666667,0.4643014371395111,0.7542341500520706,0.075,0.075,0.024999999999999998,0.9078947368421053,0.011695906432748537,0.07017543859649122,0.5109649122807017,0.4000459909439087,0.727793425321579,0
MDPE,OADNet_audio,4,7,3.0,0.8,True,0.2,0.06666666666666667,0.4643014371395111,0.7542341500520706,0.1,0.1,0.03333333333333333,0.8837719298245614,0.023391812865497075,0.09473684210526316,0.5274122807017544,0.399425745010376,0.7277649343013763,0
MDPE,OADNet_audio,4,7,3.0,0.8,True,0.2,0.06666666666666667,0.4643014371395111,0.7542341500520706,0.15,0.15,0.049999999999999996,0.8048245614035088,0.04093567251461988,0.14385964912280702,0.5383771929824561,0.39639800786972046,0.7270530462265015,0
MDPE,OADNet_audio,4,7,3.0,0.8,True,0.2,0.06666666666666667,0.4643014371395111,0.7542341500520706,0.2,0.2,0.06666666666666667,0.7390350877192983,0.05847953216374269,0.19649122807017544,0.5581140350877193,0.3916659653186798,0.7261401116847992,1
MDPE,OADNet_audio,4,7,3.0,0.8,True,0.2,0.06666666666666667,0.4643014371395111,0.7542341500520706,0.25,0.25,0.08333333333333333,0.6754385964912281,0.07602339181286549,0.24561403508771928,0.5767543859649122,0.3904348313808441,0.7245092391967773,0
MDPE,OADNet_audio,4,7,3.0,0.8,True,0.2,0.06666666666666667,0.4643014371395111,0.7542341500520706,0.3,0.3,0.09999999999999999,0.6052631578947368,0.0935672514619883,0.29473684210526313,0.5921052631578947,0.3876357674598694,0.7226565778255463,0
MDPE,OADNet_audio,4,42,3.0,0.5,False,0.3,0.09999999999999999,0.3680916428565979,0.7477893233299255,0.05,0.05,0.016666666666666666,0.9232456140350878,0.005847953216374269,0.0456140350877193,0.4967105263157895,0.4689837396144867,0.7396879494190216,0
MDPE,OADNet_audio,4,42,3.0,0.5,False,0.3,0.09999999999999999,0.3680916428565979,0.7477893233299255,0.075,0.075,0.024999999999999998,0.8881578947368421,0.017543859649122806,0.07017543859649122,0.5076754385964912,0.45702266693115234,0.7264256179332733,0
MDPE,OADNet_audio,4,42,3.0,0.5,False,0.3,0.09999999999999999,0.3680916428565979,0.7477893233299255,0.1,0.1,0.03333333333333333,0.8596491228070176,0.023391812865497075,0.09473684210526316,0.5153508771929824,0.43966421484947205,0.7260830104351044,0
MDPE,OADNet_audio,4,42,3.0,0.5,False,0.3,0.09999999999999999,0.3680916428565979,0.7477893233299255,0.15,0.15,0.049999999999999996,0.756578947368421,0.04093567251461988,0.14385964912280702,0.5142543859649122,0.41042956709861755,0.7185943722724915,0
MDPE,OADNet_audio,4,42,3.0,0.5,False,0.3,0.09999999999999999,0.3680916428565979,0.7477893233299255,0.2,0.2,0.06666666666666667,0.6864035087719298,0.05847953216374269,0.19649122807017544,0.5317982456140351,0.3948870599269867,0.7142178416252136,0
MDPE,OADNet_audio,4,42,3.0,0.5,False,0.3,0.09999999999999999,0.3680916428565979,0.7477893233299255,0.25,0.25,0.08333333333333333,0.6293859649122807,0.07602339181286549,0.24561403508771928,0.5537280701754386,0.38623902201652527,0.7121026515960693,0
MDPE,OADNet_audio,4,42,3.0,0.5,False,0.3,0.09999999999999999,0.3680916428565979,0.7477893233299255,0.3,0.3,0.09999999999999999,0.5745614035087719,0.0935672514619883,0.29473684210526313,0.5767543859649122,0.3762456178665161,0.7100373208522797,1
MDPE,OADNet_audio,4,42,3.0,0.6,True,0.3,0.09999999999999999,0.3680916428565979,0.7477893233299255,0.05,0.05,0.016666666666666666,0.9232456140350878,0.005847953216374269,0.0456140350877193,0.4967105263157895,0.4689837396144867,0.7396879494190216,0
MDPE,OADNet_audio,4,42,3.0,0.6,True,0.3,0.09999999999999999,0.3680916428565979,0.7477893233299255,0.075,0.075,0.024999999999999998,0.8881578947368421,0.017543859649122806,0.07017543859649122,0.5076754385964912,0.45702266693115234,0.7264256179332733,0
MDPE,OADNet_audio,4,42,3.0,0.6,True,0.3,0.09999999999999999,0.3680916428565979,0.7477893233299255,0.1,0.1,0.03333333333333333,0.8596491228070176,0.023391812865497075,0.09473684210526316,0.5153508771929824,0.43966421484947205,0.7260830104351044,0
MDPE,OADNet_audio,4,42,3.0,0.6,True,0.3,0.09999999999999999,0.3680916428565979,0.7477893233299255,0.15,0.15,0.049999999999999996,0.756578947368421,0.04093567251461988,0.14385964912280702,0.5142543859649122,0.41042956709861755,0.7185943722724915,0
MDPE,OADNet_audio,4,42,3.0,0.6,True,0.3,0.09999999999999999,0.3680916428565979,0.7477893233299255,0.2,0.2,0.06666666666666667,0.6864035087719298,0.05847953216374269,0.19649122807017544,0.5317982456140351,0.3948870599269867,0.7142178416252136,0
MDPE,OADNet_audio,4,42,3.0,0.6,True,0.3,0.09999999999999999,0.3680916428565979,0.7477893233299255,0.25,0.25,0.08333333333333333,0.6293859649122807,0.07602339181286549,0.24561403508771928,0.5537280701754386,0.38623902201652527,0.7121026515960693,0
MDPE,OADNet_audio,4,42,3.0,0.6,True,0.3,0.09999999999999999,0.3680916428565979,0.7477893233299255,0.3,0.3,0.09999999999999999,0.5745614035087719,0.0935672514619883,0.29473684210526313,0.5767543859649122,0.3762456178665161,0.7100373208522797,1
MDPE,OADNet_audio,4,42,3.0,0.7,True,0.2,0.06666666666666667,0.3834172189235687,0.7538612335920334,0.05,0.05,0.016666666666666666,0.9232456140350878,0.005847953216374269,0.0456140350877193,0.4967105263157895,0.4689837396144867,0.7396879494190216,0
MDPE,OADNet_audio,4,42,3.0,0.7,True,0.2,0.06666666666666667,0.3834172189235687,0.7538612335920334,0.075,0.075,0.024999999999999998,0.8881578947368421,0.017543859649122806,0.07017543859649122,0.5076754385964912,0.45702266693115234,0.7264256179332733,0
MDPE,OADNet_audio,4,42,3.0,0.7,True,0.2,0.06666666666666667,0.3834172189235687,0.7538612335920334,0.1,0.1,0.03333333333333333,0.8596491228070176,0.023391812865497075,0.09473684210526316,0.5153508771929824,0.43966421484947205,0.7260830104351044,0
MDPE,OADNet_audio,4,42,3.0,0.7,True,0.2,0.06666666666666667,0.3834172189235687,0.7538612335920334,0.15,0.15,0.049999999999999996,0.756578947368421,0.04093567251461988,0.14385964912280702,0.5142543859649122,0.41042956709861755,0.7185943722724915,0
MDPE,OADNet_audio,4,42,3.0,0.7,True,0.2,0.06666666666666667,0.3834172189235687,0.7538612335920334,0.2,0.2,0.06666666666666667,0.6864035087719298,0.05847953216374269,0.19649122807017544,0.5317982456140351,0.3948870599269867,0.7142178416252136,1
MDPE,OADNet_audio,4,42,3.0,0.7,True,0.2,0.06666666666666667,0.3834172189235687,0.7538612335920334,0.25,0.25,0.08333333333333333,0.6293859649122807,0.07602339181286549,0.24561403508771928,0.5537280701754386,0.38623902201652527,0.7121026515960693,0
MDPE,OADNet_audio,4,42,3.0,0.7,True,0.2,0.06666666666666667,0.3834172189235687,0.7538612335920334,0.3,0.3,0.09999999999999999,0.5745614035087719,0.0935672514619883,0.29473684210526313,0.5767543859649122,0.3762456178665161,0.7100373208522797,0
MDPE,OADNet_audio,4,42,3.0,0.8,True,0.15,0.049999999999999996,0.4050195515155792,0.7569921463727951,0.05,0.05,0.016666666666666666,0.9232456140350878,0.005847953216374269,0.0456140350877193,0.4967105263157895,0.4689837396144867,0.7396879494190216,0
MDPE,OADNet_audio,4,42,3.0,0.8,True,0.15,0.049999999999999996,0.4050195515155792,0.7569921463727951,0.075,0.075,0.024999999999999998,0.8881578947368421,0.017543859649122806,0.07017543859649122,0.5076754385964912,0.45702266693115234,0.7264256179332733,0
MDPE,OADNet_audio,4,42,3.0,0.8,True,0.15,0.049999999999999996,0.4050195515155792,0.7569921463727951,0.1,0.1,0.03333333333333333,0.8596491228070176,0.023391812865497075,0.09473684210526316,0.5153508771929824,0.43966421484947205,0.7260830104351044,0
MDPE,OADNet_audio,4,42,3.0,0.8,True,0.15,0.049999999999999996,0.4050195515155792,0.7569921463727951,0.15,0.15,0.049999999999999996,0.756578947368421,0.04093567251461988,0.14385964912280702,0.5142543859649122,0.41042956709861755,0.7185943722724915,1
MDPE,OADNet_audio,4,42,3.0,0.8,True,0.15,0.049999999999999996,0.4050195515155792,0.7569921463727951,0.2,0.2,0.06666666666666667,0.6864035087719298,0.05847953216374269,0.19649122807017544,0.5317982456140351,0.3948870599269867,0.7142178416252136,0
MDPE,OADNet_audio,4,42,3.0,0.8,True,0.15,0.049999999999999996,0.4050195515155792,0.7569921463727951,0.25,0.25,0.08333333333333333,0.6293859649122807,0.07602339181286549,0.24561403508771928,0.5537280701754386,0.38623902201652527,0.7121026515960693,0
MDPE,OADNet_audio,4,42,3.0,0.8,True,0.15,0.049999999999999996,0.4050195515155792,0.7569921463727951,0.3,0.3,0.09999999999999999,0.5745614035087719,0.0935672514619883,0.29473684210526313,0.5767543859649122,0.3762456178665161,0.7100373208522797,0
MDPE,OADNet_audio,4,123,3.0,0.5,False,0.3,0.09999999999999999,0.3551464378833771,0.7351134419441223,0.05,0.05,0.016666666666666666,0.9320175438596491,0.005847953216374269,0.0456140350877193,0.5010964912280702,0.47854316234588623,0.764829620718956,0
MDPE,OADNet_audio,4,123,3.0,0.5,False,0.3,0.09999999999999999,0.3551464378833771,0.7351134419441223,0.075,0.075,0.024999999999999998,0.8903508771929824,0.017543859649122806,0.07017543859649122,0.5087719298245614,0.4692520201206207,0.7545534372329712,0
MDPE,OADNet_audio,4,123,3.0,0.5,False,0.3,0.09999999999999999,0.3551464378833771,0.7351134419441223,0.1,0.1,0.03333333333333333,0.868421052631579,0.023391812865497075,0.09473684210526316,0.5197368421052632,0.46594491600990295,0.753114327788353,0
MDPE,OADNet_audio,4,123,3.0,0.5,False,0.3,0.09999999999999999,0.3551464378833771,0.7351134419441223,0.15,0.15,0.049999999999999996,0.7675438596491229,0.04093567251461988,0.14385964912280702,0.5197368421052632,0.4487673044204712,0.7244232594966888,0
MDPE,OADNet_audio,4,123,3.0,0.5,False,0.3,0.09999999999999999,0.3551464378833771,0.7351134419441223,0.2,0.2,0.06666666666666667,0.7017543859649122,0.05847953216374269,0.19649122807017544,0.5394736842105263,0.43241581320762634,0.7164877951145172,0
MDPE,OADNet_audio,4,123,3.0,0.5,False,0.3,0.09999999999999999,0.3551464378833771,0.7351134419441223,0.25,0.25,0.08333333333333333,0.6381578947368421,0.07602339181286549,0.24561403508771928,0.5581140350877193,0.4213312268257141,0.7128565311431885,0
MDPE,OADNet_audio,4,123,3.0,0.5,False,0.3,0.09999999999999999,0.3551464378833771,0.7351134419441223,0.3,0.3,0.09999999999999999,0.5614035087719298,0.0935672514619883,0.29473684210526313,0.5701754385964912,0.41049909591674805,0.7096712589263916,1
MDPE,OADNet_audio,4,123,3.0,0.6,True,0.3,0.09999999999999999,0.3551464378833771,0.7351134419441223,0.05,0.05,0.016666666666666666,0.9320175438596491,0.005847953216374269,0.0456140350877193,0.5010964912280702,0.47854316234588623,0.764829620718956,0
MDPE,OADNet_audio,4,123,3.0,0.6,True,0.3,0.09999999999999999,0.3551464378833771,0.7351134419441223,0.075,0.075,0.024999999999999998,0.8903508771929824,0.017543859649122806,0.07017543859649122,0.5087719298245614,0.4692520201206207,0.7545534372329712,0
MDPE,OADNet_audio,4,123,3.0,0.6,True,0.3,0.09999999999999999,0.3551464378833771,0.7351134419441223,0.1,0.1,0.03333333333333333,0.868421052631579,0.023391812865497075,0.09473684210526316,0.5197368421052632,0.46594491600990295,0.753114327788353,0
MDPE,OADNet_audio,4,123,3.0,0.6,True,0.3,0.09999999999999999,0.3551464378833771,0.7351134419441223,0.15,0.15,0.049999999999999996,0.7675438596491229,0.04093567251461988,0.14385964912280702,0.5197368421052632,0.4487673044204712,0.7244232594966888,0
MDPE,OADNet_audio,4,123,3.0,0.6,True,0.3,0.09999999999999999,0.3551464378833771,0.7351134419441223,0.2,0.2,0.06666666666666667,0.7017543859649122,0.05847953216374269,0.19649122807017544,0.5394736842105263,0.43241581320762634,0.7164877951145172,0
MDPE,OADNet_audio,4,123,3.0,0.6,True,0.3,0.09999999999999999,0.3551464378833771,0.7351134419441223,0.25,0.25,0.08333333333333333,0.6381578947368421,0.07602339181286549,0.24561403508771928,0.5581140350877193,0.4213312268257141,0.7128565311431885,0
MDPE,OADNet_audio,4,123,3.0,0.6,True,0.3,0.09999999999999999,0.3551464378833771,0.7351134419441223,0.3,0.3,0.09999999999999999,0.5614035087719298,0.0935672514619883,0.29473684210526313,0.5701754385964912,0.41049909591674805,0.7096712589263916,1
MDPE,OADNet_audio,4,123,3.0,0.7,True,0.25,0.08333333333333333,0.3602937161922455,0.7459839284420013,0.05,0.05,0.016666666666666666,0.9320175438596491,0.005847953216374269,0.0456140350877193,0.5010964912280702,0.47854316234588623,0.764829620718956,0
MDPE,OADNet_audio,4,123,3.0,0.7,True,0.25,0.08333333333333333,0.3602937161922455,0.7459839284420013,0.075,0.075,0.024999999999999998,0.8903508771929824,0.017543859649122806,0.07017543859649122,0.5087719298245614,0.4692520201206207,0.7545534372329712,0
MDPE,OADNet_audio,4,123,3.0,0.7,True,0.25,0.08333333333333333,0.3602937161922455,0.7459839284420013,0.1,0.1,0.03333333333333333,0.868421052631579,0.023391812865497075,0.09473684210526316,0.5197368421052632,0.46594491600990295,0.753114327788353,0
MDPE,OADNet_audio,4,123,3.0,0.7,True,0.25,0.08333333333333333,0.3602937161922455,0.7459839284420013,0.15,0.15,0.049999999999999996,0.7675438596491229,0.04093567251461988,0.14385964912280702,0.5197368421052632,0.4487673044204712,0.7244232594966888,0
MDPE,OADNet_audio,4,123,3.0,0.7,True,0.25,0.08333333333333333,0.3602937161922455,0.7459839284420013,0.2,0.2,0.06666666666666667,0.7017543859649122,0.05847953216374269,0.19649122807017544,0.5394736842105263,0.43241581320762634,0.7164877951145172,0
MDPE,OADNet_audio,4,123,3.0,0.7,True,0.25,0.08333333333333333,0.3602937161922455,0.7459839284420013,0.25,0.25,0.08333333333333333,0.6381578947368421,0.07602339181286549,0.24561403508771928,0.5581140350877193,0.4213312268257141,0.7128565311431885,1
MDPE,OADNet_audio,4,123,3.0,0.7,True,0.25,0.08333333333333333,0.3602937161922455,0.7459839284420013,0.3,0.3,0.09999999999999999,0.5614035087719298,0.0935672514619883,0.29473684210526313,0.5701754385964912,0.41049909591674805,0.7096712589263916,0
MDPE,OADNet_audio,4,123,3.0,0.8,True,0.15,0.049999999999999996,0.3799770772457123,0.7719850689172745,0.05,0.05,0.016666666666666666,0.9320175438596491,0.005847953216374269,0.0456140350877193,0.5010964912280702,0.47854316234588623,0.764829620718956,0
MDPE,OADNet_audio,4,123,3.0,0.8,True,0.15,0.049999999999999996,0.3799770772457123,0.7719850689172745,0.075,0.075,0.024999999999999998,0.8903508771929824,0.017543859649122806,0.07017543859649122,0.5087719298245614,0.4692520201206207,0.7545534372329712,0
MDPE,OADNet_audio,4,123,3.0,0.8,True,0.15,0.049999999999999996,0.3799770772457123,0.7719850689172745,0.1,0.1,0.03333333333333333,0.868421052631579,0.023391812865497075,0.09473684210526316,0.5197368421052632,0.46594491600990295,0.753114327788353,0
MDPE,OADNet_audio,4,123,3.0,0.8,True,0.15,0.049999999999999996,0.3799770772457123,0.7719850689172745,0.15,0.15,0.049999999999999996,0.7675438596491229,0.04093567251461988,0.14385964912280702,0.5197368421052632,0.4487673044204712,0.7244232594966888,1
MDPE,OADNet_audio,4,123,3.0,0.8,True,0.15,0.049999999999999996,0.3799770772457123,0.7719850689172745,0.2,0.2,0.06666666666666667,0.7017543859649122,0.05847953216374269,0.19649122807017544,0.5394736842105263,0.43241581320762634,0.7164877951145172,0
MDPE,OADNet_audio,4,123,3.0,0.8,True,0.15,0.049999999999999996,0.3799770772457123,0.7719850689172745,0.25,0.25,0.08333333333333333,0.6381578947368421,0.07602339181286549,0.24561403508771928,0.5581140350877193,0.4213312268257141,0.7128565311431885,0
MDPE,OADNet_audio,4,123,3.0,0.8,True,0.15,0.049999999999999996,0.3799770772457123,0.7719850689172745,0.3,0.3,0.09999999999999999,0.5614035087719298,0.0935672514619883,0.29473684210526313,0.5701754385964912,0.41049909591674805,0.7096712589263916,0
MDPE,OADNet_audio,4,2024,3.0,0.5,False,0.3,0.09999999999999999,0.32712435722351074,0.7518304139375687,0.05,0.05,0.016666666666666666,0.9407894736842105,0.005847953216374269,0.0456140350877193,0.5054824561403509,0.464801549911499,0.8407979756593704,0
MDPE,OADNet_audio,4,2024,3.0,0.5,False,0.3,0.09999999999999999,0.32712435722351074,0.7518304139375687,0.075,0.075,0.024999999999999998,0.9122807017543859,0.017543859649122806,0.07017543859649122,0.5197368421052632,0.4565950334072113,0.8274921923875809,0
MDPE,OADNet_audio,4,2024,3.0,0.5,False,0.3,0.09999999999999999,0.32712435722351074,0.7518304139375687,0.1,0.1,0.03333333333333333,0.8640350877192983,0.023391812865497075,0.09473684210526316,0.5175438596491229,0.45008209347724915,0.7928041368722916,0
MDPE,OADNet_audio,4,2024,3.0,0.5,False,0.3,0.09999999999999999,0.32712435722351074,0.7518304139375687,0.15,0.15,0.049999999999999996,0.7653508771929824,0.04093567251461988,0.14385964912280702,0.518640350877193,0.42667990922927856,0.7721367180347443,0
MDPE,OADNet_audio,4,2024,3.0,0.5,False,0.3,0.09999999999999999,0.32712435722351074,0.7518304139375687,0.2,0.2,0.06666666666666667,0.6820175438596491,0.05847953216374269,0.19649122807017544,0.5296052631578947,0.4079948961734772,0.7604099959135056,0
MDPE,OADNet_audio,4,2024,3.0,0.5,False,0.3,0.09999999999999999,0.32712435722351074,0.7518304139375687,0.25,0.25,0.08333333333333333,0.6359649122807017,0.07602339181286549,0.24561403508771928,0.5570175438596491,0.3981861472129822,0.7589942961931229,0
MDPE,OADNet_audio,4,2024,3.0,0.5,False,0.3,0.09999999999999999,0.32712435722351074,0.7518304139375687,0.3,0.3,0.09999999999999999,0.5592105263157895,0.0935672514619883,0.29473684210526313,0.569078947368421,0.3858305513858795,0.7490332126617432,1
MDPE,OADNet_audio,4,2024,3.0,0.6,True,0.3,0.09999999999999999,0.32712435722351074,0.7518304139375687,0.05,0.05,0.016666666666666666,0.9407894736842105,0.005847953216374269,0.0456140350877193,0.5054824561403509,0.464801549911499,0.8407979756593704,0
MDPE,OADNet_audio,4,2024,3.0,0.6,True,0.3,0.09999999999999999,0.32712435722351074,0.7518304139375687,0.075,0.075,0.024999999999999998,0.9122807017543859,0.017543859649122806,0.07017543859649122,0.5197368421052632,0.4565950334072113,0.8274921923875809,0
MDPE,OADNet_audio,4,2024,3.0,0.6,True,0.3,0.09999999999999999,0.32712435722351074,0.7518304139375687,0.1,0.1,0.03333333333333333,0.8640350877192983,0.023391812865497075,0.09473684210526316,0.5175438596491229,0.45008209347724915,0.7928041368722916,0
MDPE,OADNet_audio,4,2024,3.0,0.6,True,0.3,0.09999999999999999,0.32712435722351074,0.7518304139375687,0.15,0.15,0.049999999999999996,0.7653508771929824,0.04093567251461988,0.14385964912280702,0.518640350877193,0.42667990922927856,0.7721367180347443,0
MDPE,OADNet_audio,4,2024,3.0,0.6,True,0.3,0.09999999999999999,0.32712435722351074,0.7518304139375687,0.2,0.2,0.06666666666666667,0.6820175438596491,0.05847953216374269,0.19649122807017544,0.5296052631578947,0.4079948961734772,0.7604099959135056,0
MDPE,OADNet_audio,4,2024,3.0,0.6,True,0.3,0.09999999999999999,0.32712435722351074,0.7518304139375687,0.25,0.25,0.08333333333333333,0.6359649122807017,0.07602339181286549,0.24561403508771928,0.5570175438596491,0.3981861472129822,0.7589942961931229,0
MDPE,OADNet_audio,4,2024,3.0,0.6,True,0.3,0.09999999999999999,0.32712435722351074,0.7518304139375687,0.3,0.3,0.09999999999999999,0.5592105263157895,0.0935672514619883,0.29473684210526313,0.569078947368421,0.3858305513858795,0.7490332126617432,1
MDPE,OADNet_audio,4,2024,3.0,0.7,True,0.2,0.06666666666666667,0.34669092297554016,0.7736491858959198,0.05,0.05,0.016666666666666666,0.9407894736842105,0.005847953216374269,0.0456140350877193,0.5054824561403509,0.464801549911499,0.8407979756593704,0
MDPE,OADNet_audio,4,2024,3.0,0.7,True,0.2,0.06666666666666667,0.34669092297554016,0.7736491858959198,0.075,0.075,0.024999999999999998,0.9122807017543859,0.017543859649122806,0.07017543859649122,0.5197368421052632,0.4565950334072113,0.8274921923875809,0
MDPE,OADNet_audio,4,2024,3.0,0.7,True,0.2,0.06666666666666667,0.34669092297554016,0.7736491858959198,0.1,0.1,0.03333333333333333,0.8640350877192983,0.023391812865497075,0.09473684210526316,0.5175438596491229,0.45008209347724915,0.7928041368722916,0
MDPE,OADNet_audio,4,2024,3.0,0.7,True,0.2,0.06666666666666667,0.34669092297554016,0.7736491858959198,0.15,0.15,0.049999999999999996,0.7653508771929824,0.04093567251461988,0.14385964912280702,0.518640350877193,0.42667990922927856,0.7721367180347443,0
MDPE,OADNet_audio,4,2024,3.0,0.7,True,0.2,0.06666666666666667,0.34669092297554016,0.7736491858959198,0.2,0.2,0.06666666666666667,0.6820175438596491,0.05847953216374269,0.19649122807017544,0.5296052631578947,0.4079948961734772,0.7604099959135056,1
MDPE,OADNet_audio,4,2024,3.0,0.7,True,0.2,0.06666666666666667,0.34669092297554016,0.7736491858959198,0.25,0.25,0.08333333333333333,0.6359649122807017,0.07602339181286549,0.24561403508771928,0.5570175438596491,0.3981861472129822,0.7589942961931229,0
MDPE,OADNet_audio,4,2024,3.0,0.7,True,0.2,0.06666666666666667,0.34669092297554016,0.7736491858959198,0.3,0.3,0.09999999999999999,0.5592105263157895,0.0935672514619883,0.29473684210526313,0.569078947368421,0.3858305513858795,0.7490332126617432,0
MDPE,OADNet_audio,4,2024,3.0,0.8,True,0.15,0.049999999999999996,0.35638079047203064,0.7784413248300552,0.05,0.05,0.016666666666666666,0.9407894736842105,0.005847953216374269,0.0456140350877193,0.5054824561403509,0.464801549911499,0.8407979756593704,0
MDPE,OADNet_audio,4,2024,3.0,0.8,True,0.15,0.049999999999999996,0.35638079047203064,0.7784413248300552,0.075,0.075,0.024999999999999998,0.9122807017543859,0.017543859649122806,0.07017543859649122,0.5197368421052632,0.4565950334072113,0.8274921923875809,0
MDPE,OADNet_audio,4,2024,3.0,0.8,True,0.15,0.049999999999999996,0.35638079047203064,0.7784413248300552,0.1,0.1,0.03333333333333333,0.8640350877192983,0.023391812865497075,0.09473684210526316,0.5175438596491229,0.45008209347724915,0.7928041368722916,0
MDPE,OADNet_audio,4,2024,3.0,0.8,True,0.15,0.049999999999999996,0.35638079047203064,0.7784413248300552,0.15,0.15,0.049999999999999996,0.7653508771929824,0.04093567251461988,0.14385964912280702,0.518640350877193,0.42667990922927856,0.7721367180347443,1
MDPE,OADNet_audio,4,2024,3.0,0.8,True,0.15,0.049999999999999996,0.35638079047203064,0.7784413248300552,0.2,0.2,0.06666666666666667,0.6820175438596491,0.05847953216374269,0.19649122807017544,0.5296052631578947,0.4079948961734772,0.7604099959135056,0
MDPE,OADNet_audio,4,2024,3.0,0.8,True,0.15,0.049999999999999996,0.35638079047203064,0.7784413248300552,0.25,0.25,0.08333333333333333,0.6359649122807017,0.07602339181286549,0.24561403508771928,0.5570175438596491,0.3981861472129822,0.7589942961931229,0
MDPE,OADNet_audio,4,2024,3.0,0.8,True,0.15,0.049999999999999996,0.35638079047203064,0.7784413248300552,0.3,0.3,0.09999999999999999,0.5592105263157895,0.0935672514619883,0.29473684210526313,0.569078947368421,0.3858305513858795,0.7490332126617432,0
MDPE,OADNet_audio,4,2026,3.0,0.5,False,0.3,0.09999999999999999,0.36439162492752075,0.7165570855140686,0.05,0.05,0.016666666666666666,0.9451754385964912,0.005847953216374269,0.0456140350877193,0.5076754385964912,0.4052271842956543,0.752767026424408,0
MDPE,OADNet_audio,4,2026,3.0,0.5,False,0.3,0.09999999999999999,0.36439162492752075,0.7165570855140686,0.075,0.075,0.024999999999999998,0.918859649122807,0.017543859649122806,0.07017543859649122,0.5230263157894737,0.3983926773071289,0.751857191324234,0
MDPE,OADNet_audio,4,2026,3.0,0.5,False,0.3,0.09999999999999999,0.36439162492752075,0.7165570855140686,0.1,0.1,0.03333333333333333,0.8837719298245614,0.023391812865497075,0.09473684210526316,0.5274122807017544,0.3913922607898712,0.7467315196990967,0
MDPE,OADNet_audio,4,2026,3.0,0.5,False,0.3,0.09999999999999999,0.36439162492752075,0.7165570855140686,0.15,0.15,0.049999999999999996,0.7894736842105263,0.04093567251461988,0.14385964912280702,0.5307017543859649,0.3827383816242218,0.7322090268135071,0
MDPE,OADNet_audio,4,2026,3.0,0.5,False,0.3,0.09999999999999999,0.36439162492752075,0.7165570855140686,0.2,0.2,0.06666666666666667,0.7236842105263158,0.05847953216374269,0.19649122807017544,0.5504385964912281,0.3743601143360138,0.7238207161426544,0
MDPE,OADNet_audio,4,2026,3.0,0.5,False,0.3,0.09999999999999999,0.36439162492752075,0.7165570855140686,0.25,0.25,0.08333333333333333,0.6578947368421053,0.07602339181286549,0.24561403508771928,0.5679824561403509,0.3692615330219269,0.7157980799674988,0
MDPE,OADNet_audio,4,2026,3.0,0.5,False,0.3,0.09999999999999999,0.36439162492752075,0.7165570855140686,0.3,0.3,0.09999999999999999,0.581140350877193,0.0935672514619883,0.29473684210526313,0.5800438596491229,0.36011168360710144,0.7131026685237885,1
MDPE,OADNet_audio,4,2026,3.0,0.6,True,0.3,0.09999999999999999,0.36439162492752075,0.7165570855140686,0.05,0.05,0.016666666666666666,0.9451754385964912,0.005847953216374269,0.0456140350877193,0.5076754385964912,0.4052271842956543,0.752767026424408,0
MDPE,OADNet_audio,4,2026,3.0,0.6,True,0.3,0.09999999999999999,0.36439162492752075,0.7165570855140686,0.075,0.075,0.024999999999999998,0.918859649122807,0.017543859649122806,0.07017543859649122,0.5230263157894737,0.3983926773071289,0.751857191324234,0
MDPE,OADNet_audio,4,2026,3.0,0.6,True,0.3,0.09999999999999999,0.36439162492752075,0.7165570855140686,0.1,0.1,0.03333333333333333,0.8837719298245614,0.023391812865497075,0.09473684210526316,0.5274122807017544,0.3913922607898712,0.7467315196990967,0
MDPE,OADNet_audio,4,2026,3.0,0.6,True,0.3,0.09999999999999999,0.36439162492752075,0.7165570855140686,0.15,0.15,0.049999999999999996,0.7894736842105263,0.04093567251461988,0.14385964912280702,0.5307017543859649,0.3827383816242218,0.7322090268135071,0
MDPE,OADNet_audio,4,2026,3.0,0.6,True,0.3,0.09999999999999999,0.36439162492752075,0.7165570855140686,0.2,0.2,0.06666666666666667,0.7236842105263158,0.05847953216374269,0.19649122807017544,0.5504385964912281,0.3743601143360138,0.7238207161426544,0
MDPE,OADNet_audio,4,2026,3.0,0.6,True,0.3,0.09999999999999999,0.36439162492752075,0.7165570855140686,0.25,0.25,0.08333333333333333,0.6578947368421053,0.07602339181286549,0.24561403508771928,0.5679824561403509,0.3692615330219269,0.7157980799674988,0
MDPE,OADNet_audio,4,2026,3.0,0.6,True,0.3,0.09999999999999999,0.36439162492752075,0.7165570855140686,0.3,0.3,0.09999999999999999,0.581140350877193,0.0935672514619883,0.29473684210526313,0.5800438596491229,0.36011168360710144,0.7131026685237885,1
MDPE,OADNet_audio,4,2026,3.0,0.7,True,0.25,0.08333333333333333,0.3815177381038666,0.7196386456489563,0.05,0.05,0.016666666666666666,0.9451754385964912,0.005847953216374269,0.0456140350877193,0.5076754385964912,0.4052271842956543,0.752767026424408,0
MDPE,OADNet_audio,4,2026,3.0,0.7,True,0.25,0.08333333333333333,0.3815177381038666,0.7196386456489563,0.075,0.075,0.024999999999999998,0.918859649122807,0.017543859649122806,0.07017543859649122,0.5230263157894737,0.3983926773071289,0.751857191324234,0
MDPE,OADNet_audio,4,2026,3.0,0.7,True,0.25,0.08333333333333333,0.3815177381038666,0.7196386456489563,0.1,0.1,0.03333333333333333,0.8837719298245614,0.023391812865497075,0.09473684210526316,0.5274122807017544,0.3913922607898712,0.7467315196990967,0
MDPE,OADNet_audio,4,2026,3.0,0.7,True,0.25,0.08333333333333333,0.3815177381038666,0.7196386456489563,0.15,0.15,0.049999999999999996,0.7894736842105263,0.04093567251461988,0.14385964912280702,0.5307017543859649,0.3827383816242218,0.7322090268135071,0
MDPE,OADNet_audio,4,2026,3.0,0.7,True,0.25,0.08333333333333333,0.3815177381038666,0.7196386456489563,0.2,0.2,0.06666666666666667,0.7236842105263158,0.05847953216374269,0.19649122807017544,0.5504385964912281,0.3743601143360138,0.7238207161426544,0
MDPE,OADNet_audio,4,2026,3.0,0.7,True,0.25,0.08333333333333333,0.3815177381038666,0.7196386456489563,0.25,0.25,0.08333333333333333,0.6578947368421053,0.07602339181286549,0.24561403508771928,0.5679824561403509,0.3692615330219269,0.7157980799674988,1
MDPE,OADNet_audio,4,2026,3.0,0.7,True,0.25,0.08333333333333333,0.3815177381038666,0.7196386456489563,0.3,0.3,0.09999999999999999,0.581140350877193,0.0935672514619883,0.29473684210526313,0.5800438596491229,0.36011168360710144,0.7131026685237885,0
MDPE,OADNet_audio,4,2026,3.0,0.8,True,0.15,0.049999999999999996,0.41265544295310974,0.7332215309143066,0.05,0.05,0.016666666666666666,0.9451754385964912,0.005847953216374269,0.0456140350877193,0.5076754385964912,0.4052271842956543,0.752767026424408,0
MDPE,OADNet_audio,4,2026,3.0,0.8,True,0.15,0.049999999999999996,0.41265544295310974,0.7332215309143066,0.075,0.075,0.024999999999999998,0.918859649122807,0.017543859649122806,0.07017543859649122,0.5230263157894737,0.3983926773071289,0.751857191324234,0
MDPE,OADNet_audio,4,2026,3.0,0.8,True,0.15,0.049999999999999996,0.41265544295310974,0.7332215309143066,0.1,0.1,0.03333333333333333,0.8837719298245614,0.023391812865497075,0.09473684210526316,0.5274122807017544,0.3913922607898712,0.7467315196990967,0
MDPE,OADNet_audio,4,2026,3.0,0.8,True,0.15,0.049999999999999996,0.41265544295310974,0.7332215309143066,0.15,0.15,0.049999999999999996,0.7894736842105263,0.04093567251461988,0.14385964912280702,0.5307017543859649,0.3827383816242218,0.7322090268135071,1
MDPE,OADNet_audio,4,2026,3.0,0.8,True,0.15,0.049999999999999996,0.41265544295310974,0.7332215309143066,0.2,0.2,0.06666666666666667,0.7236842105263158,0.05847953216374269,0.19649122807017544,0.5504385964912281,0.3743601143360138,0.7238207161426544,0
MDPE,OADNet_audio,4,2026,3.0,0.8,True,0.15,0.049999999999999996,0.41265544295310974,0.7332215309143066,0.25,0.25,0.08333333333333333,0.6578947368421053,0.07602339181286549,0.24561403508771928,0.5679824561403509,0.3692615330219269,0.7157980799674988,0
MDPE,OADNet_audio,4,2026,3.0,0.8,True,0.15,0.049999999999999996,0.41265544295310974,0.7332215309143066,0.3,0.3,0.09999999999999999,0.581140350877193,0.0935672514619883,0.29473684210526313,0.5800438596491229,0.36011168360710144,0.7131026685237885,0
