dataset,config,method,B,cost_ratio,C_rev,n_subjects,mean_delta,median_delta,ci_2.5,ci_97.5,permutation_p,wilcoxon_p,sign_p,n_positive,n_negative,n_zero,cs_wins_pct,holm_p
SEUMLD,OADNet_text,s1_reverse,,1.0,0.25,76,0.0,0.0,0.0,0.0,1.0,1.0,1.0,0,0,76,0.0,
SEUMLD,OADNet_text,s1_reverse,,1.0,0.5,76,0.0,0.0,0.0,0.0,1.0,1.0,1.0,0,0,76,0.0,
SEUMLD,OADNet_text,s1_reverse,,1.0,1.0,76,0.0,0.0,0.0,0.0,1.0,1.0,1.0,0,0,76,0.0,
SEUMLD,OADNet_text,s1_reverse,,1.0,2.0,76,0.0,0.0,0.0,0.0,1.0,1.0,1.0,0,0,76,0.0,
SEUMLD,OADNet_text,s1_reverse,,2.0,0.25,76,-0.0013574081003505452,-0.0038888888888888775,-0.013321700245409223,0.011228320606223226,0.8373,0.5310134821752979,0.7310088822226056,36,40,0,52.63157894736842,
SEUMLD,OADNet_text,s1_reverse,,2.0,0.5,76,-0.006235921171530233,-0.0035628019323671435,-0.018894658737984585,0.006851357196238342,0.3456,0.25040250266349484,0.42219110499231566,34,42,0,55.26315789473685,
SEUMLD,OADNet_text,s1_reverse,,2.0,1.0,76,-0.015992947313889606,-0.012045454545454547,-0.03185592424731754,-0.0007482989657892022,0.0502,0.0721703319346712,0.16542794172425662,31,44,1,57.89473684210527,
SEUMLD,OADNet_text,s1_reverse,,2.0,2.0,76,-0.035506999598608355,-0.031684587813620116,-0.06129584869214683,-0.010154210627679353,0.0099,0.017237321830037466,0.20673684180839247,32,44,0,57.89473684210527,
SEUMLD,OADNet_text,s1_reverse,,3.0,0.25,76,0.01843456232734163,0.004473684210526319,-0.0022938352810675366,0.040127930242216864,0.1048,0.30287240171334895,0.7310088822226056,40,36,0,47.368421052631575,
SEUMLD,OADNet_text,s1_reverse,,3.0,0.5,76,0.016093912176226337,0.005555555555555547,-0.0058230584082044,0.03857064219985667,0.1696,0.390096718301693,1.0,38,38,0,50.0,0.1978
SEUMLD,OADNet_text,s1_reverse,,3.0,1.0,76,0.011412611873995757,0.0072890025575447605,-0.015578566697024803,0.03821513460363941,0.4122,0.5175197138603418,0.7310088822226056,40,36,0,47.368421052631575,
SEUMLD,OADNet_text,s1_reverse,,3.0,2.0,76,0.002050011269534588,0.015542521994134861,-0.03965342630611251,0.04342507439633195,0.9235,0.8177867275670554,0.566573442398685,41,35,0,46.05263157894737,
SEUMLD,OADNet_text,s1_reverse,,5.0,0.25,76,0.06957735563067013,0.030333670374115263,0.03194225728243625,0.10944829892477634,0.0007,0.010937875260335529,0.08464609267083598,46,30,0,39.473684210526315,
SEUMLD,OADNet_text,s1_reverse,,5.0,0.5,76,0.06792712838028092,0.03956521739130434,0.028123472434079737,0.10891553670303206,0.0021,0.01675935660604404,0.20673684180839247,44,32,0,42.10526315789473,
SEUMLD,OADNet_text,s1_reverse,,5.0,1.0,76,0.06462667387950248,0.04272727272727276,0.018770183657008763,0.11225307666230729,0.0098,0.030652727007058927,0.13538510529943087,45,31,0,40.78947368421053,
SEUMLD,OADNet_text,s1_reverse,,5.0,2.0,76,0.058025764877945606,0.032177419354838664,-0.00904241255324777,0.12330014452608687,0.0936,0.12272262618819425,0.5613807442989817,40,34,2,44.73684210526316,
SEUMLD,OADNet_text,s1_reverse,,10.0,0.25,76,0.21384464352078283,0.1329298418972332,0.13657698195820778,0.29679921211973004,0.0,1.4679452673414672e-05,0.028626655508737896,48,28,0,36.84210526315789,
SEUMLD,OADNet_text,s1_reverse,,10.0,0.5,76,0.2128455302385841,0.13506459948320412,0.13434750811358798,0.2949738446441247,0.0,2.5921828089330568e-05,0.01544026202090637,49,27,0,35.526315789473685,
SEUMLD,OADNet_text,s1_reverse,,10.0,1.0,76,0.21084730367418666,0.15491935483870972,0.12271828218232954,0.2999270479822543,0.0,0.00017612749869216167,0.050452410247217666,47,29,0,38.15789473684211,
SEUMLD,OADNet_text,s1_reverse,,10.0,2.0,76,0.20685085054539182,0.2164141414141415,0.10297776259127535,0.31561984730263426,0.0004,0.001010365269371129,0.028626655508737896,48,28,0,36.84210526315789,
SEUMLD,OADNet_audio,s1_reverse,,1.0,0.25,76,0.0,0.0,0.0,0.0,1.0,1.0,1.0,0,0,76,0.0,
SEUMLD,OADNet_audio,s1_reverse,,1.0,0.5,76,0.0,0.0,0.0,0.0,1.0,1.0,1.0,0,0,76,0.0,
SEUMLD,OADNet_audio,s1_reverse,,1.0,1.0,76,0.0,0.0,0.0,0.0,1.0,1.0,1.0,0,0,76,0.0,
SEUMLD,OADNet_audio,s1_reverse,,1.0,2.0,76,0.0,0.0,0.0,0.0,1.0,1.0,1.0,0,0,76,0.0,
SEUMLD,OADNet_audio,s1_reverse,,2.0,0.25,76,-0.0048202195093010915,-0.008389037433155087,-0.015109737101872071,0.005445269069120316,0.352,0.1798340704488074,0.0369549040273683,28,47,1,61.8421052631579,
SEUMLD,OADNet_audio,s1_reverse,,2.0,0.5,76,-0.0011891893531772064,-0.0026515151515151382,-0.010952775186864624,0.0086816625683072,0.8126,0.6066523370312819,0.8175538505509841,36,39,1,51.31578947368421,
SEUMLD,OADNet_audio,s1_reverse,,2.0,1.0,76,0.006072870959070556,0.002222222222222203,-0.007958393821295776,0.020146035990113942,0.4038,0.4760354464265737,0.7239481457469141,38,34,4,44.73684210526316,
SEUMLD,OADNet_audio,s1_reverse,,2.0,2.0,76,0.020596991583566083,0.014213624894869659,-0.008672147285098587,0.049445274902059765,0.1749,0.21462889787880002,0.10534226887460482,45,30,1,39.473684210526315,
SEUMLD,OADNet_audio,s1_reverse,,3.0,0.25,76,0.01115664323039684,-0.007596153846153839,-0.007180589750840262,0.030224564086797162,0.2434,0.858236901786627,0.566573442398685,35,41,0,53.94736842105263,
SEUMLD,OADNet_audio,s1_reverse,,3.0,0.5,76,0.015001624557583965,0.0023064687168610765,-0.002103297411221323,0.032332797337398106,0.0989,0.2612305467173296,0.7310088822226056,40,36,0,47.368421052631575,0.1978
SEUMLD,OADNet_audio,s1_reverse,,3.0,1.0,76,0.022691587211958207,0.011172901921132461,0.0018572886755628371,0.043796684719367936,0.0419,0.06050231134965058,0.2887842804141049,41,31,4,40.78947368421053,
SEUMLD,OADNet_audio,s1_reverse,,3.0,2.0,76,0.0380715125207067,0.03144016227180524,-0.0009758095239751901,0.07878730241749676,0.068,0.09809359807177982,0.20673684180839247,44,32,0,42.10526315789473,
SEUMLD,OADNet_audio,s1_reverse,,5.0,0.25,76,0.057680330313159243,0.0011111111111111072,0.021309078856086093,0.0957574336968479,0.0018,0.09518558327786855,1.0,38,37,1,48.68421052631579,
SEUMLD,OADNet_audio,s1_reverse,,5.0,0.5,76,0.0599774113368073,0.02434210526315788,0.02756293445948757,0.09501458464063557,0.0009,0.021519010275514117,0.20673684180839247,44,32,0,42.10526315789473,
SEUMLD,OADNet_audio,s1_reverse,,5.0,1.0,76,0.06457157338410342,0.03096821877309682,0.032248609001155615,0.09802331429255405,0.0003,0.0008986913687090482,0.03192716208321237,45,26,5,34.21052631578947,
SEUMLD,OADNet_audio,s1_reverse,,5.0,2.0,76,0.0737598974786957,0.08408268733850129,0.023719641316797054,0.12370531662215102,0.0056,0.007492651192208962,0.01544026202090637,49,27,0,35.526315789473685,
SEUMLD,OADNet_audio,s1_reverse,,10.0,0.25,76,0.19149434061399923,0.015011244377811084,0.11148381319945455,0.279875778008103,0.0,0.003010898390922512,0.9087769252754927,39,37,0,48.68421052631579,
SEUMLD,OADNet_audio,s1_reverse,,10.0,0.5,76,0.19312357809234026,0.04891304347826085,0.11736812474101666,0.2774220706387869,0.0,0.00016045989415480695,0.028626655508737896,48,28,0,36.84210526315789,
SEUMLD,OADNet_audio,s1_reverse,,10.0,1.0,76,0.19638205304902218,0.07777777777777778,0.12472486694686735,0.27414737447867366,0.0,4.795333142279009e-06,0.00020771603022674048,52,20,4,26.31578947368421,
SEUMLD,OADNet_audio,s1_reverse,,10.0,2.0,76,0.20289900296238614,0.1735748792270531,0.1265796583330626,0.28092857950453093,0.0,6.577909810651301e-06,0.0001206291159979032,55,21,0,27.631578947368425,
MDPE,OADNet_text,s1_reverse,,1.0,0.25,191,0.0,0.0,0.0,0.0,1.0,1.0,1.0,0,0,191,0.0,
MDPE,OADNet_text,s1_reverse,,1.0,0.5,191,0.0,0.0,0.0,0.0,1.0,1.0,1.0,0,0,191,0.0,
MDPE,OADNet_text,s1_reverse,,1.0,1.0,191,0.0,0.0,0.0,0.0,1.0,1.0,1.0,0,0,191,0.0,
MDPE,OADNet_text,s1_reverse,,1.0,2.0,191,0.0,0.0,0.0,0.0,1.0,1.0,1.0,0,0,191,0.0,
MDPE,OADNet_text,s1_reverse,,2.0,0.25,191,0.0036502200470445406,-5.551115123125783e-18,-0.0010329880871082777,0.008398493815919261,0.1393,0.37347156074810184,0.7169046430967033,92,98,1,51.30890052356021,
MDPE,OADNet_text,s1_reverse,,2.0,0.5,191,0.0025940890811138938,-0.004166666666666641,-0.0010907978602321888,0.006378518855755368,0.1691,0.524418676720248,0.6098003976284782,90,98,3,51.30890052356021,
MDPE,OADNet_text,s1_reverse,,2.0,1.0,191,0.0004818271492525973,0.0,-0.003998880795204494,0.004841082403824262,0.832,0.7547960380496145,1.0,92,91,8,47.64397905759162,
MDPE,OADNet_text,s1_reverse,,2.0,2.0,191,-0.0037426967144699925,-0.008333333333333349,-0.015043108354199869,0.007286212914485164,0.5121,0.5418127791644758,0.21246829351544083,84,102,5,53.403141361256544,
MDPE,OADNet_text,s1_reverse,,3.0,0.25,191,0.03025599438500645,0.022916666666666675,0.02167393438424766,0.0390882867630321,0.0,6.827664000447447e-09,3.1079427703886866e-05,124,66,1,34.55497382198953,
MDPE,OADNet_text,s1_reverse,,3.0,0.5,191,0.027356969421048635,0.020833333333333325,0.020287839555353206,0.034738172471355945,0.0,4.403029113837781e-10,0.00018306973677066906,120,68,3,35.602094240837694,0.0
MDPE,OADNet_text,s1_reverse,,3.0,1.0,191,0.021558919493133016,0.016666666666666698,0.01522118521890887,0.027978222930419606,0.0,4.482406194256205e-09,4.2739913906474813e-07,127,58,6,30.36649214659686,
MDPE,OADNet_text,s1_reverse,,3.0,2.0,191,0.009962819637301766,0.016666666666666653,-0.003522791941725473,0.023302365505728815,0.1415,0.14044963521109338,0.10929564898388108,106,83,2,43.455497382198956,
MDPE,OADNet_text,s1_reverse,,5.0,0.25,191,0.10073696790348281,0.07083333333333333,0.08238434488580318,0.12065746168146295,0.0,7.363237099603528e-18,6.853379734217895e-11,139,50,2,26.17801047120419,
MDPE,OADNet_text,s1_reverse,,5.0,0.5,191,0.09613400106229608,0.06666666666666665,0.0797376270961378,0.11313412910691249,0.0,1.8759746478392816e-20,2.573175488023757e-14,146,43,2,22.5130890052356,
MDPE,OADNet_text,s1_reverse,,5.0,1.0,191,0.0869280673799226,0.075,0.07319589877835952,0.10080056339631231,0.0,7.344484727632493e-23,5.78796833231338e-22,157,30,4,15.706806282722512,
MDPE,OADNet_text,s1_reverse,,5.0,2.0,191,0.06851620001517565,0.0833333333333333,0.051526955762956204,0.0852493076105926,0.0,9.896266546525236e-13,9.258720231217133e-10,137,53,1,27.748691099476442,
MDPE,OADNet_text,s1_reverse,,10.0,0.25,191,0.29209348205478414,0.25,0.2505140398550724,0.3351953984558768,0.0,5.329247288277332e-25,8.572087075329543e-19,155,36,0,18.848167539267017,
MDPE,OADNet_text,s1_reverse,,10.0,0.5,191,0.2840864253737006,0.2375,0.24501529421807422,0.3238352682297594,0.0,1.2181045586941237e-26,1.17131377402057e-19,155,34,2,17.801047120418847,
MDPE,OADNet_text,s1_reverse,,10.0,1.0,191,0.26807231201153353,0.2166666666666667,0.23376626640868045,0.30353109112982773,0.0,1.6605475801887318e-29,6.446975306932117e-30,169,21,1,10.99476439790576,
MDPE,OADNet_text,s1_reverse,,10.0,2.0,191,0.23604408528719933,0.2083333333333334,0.20708485089915776,0.26609065558843614,0.0,1.1634759968262812e-27,7.905290080352722e-31,170,20,1,10.471204188481675,
MDPE,OADNet_audio,s1_reverse,,1.0,0.25,191,0.0,0.0,0.0,0.0,1.0,1.0,1.0,0,0,191,0.0,
MDPE,OADNet_audio,s1_reverse,,1.0,0.5,191,0.0,0.0,0.0,0.0,1.0,1.0,1.0,0,0,191,0.0,
MDPE,OADNet_audio,s1_reverse,,1.0,1.0,191,0.0,0.0,0.0,0.0,1.0,1.0,1.0,0,0,191,0.0,
MDPE,OADNet_audio,s1_reverse,,1.0,2.0,191,0.0,0.0,0.0,0.0,1.0,1.0,1.0,0,0,191,0.0,
MDPE,OADNet_audio,s1_reverse,,2.0,0.25,191,-0.0019002769557629575,-0.006249999999999994,-0.007364972209575843,0.003846566981561574,0.5128,0.1750769118452935,0.015308531789131533,76,110,5,57.59162303664922,
MDPE,OADNet_audio,s1_reverse,,2.0,0.5,191,0.0007293800743607258,-0.004166666666666652,-0.002634873662645117,0.0041733771530465145,0.672,0.5508947462529373,0.0844339624789741,77,101,13,52.879581151832454,
MDPE,OADNet_audio,s1_reverse,,2.0,1.0,191,0.005988694134608086,0.008333333333333326,-0.0001688291979664627,0.012097086273617115,0.0501,0.05764483621752139,0.059196151400624855,101,75,15,39.26701570680628,
MDPE,OADNet_audio,s1_reverse,,2.0,2.0,191,0.01650732225510281,0.008333333333333281,-0.0022883469914257598,0.035228820471962956,0.0872,0.24441445466107548,0.6626346634894794,98,91,2,47.64397905759162,
MDPE,OADNet_audio,s1_reverse,,3.0,0.25,191,0.018634759845208286,5.551115123125783e-18,0.0079349485924577,0.029675323905455648,0.001,0.02245332608754454,0.9421914836304657,96,94,1,49.21465968586388,
MDPE,OADNet_audio,s1_reverse,,3.0,0.5,191,0.02157788906593823,0.004166666666666663,0.01432674614917672,0.029350766370741327,0.0,4.418313654940331e-05,0.27135236737309915,101,85,5,44.50261780104712,0.0
MDPE,OADNet_audio,s1_reverse,,3.0,1.0,191,0.027464147507398135,0.025,0.01994460884740876,0.03509755102815084,0.0,3.011978626025878e-11,1.7218675720944953e-10,135,49,7,25.654450261780106,
MDPE,OADNet_audio,s1_reverse,,3.0,2.0,191,0.03923666439031793,0.008333333333333349,0.015751716746338868,0.06343804537521815,0.0014,0.019285018102076248,0.10929564898388108,106,83,2,43.455497382198956,
MDPE,OADNet_audio,s1_reverse,,5.0,0.25,191,0.07354930191972077,0.020833333333333325,0.0521391394453297,0.09573923239623645,0.0,9.98626298958145e-07,0.16791105600903397,105,85,1,44.50261780104712,
MDPE,OADNet_audio,s1_reverse,,5.0,0.5,191,0.07588872448592457,0.016666666666666673,0.05885079956749375,0.0941657418999924,0.0,1.8384677294547375e-11,7.02732420805379e-05,121,66,4,34.55497382198953,
MDPE,OADNet_audio,s1_reverse,,5.0,1.0,191,0.0805675696183322,0.06666666666666665,0.06782760452234617,0.09357073753699065,0.0,1.427246470777759e-22,2.417596589733704e-20,154,32,5,16.75392670157068,
MDPE,OADNet_audio,s1_reverse,,5.0,2.0,191,0.08992525988314741,0.05217391304347822,0.06610279611503149,0.11479844828894453,0.0,2.962332993276096e-11,2.3864849252598014e-09,136,54,1,28.272251308900525,
MDPE,OADNet_audio,s1_reverse,,10.0,0.25,191,0.2194262652705061,0.06666666666666668,0.17100499611123757,0.27067988134532206,0.0,4.205973235142059e-12,0.004537135222797169,115,75,1,39.26701570680628,
MDPE,OADNet_audio,s1_reverse,,10.0,0.5,191,0.22144605053494196,0.07916666666666665,0.1776621898474847,0.26821949218453606,0.0,3.7589431508723687e-17,3.5912299843426873e-07,129,59,3,30.89005235602094,
MDPE,OADNet_audio,s1_reverse,,10.0,1.0,191,0.22548562106381367,0.1333333333333333,0.1895307401927309,0.2649220350557706,0.0,1.2543594864939736e-28,5.355420111346468e-31,168,19,4,9.947643979057592,
MDPE,OADNet_audio,s1_reverse,,10.0,2.0,191,0.233564762121557,0.21666666666666662,0.2025717524091357,0.26557259655512566,0.0,2.9018169188286767e-26,1.9062957178124543e-25,163,26,2,13.612565445026178,
SEUMLD,OADNet_text,s2_oracle_scalar_alpha,0.6,1.0,0.25,76,0.0,0.0,0.0,0.0,1.0,1.0,1.0,0,0,76,0.0,
SEUMLD,OADNet_text,s2_oracle_scalar_alpha,0.6,1.0,0.5,76,0.0,0.0,0.0,0.0,1.0,1.0,1.0,0,0,76,0.0,
SEUMLD,OADNet_text,s2_oracle_scalar_alpha,0.6,1.0,1.0,76,0.0,0.0,0.0,0.0,1.0,1.0,1.0,0,0,76,0.0,
SEUMLD,OADNet_text,s2_oracle_scalar_alpha,0.6,1.0,2.0,76,0.0,0.0,0.0,0.0,1.0,1.0,1.0,0,0,76,0.0,
SEUMLD,OADNet_text,s2_oracle_scalar_alpha,0.6,2.0,0.25,76,-0.017970342921254687,-0.01014492753623188,-0.031552722650502664,-0.0053921342632554815,0.008,0.01823139944956864,0.42219110499231566,34,42,0,55.26315789473685,
SEUMLD,OADNet_text,s2_oracle_scalar_alpha,0.6,2.0,0.5,76,-0.004718251882188357,0.0022222222222222144,-0.02251957995898646,0.013002284937398793,0.6122,0.5828813932805593,1.0,38,37,1,48.68421052631579,
SEUMLD,OADNet_text,s2_oracle_scalar_alpha,0.6,2.0,1.0,76,-0.03867925397533948,-0.027525252525252526,-0.06327308803431174,-0.014235140057235423,0.0039,0.006132276603222453,0.06394991646706692,29,46,1,60.526315789473685,
SEUMLD,OADNet_text,s2_oracle_scalar_alpha,0.6,2.0,2.0,76,-0.1530636828624947,-0.12840501792114695,-0.18206238960205245,-0.1244869247633708,0.0,1.2640485956916064e-12,5.632907524806409e-13,8,68,0,89.47368421052632,
SEUMLD,OADNet_text,s2_oracle_scalar_alpha,0.6,3.0,0.25,76,-0.0040993504378766706,-0.0013389711064129674,-0.022056643103209213,0.013382003420676138,0.6605,0.8037375696312485,0.9087769252754927,37,39,0,51.31578947368421,
SEUMLD,OADNet_text,s2_oracle_scalar_alpha,0.6,3.0,0.5,76,0.012941755642126442,0.01869565217391303,-0.008646156658520705,0.03438083457905972,0.2473,0.22969464466714185,0.3018724904870079,43,33,0,43.42105263157895,0.2473
SEUMLD,OADNet_text,s2_oracle_scalar_alpha,0.6,3.0,1.0,76,0.015639141008716,0.02517482517482511,-0.02991230184597998,0.061327574834866394,0.5178,0.6561309471370123,0.7310088822226056,40,36,0,47.368421052631575,
SEUMLD,OADNet_text,s2_oracle_scalar_alpha,0.6,3.0,2.0,76,-0.18857426522760307,-0.16111111111111112,-0.24080034019068405,-0.13873038881854818,0.0,1.1779151569137586e-08,9.842847414734726e-08,15,61,0,80.26315789473685,
SEUMLD,OADNet_text,s2_oracle_scalar_alpha,0.6,5.0,0.25,76,0.028606749980969425,0.015891472868217044,-0.0016725910690490535,0.059002301356857224,0.0738,0.15376357592162287,0.20673684180839247,44,32,0,42.10526315789473,
SEUMLD,OADNet_text,s2_oracle_scalar_alpha,0.6,5.0,0.5,76,0.051550397067086695,0.02963768115942031,0.01882995925924976,0.0846014186955478,0.0034,0.015949823263757792,0.08464609267083598,46,30,0,39.473684210526315,
SEUMLD,OADNet_text,s2_oracle_scalar_alpha,0.6,5.0,1.0,76,0.11318220769015729,0.1026315789473684,0.04546598328806402,0.18306803083058504,0.0018,0.004700922061951259,0.028626655508737896,48,28,0,36.84210526315789,
SEUMLD,OADNet_text,s2_oracle_scalar_alpha,0.6,5.0,2.0,76,-0.08724861168149747,-0.05048309178743956,-0.18832715728170343,0.015006148059615785,0.0963,0.130309593465742,0.48868297090314317,34,41,1,53.94736842105263,
SEUMLD,OADNet_text,s2_oracle_scalar_alpha,0.6,10.0,0.25,76,0.15172938011344952,0.1141304347826087,0.08111109583193385,0.224181873949671,0.0,0.000871413570528921,0.08464609267083598,46,30,0,39.473684210526315,
SEUMLD,OADNet_text,s2_oracle_scalar_alpha,0.6,10.0,0.5,76,0.18118741462646587,0.13804347826086955,0.11157132657179027,0.2545553137422225,0.0,0.00011113462181620779,0.028626655508737896,48,28,0,36.84210526315789,
SEUMLD,OADNet_text,s2_oracle_scalar_alpha,0.6,10.0,1.0,76,0.3123757385921001,0.2607608695652174,0.21599537377950795,0.4090130739034694,0.0,6.686368454989684e-07,0.0007645817391550476,53,23,0,30.263157894736842,
SEUMLD,OADNet_text,s2_oracle_scalar_alpha,0.6,10.0,2.0,76,0.36520932299561676,0.29480676328502414,0.19483941297644417,0.54142964674628,0.0002,0.00025183330382877244,0.001761872002940625,52,24,0,31.57894736842105,
SEUMLD,OADNet_audio,s2_oracle_scalar_alpha,0.6,1.0,0.25,76,0.0,0.0,0.0,0.0,1.0,1.0,1.0,0,0,76,0.0,
SEUMLD,OADNet_audio,s2_oracle_scalar_alpha,0.6,1.0,0.5,76,0.0,0.0,0.0,0.0,1.0,1.0,1.0,0,0,76,0.0,
SEUMLD,OADNet_audio,s2_oracle_scalar_alpha,0.6,1.0,1.0,76,0.0,0.0,0.0,0.0,1.0,1.0,1.0,0,0,76,0.0,
SEUMLD,OADNet_audio,s2_oracle_scalar_alpha,0.6,1.0,2.0,76,0.0,0.0,0.0,0.0,1.0,1.0,1.0,0,0,76,0.0,
SEUMLD,OADNet_audio,s2_oracle_scalar_alpha,0.6,2.0,0.25,76,-0.011836715996878943,-0.009307359307359302,-0.02672598737337262,0.0033906588387844125,0.1272,0.12927505003730988,0.42219110499231566,34,42,0,55.26315789473685,
SEUMLD,OADNet_audio,s2_oracle_scalar_alpha,0.6,2.0,0.5,76,0.000326477938073253,-0.008883058470764621,-0.019282674526810765,0.02090568322911682,0.9731,0.5378225211510748,0.20673684180839247,32,44,0,57.89473684210527,
SEUMLD,OADNet_audio,s2_oracle_scalar_alpha,0.6,2.0,1.0,76,-0.05521972153618076,-0.06043478260869563,-0.08911140825882417,-0.02084845288856423,0.003,0.002935630239455779,0.007905180027859783,26,50,0,65.78947368421053,
SEUMLD,OADNet_audio,s2_oracle_scalar_alpha,0.6,2.0,2.0,76,-0.2242909585982011,-0.18357487922705318,-0.2652028384197724,-0.18483621456781738,0.0,2.3720517700614553e-13,7.747704489416678e-20,2,74,0,97.36842105263158,
SEUMLD,OADNet_audio,s2_oracle_scalar_alpha,0.6,3.0,0.25,76,0.004180931559249231,4.5787545787540095e-05,-0.022342886543872904,0.03169683961913891,0.7644,0.8990626315595138,1.0,38,38,0,50.0,
SEUMLD,OADNet_audio,s2_oracle_scalar_alpha,0.6,3.0,0.5,76,0.03587960382667877,-0.0043062200956937744,0.0011912231152645912,0.07322667784048248,0.0538,0.3065306606954631,1.0,38,38,0,50.0,0.1076
SEUMLD,OADNet_audio,s2_oracle_scalar_alpha,0.6,3.0,1.0,76,-0.003463737671102744,-0.034891304347826085,-0.059734051850216026,0.05312400138467694,0.904,0.8285952318640296,0.48868297090314317,34,41,1,53.94736842105263,
SEUMLD,OADNet_audio,s2_oracle_scalar_alpha,0.6,3.0,2.0,76,-0.2563244986241134,-0.2223458038422649,-0.32314757410859046,-0.19016151606202153,0.0,3.177503306781697e-09,3.807704084089984e-08,14,61,1,80.26315789473685,
SEUMLD,OADNet_audio,s2_oracle_scalar_alpha,0.6,5.0,0.25,76,0.07153324128683636,0.040392156862745096,0.021258202478761385,0.12286310149708632,0.007,0.05674553238930766,0.13538510529943087,45,31,0,40.78947368421053,
SEUMLD,OADNet_audio,s2_oracle_scalar_alpha,0.6,5.0,0.5,76,0.09214513022244286,0.03947712418300654,0.04153775083005186,0.14504846603609434,0.0008,0.0048446327897225016,0.24804574189252784,43,32,1,42.10526315789473,
SEUMLD,OADNet_audio,s2_oracle_scalar_alpha,0.6,5.0,1.0,76,0.15526406351726263,0.11676470588235295,0.07893491201413083,0.23378393259539199,0.0004,0.0005328785474356953,0.028626655508737896,48,28,0,36.84210526315789,
SEUMLD,OADNet_audio,s2_oracle_scalar_alpha,0.6,5.0,2.0,76,-0.11919810126563953,-0.13522727272727272,-0.23070340963277627,-0.002303552532504322,0.0447,0.04293432991868728,0.13538510529943087,31,45,0,59.210526315789465,
SEUMLD,OADNet_audio,s2_oracle_scalar_alpha,0.6,10.0,0.25,76,0.28586115440085225,0.1809782608695652,0.17167552683250176,0.4089878859478173,0.0,9.780876029253476e-05,0.08464609267083598,46,30,0,39.473684210526315,
SEUMLD,OADNet_audio,s2_oracle_scalar_alpha,0.6,10.0,0.5,76,0.3022315443885897,0.16755050505050506,0.19168360294189224,0.4169447027445167,0.0,3.5231832474836056e-05,0.050452410247217666,47,29,0,38.15789473684211,
SEUMLD,OADNet_audio,s2_oracle_scalar_alpha,0.6,10.0,1.0,76,0.4618581164545253,0.24869281045751637,0.3098111959485975,0.6289355180761538,0.0,1.2499480901351007e-06,0.0024442284992149655,51,24,1,31.57894736842105,
SEUMLD,OADNet_audio,s2_oracle_scalar_alpha,0.6,10.0,2.0,76,0.44057581189485795,0.27463768115942033,0.23459592557049247,0.6446387805238232,0.0,0.0003230743206158514,0.02029840699010744,48,27,1,35.526315789473685,
MDPE,OADNet_text,s2_oracle_scalar_alpha,0.6,1.0,0.25,191,0.0,0.0,0.0,0.0,1.0,1.0,1.0,0,0,191,0.0,
MDPE,OADNet_text,s2_oracle_scalar_alpha,0.6,1.0,0.5,191,0.0,0.0,0.0,0.0,1.0,1.0,1.0,0,0,191,0.0,
MDPE,OADNet_text,s2_oracle_scalar_alpha,0.6,1.0,1.0,191,0.0,0.0,0.0,0.0,1.0,1.0,1.0,0,0,191,0.0,
MDPE,OADNet_text,s2_oracle_scalar_alpha,0.6,1.0,2.0,191,0.0,0.0,0.0,0.0,1.0,1.0,1.0,0,0,191,0.0,
MDPE,OADNet_text,s2_oracle_scalar_alpha,0.6,2.0,0.25,191,0.003395079292814326,-0.002083333333333326,-0.0005856974163441822,0.007381546873814401,0.0988,0.28966753594252936,0.7723417190395665,93,98,0,51.30890052356021,
MDPE,OADNet_text,s2_oracle_scalar_alpha,0.6,2.0,0.5,191,0.007728203960846801,0.004166666666666674,0.004059417444419152,0.011508934668791257,0.0002,0.0010852754318607207,0.04744112748635065,107,79,5,41.361256544502616,
MDPE,OADNet_text,s2_oracle_scalar_alpha,0.6,2.0,1.0,191,0.01402041126033842,0.016666666666666642,0.006783329539418773,0.021321847256999777,0.0003,0.00038501984316433393,0.0025505192526799423,114,72,5,37.696335078534034,
MDPE,OADNet_text,s2_oracle_scalar_alpha,0.6,2.0,2.0,191,-0.03325935199939297,-0.033333333333333284,-0.0421845834281812,-0.0242903482813567,0.0,5.1043102508010304e-11,1.5992185050097216e-07,58,130,3,68.06282722513089,
MDPE,OADNet_text,s2_oracle_scalar_alpha,0.6,3.0,0.25,191,0.03106599514378936,0.018749999999999996,0.022729270999317087,0.03964096526671219,0.0,1.5990493908251598e-09,8.411757648898595e-05,123,68,0,35.602094240837694,
MDPE,OADNet_text,s2_oracle_scalar_alpha,0.6,3.0,0.5,191,0.02596080886258442,0.016666666666666663,0.019116397298732834,0.03315331208741178,0.0,2.47255346288828e-09,3.1079427703886866e-05,124,66,1,34.55497382198953,0.0
MDPE,OADNet_text,s2_oracle_scalar_alpha,0.6,3.0,1.0,191,0.07664655891949312,0.07499999999999998,0.06530251726231126,0.08821809317854162,0.0,9.174212487570413e-23,5.263950007429619e-21,157,32,2,16.75392670157068,
MDPE,OADNet_text,s2_oracle_scalar_alpha,0.6,3.0,2.0,191,-0.05237309355793308,-0.049999999999999975,-0.06622296835875256,-0.03887021966765309,0.0,2.5199939672428004e-11,4.16237547111214e-08,56,131,4,68.58638743455498,
MDPE,OADNet_text,s2_oracle_scalar_alpha,0.6,5.0,0.25,191,0.10406043705895741,0.07291666666666669,0.0868478497989225,0.12190849315198422,0.0,1.783356809573282e-20,5.6083504267957344e-14,146,44,1,23.036649214659686,
MDPE,OADNet_text,s2_oracle_scalar_alpha,0.6,5.0,0.5,191,0.10146065710600197,0.07916666666666666,0.08549071913650502,0.11768303266560434,0.0,5.647417366855866e-23,8.427408773507358e-16,150,41,0,21.465968586387437,
MDPE,OADNet_text,s2_oracle_scalar_alpha,0.6,5.0,1.0,191,0.2085457925487518,0.19166666666666665,0.19305234653615597,0.2244234198345853,0.0,5.761982024189395e-33,1.2234945877497233e-55,190,1,0,0.5235602094240838,
MDPE,OADNet_text,s2_oracle_scalar_alpha,0.6,5.0,2.0,191,0.09754533727900447,0.09166666666666667,0.07513733970710981,0.1202500189695728,0.0,6.280410394817382e-14,1.2070197196411367e-12,144,47,0,24.60732984293194,
MDPE,OADNet_text,s2_oracle_scalar_alpha,0.6,10.0,0.25,191,0.3399935503452462,0.2854166666666667,0.29635786573336365,0.385261934232491,0.0,4.076709311393197e-28,3.929354205198247e-25,164,27,0,14.136125654450263,
MDPE,OADNet_text,s2_oracle_scalar_alpha,0.6,10.0,0.5,191,0.3196154867592382,0.2791666666666667,0.2784528416420063,0.3616119394491235,0.0,1.3584925572133456e-28,2.3208974086298676e-24,163,28,0,14.659685863874344,
MDPE,OADNet_text,s2_oracle_scalar_alpha,0.6,10.0,1.0,191,0.379949161544882,0.35,0.3475166458001365,0.41313533841717887,0.0,4.285308962119055e-33,6.372367644529809e-58,191,0,0,0.0,
MDPE,OADNet_text,s2_oracle_scalar_alpha,0.6,10.0,2.0,191,0.634124364519311,0.6500000000000001,0.5890958627361712,0.6781936224296228,0.0,7.858244756864649e-33,3.4977172149731774e-50,187,4,0,2.094240837696335,
MDPE,OADNet_audio,s2_oracle_scalar_alpha,0.6,1.0,0.25,191,0.0,0.0,0.0,0.0,1.0,1.0,1.0,0,0,191,0.0,
MDPE,OADNet_audio,s2_oracle_scalar_alpha,0.6,1.0,0.5,191,0.0,0.0,0.0,0.0,1.0,1.0,1.0,0,0,191,0.0,
MDPE,OADNet_audio,s2_oracle_scalar_alpha,0.6,1.0,1.0,191,0.0,0.0,0.0,0.0,1.0,1.0,1.0,0,0,191,0.0,
MDPE,OADNet_audio,s2_oracle_scalar_alpha,0.6,1.0,2.0,191,0.0,0.0,0.0,0.0,1.0,1.0,1.0,0,0,191,0.0,
MDPE,OADNet_audio,s2_oracle_scalar_alpha,0.6,2.0,0.25,191,0.006787787389028001,0.002083333333333326,0.0007221597807117389,0.013236564800060703,0.0363,0.16889441360263158,0.8843829672609315,96,93,2,48.69109947643979,
MDPE,OADNet_audio,s2_oracle_scalar_alpha,0.6,2.0,0.5,191,0.007488238864860766,0.004166666666666663,0.0031925079672205808,0.011955691820320209,0.0006,0.015428212105723512,0.305929643301142,101,86,4,45.0261780104712,
MDPE,OADNet_audio,s2_oracle_scalar_alpha,0.6,2.0,1.0,191,-0.039623643675544426,-0.03333333333333335,-0.04633507853403141,-0.032904431292207305,0.0,2.834235891417657e-20,2.4541429975807847e-17,37,150,4,78.53403141361257,
MDPE,OADNet_audio,s2_oracle_scalar_alpha,0.6,2.0,2.0,191,-0.23577661431064575,-0.225,-0.2544201475832764,-0.21771321799833065,0.0,4.269782802374025e-33,6.372367644529809e-58,0,191,0,100.0,
MDPE,OADNet_audio,s2_oracle_scalar_alpha,0.6,3.0,0.25,191,0.03796997116624933,0.02291666666666667,0.025394104731011464,0.05166147374611124,0.0,9.533526414747855e-06,0.013677049688766813,113,78,0,40.83769633507853,
MDPE,OADNet_audio,s2_oracle_scalar_alpha,0.6,3.0,0.5,191,0.036293535169587984,0.020833333333333315,0.02694053987404204,0.04581391323317398,0.0,5.141964891410663e-10,4.5004501516191556e-05,124,67,0,35.07853403141361,0.0
MDPE,OADNet_audio,s2_oracle_scalar_alpha,0.6,3.0,1.0,191,0.05002086653008576,0.049999999999999975,0.039989566734957134,0.06013738713104181,0.0,2.676784510930088e-18,1.5561729868184184e-17,149,36,6,18.848167539267017,
MDPE,OADNet_audio,s2_oracle_scalar_alpha,0.6,3.0,2.0,191,-0.23662834812960012,-0.22500000000000003,-0.2550838929357311,-0.21845355300098643,0.0,4.3456457518387556e-33,1.2234945877497233e-55,1,190,0,99.47643979057592,
MDPE,OADNet_audio,s2_oracle_scalar_alpha,0.6,5.0,0.25,191,0.12725073981333943,0.08541666666666665,0.10002728061689052,0.15533812077927003,0.0,5.5198810975031145e-14,6.60700474034927e-07,130,61,0,31.93717277486911,
MDPE,OADNet_audio,s2_oracle_scalar_alpha,0.6,5.0,0.5,191,0.12780559981789208,0.0875,0.10546627209955231,0.15139559147128007,0.0,1.096382640352134e-19,3.5015598870232586e-10,138,52,1,27.225130890052355,
MDPE,OADNet_audio,s2_oracle_scalar_alpha,0.6,5.0,1.0,191,0.20570035662796868,0.18333333333333332,0.1879922604142955,0.2239835628651643,0.0,6.194944164566062e-33,1.2234945877497233e-55,190,1,0,0.5235602094240838,
MDPE,OADNet_audio,s2_oracle_scalar_alpha,0.6,5.0,2.0,191,-0.024588360270126713,-0.025000000000000022,-0.04150936148417938,-0.00817313529099326,0.0053,0.005740394798066525,0.002287461485179226,74,117,0,61.25654450261781,
MDPE,OADNet_audio,s2_oracle_scalar_alpha,0.6,10.0,0.25,191,0.4072169739737462,0.3369565217391304,0.3423156394642993,0.47419182506259955,0.0,8.145859401729571e-22,3.669437586826548e-12,143,48,0,25.13089005235602,
MDPE,OADNet_audio,s2_oracle_scalar_alpha,0.6,10.0,0.5,191,0.4042330601714849,0.33333333333333337,0.3446167197814705,0.4663034704833447,0.0,2.683647899377916e-25,1.3268681860238142e-15,149,41,1,21.465968586387437,
MDPE,OADNet_audio,s2_oracle_scalar_alpha,0.6,10.0,1.0,191,0.4305277335154412,0.35,0.3831643618635708,0.4801215001138173,0.0,5.0182287393102944e-33,1.168501054977431e-53,189,2,0,1.0471204188481675,
MDPE,OADNet_audio,s2_oracle_scalar_alpha,0.6,10.0,2.0,191,0.6030616890507626,0.5833333333333333,0.5603001934896427,0.6459927251688293,0.0,5.05916657816958e-33,1.168501054977431e-53,189,2,0,1.0471204188481675,
SEUMLD,OADNet_text,s2_oracle_scalar_alpha,0.7,1.0,0.25,76,0.0,0.0,0.0,0.0,1.0,1.0,1.0,0,0,76,0.0,
SEUMLD,OADNet_text,s2_oracle_scalar_alpha,0.7,1.0,0.5,76,0.0,0.0,0.0,0.0,1.0,1.0,1.0,0,0,76,0.0,
SEUMLD,OADNet_text,s2_oracle_scalar_alpha,0.7,1.0,1.0,76,0.0,0.0,0.0,0.0,1.0,1.0,1.0,0,0,76,0.0,
SEUMLD,OADNet_text,s2_oracle_scalar_alpha,0.7,1.0,2.0,76,0.0,0.0,0.0,0.0,1.0,1.0,1.0,0,0,76,0.0,
SEUMLD,OADNet_text,s2_oracle_scalar_alpha,0.7,2.0,0.25,76,0.0009835176939312763,2.4703557312252822e-05,-0.006342236050674809,0.008391333329346095,0.7956,0.8521430937068258,1.0,38,38,0,50.0,
SEUMLD,OADNet_text,s2_oracle_scalar_alpha,0.7,2.0,0.5,76,0.0038590409043026525,0.0011627906976744208,-0.009961734461298978,0.017785989029316565,0.5842,0.6669271470843049,1.0,38,37,1,48.68421052631579,
SEUMLD,OADNet_text,s2_oracle_scalar_alpha,0.7,2.0,1.0,76,-0.03867925397533948,-0.027525252525252526,-0.06346465690340573,-0.01439187825450401,0.0045,0.006132276603222453,0.06394991646706692,29,46,1,60.526315789473685,
SEUMLD,OADNet_text,s2_oracle_scalar_alpha,0.7,2.0,2.0,76,-0.1530636828624947,-0.12840501792114695,-0.18226877058385127,-0.12488471452420762,0.0,1.2640485956916064e-12,5.632907524806409e-13,8,68,0,89.47368421052632,
SEUMLD,OADNet_text,s2_oracle_scalar_alpha,0.7,3.0,0.25,76,-0.001858392667549246,-0.01117424242424243,-0.014964032266426548,0.01174791967251457,0.7956,0.422179352951243,0.10534226887460482,30,45,1,59.210526315789465,
SEUMLD,OADNet_text,s2_oracle_scalar_alpha,0.7,3.0,0.5,76,0.01755564832440174,0.01416666666666665,-0.003347280412365508,0.03893579065597357,0.1141,0.3126939404206569,0.42219110499231566,42,34,0,44.73684210526316,0.1314
SEUMLD,OADNet_text,s2_oracle_scalar_alpha,0.7,3.0,1.0,76,0.015639141008716,0.02517482517482511,-0.029824001539014485,0.0640206958452591,0.5123,0.6561309471370123,0.7310088822226056,40,36,0,47.368421052631575,
SEUMLD,OADNet_text,s2_oracle_scalar_alpha,0.7,3.0,2.0,76,-0.18857426522760307,-0.16111111111111112,-0.23912536024171646,-0.1377777740135787,0.0,1.1779151569137586e-08,9.842847414734726e-08,15,61,0,80.26315789473685,
SEUMLD,OADNet_text,s2_oracle_scalar_alpha,0.7,5.0,0.25,76,0.018434752376450845,-0.001086956521739134,-0.005330057233508161,0.04297896590682184,0.1497,0.28037307300805503,0.9087769252754927,37,39,0,51.31578947368421,
SEUMLD,OADNet_text,s2_oracle_scalar_alpha,0.7,5.0,0.5,76,0.035091454882215295,0.028749999999999994,0.009326687920626981,0.06171782705250011,0.0107,0.03796255317230431,0.3556992390814873,42,33,1,43.42105263157895,
SEUMLD,OADNet_text,s2_oracle_scalar_alpha,0.7,5.0,1.0,76,0.11525501917345737,0.1026315789473684,0.04856004662983675,0.18536011971059513,0.0009,0.0034421395097653192,0.028626655508737896,48,28,0,36.84210526315789,
SEUMLD,OADNet_text,s2_oracle_scalar_alpha,0.7,5.0,2.0,76,-0.08724861168149747,-0.05048309178743956,-0.18989560640433792,0.015950079605726974,0.1038,0.130309593465742,0.48868297090314317,34,41,1,53.94736842105263,
SEUMLD,OADNet_text,s2_oracle_scalar_alpha,0.7,10.0,0.25,76,0.0987468232209937,0.05706521739130434,0.04768735384481302,0.15100311436669203,0.0004,0.002899046950959728,0.24804574189252784,43,32,1,42.10526315789473,
SEUMLD,OADNet_text,s2_oracle_scalar_alpha,0.7,10.0,0.5,76,0.11328567677465774,0.07717391304347826,0.06269543413428906,0.16603856019243304,0.0,0.0006101062187311281,0.24804574189252784,43,32,1,42.10526315789473,
SEUMLD,OADNet_text,s2_oracle_scalar_alpha,0.7,10.0,1.0,76,0.260005531440414,0.19777777777777777,0.17593669259081215,0.34681195996807807,0.0,6.253792839332203e-07,0.0001206291159979032,55,21,0,27.631578947368425,
SEUMLD,OADNet_text,s2_oracle_scalar_alpha,0.7,10.0,2.0,76,0.38111917294116276,0.3296640826873385,0.21967974799962456,0.551525841900318,0.0,6.559057067919039e-05,0.0001206291159979032,55,21,0,27.631578947368425,
SEUMLD,OADNet_audio,s2_oracle_scalar_alpha,0.7,1.0,0.25,76,0.0,0.0,0.0,0.0,1.0,1.0,1.0,0,0,76,0.0,
SEUMLD,OADNet_audio,s2_oracle_scalar_alpha,0.7,1.0,0.5,76,0.0,0.0,0.0,0.0,1.0,1.0,1.0,0,0,76,0.0,
SEUMLD,OADNet_audio,s2_oracle_scalar_alpha,0.7,1.0,1.0,76,0.0,0.0,0.0,0.0,1.0,1.0,1.0,0,0,76,0.0,
SEUMLD,OADNet_audio,s2_oracle_scalar_alpha,0.7,1.0,2.0,76,0.0,0.0,0.0,0.0,1.0,1.0,1.0,0,0,76,0.0,
SEUMLD,OADNet_audio,s2_oracle_scalar_alpha,0.7,2.0,0.25,76,-0.011538757697706754,-0.011660079051383408,-0.02282720110171663,-0.00034658406379795773,0.0458,0.04240374281188421,0.20673684180839247,32,44,0,57.89473684210527,
SEUMLD,OADNet_audio,s2_oracle_scalar_alpha,0.7,2.0,0.5,76,0.004297308043594658,-0.0026388888888888907,-0.013242885579879144,0.02306052192691128,0.6491,0.9052117318860153,0.7310088822226056,36,40,0,52.63157894736842,
SEUMLD,OADNet_audio,s2_oracle_scalar_alpha,0.7,2.0,1.0,76,-0.05521972153618076,-0.06043478260869563,-0.0895635560374899,-0.020712571515507358,0.0024,0.002935630239455779,0.007905180027859783,26,50,0,65.78947368421053,
SEUMLD,OADNet_audio,s2_oracle_scalar_alpha,0.7,2.0,2.0,76,-0.2242909585982011,-0.18357487922705318,-0.2645060073631239,-0.1846453192275943,0.0,2.3720517700614553e-13,7.747704489416678e-20,2,74,0,97.36842105263158,
SEUMLD,OADNet_audio,s2_oracle_scalar_alpha,0.7,3.0,0.25,76,0.0015974053336578204,-0.005753968253968261,-0.018139169723342678,0.021554585111241274,0.8796,0.7718673381699871,0.566573442398685,35,41,0,53.94736842105263,
SEUMLD,OADNet_audio,s2_oracle_scalar_alpha,0.7,3.0,0.5,76,0.030935996476381636,-0.0033333333333333383,0.00043529558721193515,0.0649926503932696,0.0657,0.41039479774181964,0.9087769252754927,37,39,0,51.31578947368421,0.1314
SEUMLD,OADNet_audio,s2_oracle_scalar_alpha,0.7,3.0,1.0,76,-0.003463737671102744,-0.034891304347826085,-0.05897981556184492,0.05381447492689339,0.9061,0.8285952318640296,0.48868297090314317,34,41,1,53.94736842105263,
SEUMLD,OADNet_audio,s2_oracle_scalar_alpha,0.7,3.0,2.0,76,-0.2563244986241134,-0.2223458038422649,-0.3236612272594439,-0.19083356034274299,0.0,3.177503306781697e-09,3.807704084089984e-08,14,61,1,80.26315789473685,
SEUMLD,OADNet_audio,s2_oracle_scalar_alpha,0.7,5.0,0.25,76,0.04987352834018113,0.008116883116883127,0.011484729672958422,0.08981257675013785,0.0159,0.1018293501787797,0.566573442398685,41,35,0,46.05263157894737,
SEUMLD,OADNet_audio,s2_oracle_scalar_alpha,0.7,5.0,0.5,76,0.06585129049072751,0.009758454106280234,0.026105899684415193,0.10770967473786415,0.0022,0.021081902790550177,1.0,38,38,0,50.0,
SEUMLD,OADNet_audio,s2_oracle_scalar_alpha,0.7,5.0,1.0,76,0.15712340595167015,0.1431578947368421,0.08363241825973672,0.23218226254592952,0.0002,0.00017612749869216167,0.0038362357516146263,51,25,0,32.89473684210527,
SEUMLD,OADNet_audio,s2_oracle_scalar_alpha,0.7,5.0,2.0,76,-0.11919810126563953,-0.13522727272727272,-0.23383066994411333,-0.006305192388218677,0.0445,0.04293432991868728,0.13538510529943087,31,45,0,59.210526315789465,
SEUMLD,OADNet_audio,s2_oracle_scalar_alpha,0.7,10.0,0.25,76,0.2074398971868526,0.05158119658119659,0.11615786341476371,0.3060340120881897,0.0,0.001117469826324887,0.42219110499231566,42,34,0,44.73684210526316,
SEUMLD,OADNet_audio,s2_oracle_scalar_alpha,0.7,10.0,0.5,76,0.21227951570491554,0.07017094017094018,0.12521215918103812,0.30474461632569533,0.0,0.00022754381922202157,0.20673684180839247,44,32,0,42.10526315789473,
SEUMLD,OADNet_audio,s2_oracle_scalar_alpha,0.7,10.0,1.0,76,0.4253430188572644,0.267816091954023,0.2797020017712488,0.5832175686849153,0.0,8.366113449544174e-07,9.612986582365388e-05,54,20,2,26.31578947368421,
SEUMLD,OADNet_audio,s2_oracle_scalar_alpha,0.7,10.0,2.0,76,0.4567504326277301,0.38680057388809186,0.26419637385537637,0.6553851907768405,0.0,8.922260630959412e-05,0.005228243004014281,50,25,1,32.89473684210527,
MDPE,OADNet_text,s2_oracle_scalar_alpha,0.7,1.0,0.25,191,0.0,0.0,0.0,0.0,1.0,1.0,1.0,0,0,191,0.0,
MDPE,OADNet_text,s2_oracle_scalar_alpha,0.7,1.0,0.5,191,0.0,0.0,0.0,0.0,1.0,1.0,1.0,0,0,191,0.0,
MDPE,OADNet_text,s2_oracle_scalar_alpha,0.7,1.0,1.0,191,0.0,0.0,0.0,0.0,1.0,1.0,1.0,0,0,191,0.0,
MDPE,OADNet_text,s2_oracle_scalar_alpha,0.7,1.0,2.0,191,0.0,0.0,0.0,0.0,1.0,1.0,1.0,0,0,191,0.0,
MDPE,OADNet_text,s2_oracle_scalar_alpha,0.7,2.0,0.25,191,0.0013866757720616134,-0.004166666666666663,-0.002141735905607405,0.005079589213900904,0.452,0.9978808233970524,0.3827845942503983,88,101,2,52.879581151832454,
MDPE,OADNet_text,s2_oracle_scalar_alpha,0.7,2.0,0.5,191,0.0050620305030730705,0.004166666666666663,0.0017629609606191674,0.008399821686015631,0.0034,0.015103245078265578,0.03224242343593865,107,77,7,40.31413612565445,
MDPE,OADNet_text,s2_oracle_scalar_alpha,0.7,2.0,1.0,191,0.01402041126033842,0.016666666666666642,0.006716936034600503,0.021206417406479997,0.0001,0.00038501984316433393,0.0025505192526799423,114,72,5,37.696335078534034,
MDPE,OADNet_text,s2_oracle_scalar_alpha,0.7,2.0,2.0,191,-0.03325935199939297,-0.033333333333333284,-0.04222247514985963,-0.024326295621822605,0.0,5.1043102508010304e-11,1.5992185050097216e-07,58,130,3,68.06282722513089,
MDPE,OADNet_text,s2_oracle_scalar_alpha,0.7,3.0,0.25,191,0.016824114120949994,0.008333333333333331,0.010312322160254954,0.02352968026785036,0.0,9.417644754605173e-05,0.21735618793934322,104,86,1,45.0261780104712,
MDPE,OADNet_text,s2_oracle_scalar_alpha,0.7,3.0,0.5,191,0.018428939980271643,0.012499999999999978,0.012940734312163292,0.024209988428560588,0.0,1.0169813093054004e-07,0.006807458166266356,113,75,3,39.26701570680628,0.0
MDPE,OADNet_text,s2_oracle_scalar_alpha,0.7,3.0,1.0,191,0.07664655891949312,0.07499999999999998,0.0653386542985052,0.08789409287502845,0.0,9.174212487570413e-23,5.263950007429619e-21,157,32,2,16.75392670157068,
MDPE,OADNet_text,s2_oracle_scalar_alpha,0.7,3.0,2.0,191,-0.05237309355793308,-0.049999999999999975,-0.0662191270202595,-0.03870513696031566,0.0,2.5199939672428004e-11,4.16237547111214e-08,56,131,4,68.58638743455498,
MDPE,OADNet_text,s2_oracle_scalar_alpha,0.7,5.0,0.25,191,0.07317228166021701,0.04791666666666667,0.05916554034828135,0.08821160795583881,0.0,3.5006009970757907e-16,1.4704952699915297e-08,134,56,1,29.31937172774869,
MDPE,OADNet_text,s2_oracle_scalar_alpha,0.7,5.0,0.5,191,0.06549719250322482,0.04166666666666667,0.05301592495636998,0.07866098527961149,0.0,1.0040120305957003e-16,5.998182283273944e-09,135,55,1,28.79581151832461,
MDPE,OADNet_text,s2_oracle_scalar_alpha,0.7,5.0,1.0,191,0.19495409363381133,0.18333333333333338,0.18333707982396236,0.20670394187722893,0.0,4.2639828400438635e-33,6.372367644529809e-58,191,0,0,0.0,
MDPE,OADNet_text,s2_oracle_scalar_alpha,0.7,5.0,2.0,191,0.09754533727900447,0.09166666666666667,0.07548723347750208,0.12017855110402914,0.0,6.280410394817382e-14,1.2070197196411367e-12,144,47,0,24.60732984293194,
MDPE,OADNet_text,s2_oracle_scalar_alpha,0.7,10.0,0.25,191,0.23900713255937475,0.1791666666666667,0.2022559445898778,0.27696931434479094,0.0,5.377158682027546e-24,2.2628543764037026e-16,151,40,0,20.94240837696335,
MDPE,OADNet_text,s2_oracle_scalar_alpha,0.7,10.0,0.5,191,0.23392708096213674,0.18333333333333335,0.19944864936641626,0.2693845084983686,0.0,3.0375274422842817e-25,5.8615484011661634e-18,153,37,1,19.3717277486911,
MDPE,OADNet_text,s2_oracle_scalar_alpha,0.7,10.0,1.0,191,0.3109757948251005,0.2916666666666665,0.2883120874117915,0.33380197662948624,0.0,4.276052736732884e-33,6.372367644529809e-58,191,0,0,0.0,
MDPE,OADNet_text,s2_oracle_scalar_alpha,0.7,10.0,2.0,191,0.638506335837317,0.6500000000000001,0.5966059166097579,0.68287811100994,0.0,5.6905110954904776e-33,7.401326592827326e-52,188,3,0,1.5706806282722512,
MDPE,OADNet_audio,s2_oracle_scalar_alpha,0.7,1.0,0.25,191,0.0,0.0,0.0,0.0,1.0,1.0,1.0,0,0,191,0.0,
MDPE,OADNet_audio,s2_oracle_scalar_alpha,0.7,1.0,0.5,191,0.0,0.0,0.0,0.0,1.0,1.0,1.0,0,0,191,0.0,
MDPE,OADNet_audio,s2_oracle_scalar_alpha,0.7,1.0,1.0,191,0.0,0.0,0.0,0.0,1.0,1.0,1.0,0,0,191,0.0,
MDPE,OADNet_audio,s2_oracle_scalar_alpha,0.7,1.0,2.0,191,0.0,0.0,0.0,0.0,1.0,1.0,1.0,0,0,191,0.0,
MDPE,OADNet_audio,s2_oracle_scalar_alpha,0.7,2.0,0.25,191,0.00450479930191972,-0.004166666666666663,-0.0010020676834357697,0.010154222626906437,0.118,0.7485270093682024,0.27391998687270525,86,102,3,53.403141361256544,
MDPE,OADNet_audio,s2_oracle_scalar_alpha,0.7,2.0,0.5,191,0.007630510660899916,2.2204460492503132e-17,0.0034637017224372086,0.012111147469458987,0.0003,0.013447506193874878,0.23937768210630603,101,84,6,43.97905759162304,
MDPE,OADNet_audio,s2_oracle_scalar_alpha,0.7,2.0,1.0,191,-0.039623643675544426,-0.03333333333333335,-0.04647374611123757,-0.03299373055618788,0.0,2.834235891417657e-20,2.4541429975807847e-17,37,150,4,78.53403141361257,
MDPE,OADNet_audio,s2_oracle_scalar_alpha,0.7,2.0,2.0,191,-0.23577661431064575,-0.225,-0.2541890033386448,-0.21769050193489642,0.0,4.269782802374025e-33,6.372367644529809e-58,0,191,0,100.0,
MDPE,OADNet_audio,s2_oracle_scalar_alpha,0.7,3.0,0.25,191,0.03278179300402155,0.010416666666666657,0.02143040063737765,0.045108008005159725,0.0,7.888816778976576e-05,0.3852883963184292,102,89,0,46.596858638743456,
MDPE,OADNet_audio,s2_oracle_scalar_alpha,0.7,3.0,0.5,191,0.03385309962819637,0.016666666666666673,0.025256041808938458,0.04295946676530845,0.0,3.198180754847935e-09,0.002287461485179226,117,74,0,38.7434554973822,0.0
MDPE,OADNet_audio,s2_oracle_scalar_alpha,0.7,3.0,1.0,191,0.0522023674026861,0.05,0.04273085970103953,0.06211600842249033,0.0,1.0934072250375547e-19,4.943811792912209e-21,155,31,5,16.230366492146597,
MDPE,OADNet_audio,s2_oracle_scalar_alpha,0.7,3.0,2.0,191,-0.23662834812960012,-0.22500000000000003,-0.25499478336747855,-0.21862209765536078,0.0,4.3456457518387556e-33,1.2234945877497233e-55,1,190,0,99.47643979057592,
MDPE,OADNet_audio,s2_oracle_scalar_alpha,0.7,5.0,0.25,191,0.1019410615372942,0.06458333333333335,0.0789677588398209,0.1256501109720009,0.0,3.1341905873490193e-12,0.004537135222797169,115,75,1,39.26701570680628,
MDPE,OADNet_audio,s2_oracle_scalar_alpha,0.7,5.0,0.5,191,0.09845872220957583,0.06666666666666665,0.07899861996357842,0.11801938690340692,0.0,6.379946512084536e-16,4.5004501516191556e-05,124,67,0,35.07853403141361,
MDPE,OADNet_audio,s2_oracle_scalar_alpha,0.7,5.0,1.0,191,0.18771909856590033,0.175,0.1732917425449579,0.20255951703467637,0.0,4.991693324864762e-33,7.401326592827326e-52,188,3,0,1.5706806282722512,
MDPE,OADNet_audio,s2_oracle_scalar_alpha,0.7,5.0,2.0,191,-0.024588360270126713,-0.025000000000000022,-0.0412739965095986,-0.008261865467789686,0.0049,0.005740394798066525,0.002287461485179226,74,117,0,61.25654450261781,
MDPE,OADNet_audio,s2_oracle_scalar_alpha,0.7,10.0,0.25,191,0.3168563623947189,0.19583333333333336,0.26006274186205325,0.3740431154677897,0.0,1.2695350846914576e-17,6.60700474034927e-07,130,61,0,31.93717277486911,
MDPE,OADNet_audio,s2_oracle_scalar_alpha,0.7,10.0,0.5,191,0.31500588056756956,0.2166666666666667,0.2639018040063738,0.3690526121101753,0.0,1.5669656760371077e-20,1.0351567491594565e-08,135,56,0,29.31937172774869,
MDPE,OADNet_audio,s2_oracle_scalar_alpha,0.7,10.0,1.0,191,0.36200773958570454,0.2833333333333333,0.32409994119432434,0.40144624023067,0.0,6.304020567468194e-33,1.168501054977431e-53,189,2,0,1.0471204188481675,
MDPE,OADNet_audio,s2_oracle_scalar_alpha,0.7,10.0,2.0,191,0.5943755216632521,0.5666666666666668,0.5528028018059034,0.6371179528037029,0.0,4.977926663674253e-33,7.401326592827326e-52,188,3,0,1.5706806282722512,
SEUMLD,OADNet_text,s2_oracle_scalar_alpha,0.8,1.0,0.25,76,0.0,0.0,0.0,0.0,1.0,1.0,1.0,0,0,76,0.0,
SEUMLD,OADNet_text,s2_oracle_scalar_alpha,0.8,1.0,0.5,76,0.0,0.0,0.0,0.0,1.0,1.0,1.0,0,0,76,0.0,
SEUMLD,OADNet_text,s2_oracle_scalar_alpha,0.8,1.0,1.0,76,0.0,0.0,0.0,0.0,1.0,1.0,1.0,0,0,76,0.0,
SEUMLD,OADNet_text,s2_oracle_scalar_alpha,0.8,1.0,2.0,76,0.0,0.0,0.0,0.0,1.0,1.0,1.0,0,0,76,0.0,
SEUMLD,OADNet_text,s2_oracle_scalar_alpha,0.8,2.0,0.25,76,-0.004931492191639062,-0.007213438735177868,-0.009597013548163003,-8.585587455097169e-05,0.0467,0.011862983343205983,0.0010795155066662817,23,52,1,68.42105263157895,
SEUMLD,OADNet_text,s2_oracle_scalar_alpha,0.8,2.0,0.5,76,0.004114917411487521,-0.0012500000000000065,-0.009364598977827241,0.01746315146326286,0.5532,0.7816033526773496,0.6444639138942256,35,40,1,52.63157894736842,
SEUMLD,OADNet_text,s2_oracle_scalar_alpha,0.8,2.0,1.0,76,-0.03867925397533948,-0.027525252525252526,-0.06295930404516535,-0.013690854221108857,0.0025,0.006132276603222453,0.06394991646706692,29,46,1,60.526315789473685,
SEUMLD,OADNet_text,s2_oracle_scalar_alpha,0.8,2.0,2.0,76,-0.1530636828624947,-0.12840501792114695,-0.18206584175798982,-0.12492694757791918,0.0,1.2640485956916064e-12,5.632907524806409e-13,8,68,0,89.47368421052632,
SEUMLD,OADNet_text,s2_oracle_scalar_alpha,0.8,3.0,0.25,76,-0.005052647988703029,-0.008522727272727262,-0.012488267262198373,0.0029476268180848174,0.2103,0.043200843929880633,0.028626655508737896,28,48,0,63.1578947368421,
SEUMLD,OADNet_text,s2_oracle_scalar_alpha,0.8,3.0,0.5,76,0.014298088187769991,0.0047222222222222275,-0.0031104123709374872,0.03282838967995841,0.128,0.370747179548631,0.6444639138942256,40,35,1,46.05263157894737,0.256
SEUMLD,OADNet_text,s2_oracle_scalar_alpha,0.8,3.0,1.0,76,0.015639141008716,0.02517482517482511,-0.030529765288249276,0.06209740847486473,0.5193,0.6561309471370123,0.7310088822226056,40,36,0,47.368421052631575,
SEUMLD,OADNet_text,s2_oracle_scalar_alpha,0.8,3.0,2.0,76,-0.18857426522760307,-0.16111111111111112,-0.23847716439613073,-0.13830237368293974,0.0,1.1779151569137586e-08,9.842847414734726e-08,15,61,0,80.26315789473685,
SEUMLD,OADNet_text,s2_oracle_scalar_alpha,0.8,5.0,0.25,76,0.007766239225516231,-0.006431159420289857,-0.0056346837844457745,0.02231734080680985,0.2995,0.9504607147843734,0.7310088822226056,36,40,0,52.63157894736842,
SEUMLD,OADNet_text,s2_oracle_scalar_alpha,0.8,5.0,0.5,76,0.014636181684879828,0.006944444444444436,-0.0038940742911599555,0.03484073796987737,0.1422,0.5395336575002614,0.9087769252754927,39,37,0,48.68421052631579,
SEUMLD,OADNet_text,s2_oracle_scalar_alpha,0.8,5.0,1.0,76,0.11708336469856527,0.1026315789473684,0.052707468287330764,0.18503705759723146,0.001,0.0028140966350456466,0.01544026202090637,49,27,0,35.526315789473685,
SEUMLD,OADNet_text,s2_oracle_scalar_alpha,0.8,5.0,2.0,76,-0.08724861168149747,-0.05048309178743956,-0.18786407481655176,0.014987231514979922,0.102,0.130309593465742,0.48868297090314317,34,41,1,53.94736842105263,
SEUMLD,OADNet_text,s2_oracle_scalar_alpha,0.8,10.0,0.25,76,0.04276259337974098,-0.011413043478260854,0.01260205602872043,0.07573267923123321,0.0092,0.2064907108030607,0.7310088822226056,36,40,0,52.63157894736842,
SEUMLD,OADNet_text,s2_oracle_scalar_alpha,0.8,10.0,0.5,76,0.059525087766534264,0.012751855779427355,0.02024841110902206,0.10175042357409983,0.0044,0.07092608290044178,0.8175538505509841,39,36,1,47.368421052631575,
SEUMLD,OADNet_text,s2_oracle_scalar_alpha,0.8,10.0,1.0,76,0.1919001067045402,0.12974254742547425,0.1294758580359487,0.2548739954549077,0.0,4.7119281725734875e-07,0.00044964797164381224,53,22,1,28.947368421052634,
SEUMLD,OADNet_text,s2_oracle_scalar_alpha,0.8,10.0,2.0,76,0.38406538916737903,0.33855297157622743,0.22141858491881267,0.5523110024827866,0.0,5.150516371052878e-05,4.3689322062244415e-05,56,20,0,26.31578947368421,
SEUMLD,OADNet_audio,s2_oracle_scalar_alpha,0.8,1.0,0.25,76,0.0,0.0,0.0,0.0,1.0,1.0,1.0,0,0,76,0.0,
SEUMLD,OADNet_audio,s2_oracle_scalar_alpha,0.8,1.0,0.5,76,0.0,0.0,0.0,0.0,1.0,1.0,1.0,0,0,76,0.0,
SEUMLD,OADNet_audio,s2_oracle_scalar_alpha,0.8,1.0,1.0,76,0.0,0.0,0.0,0.0,1.0,1.0,1.0,0,0,76,0.0,
SEUMLD,OADNet_audio,s2_oracle_scalar_alpha,0.8,1.0,2.0,76,0.0,0.0,0.0,0.0,1.0,1.0,1.0,0,0,76,0.0,
SEUMLD,OADNet_audio,s2_oracle_scalar_alpha,0.8,2.0,0.25,76,-0.0018935758011671914,-0.003145586297760211,-0.008693126238747944,0.005065721054312448,0.5856,0.5810696308316347,0.6444639138942256,35,40,1,52.63157894736842,
SEUMLD,OADNet_audio,s2_oracle_scalar_alpha,0.8,2.0,0.5,76,0.002611756333854434,-0.005050505050505055,-0.01357968393719424,0.020006948013242095,0.7756,0.6118860350796775,0.566573442398685,35,41,0,53.94736842105263,
SEUMLD,OADNet_audio,s2_oracle_scalar_alpha,0.8,2.0,1.0,76,-0.05521972153618076,-0.06043478260869563,-0.08855785716055095,-0.02094799077987039,0.0021,0.002935630239455779,0.007905180027859783,26,50,0,65.78947368421053,
SEUMLD,OADNet_audio,s2_oracle_scalar_alpha,0.8,2.0,2.0,76,-0.2242909585982011,-0.18357487922705318,-0.266148303109429,-0.18531233629992677,0.0,2.3720517700614553e-13,7.747704489416678e-20,2,74,0,97.36842105263158,
SEUMLD,OADNet_audio,s2_oracle_scalar_alpha,0.8,3.0,0.25,76,0.003604960783024533,-0.014670014347202304,-0.009780757566001224,0.017659854367064458,0.6082,0.9545842484272127,0.7310088822226056,36,40,0,52.63157894736842,
SEUMLD,OADNet_audio,s2_oracle_scalar_alpha,0.8,3.0,0.5,76,0.03598969069107916,0.009015151515151514,0.007104020178774347,0.0682298147655831,0.0196,0.2111780169401749,0.9087769252754927,39,37,0,48.68421052631579,0.0588
SEUMLD,OADNet_audio,s2_oracle_scalar_alpha,0.8,3.0,1.0,76,-0.003463737671102744,-0.034891304347826085,-0.0590407868308283,0.054032032961672825,0.9071,0.8285952318640296,0.48868297090314317,34,41,1,53.94736842105263,
SEUMLD,OADNet_audio,s2_oracle_scalar_alpha,0.8,3.0,2.0,76,-0.2563244986241134,-0.2223458038422649,-0.32461181854371435,-0.1898103178049059,0.0,3.177503306781697e-09,3.807704084089984e-08,14,61,1,80.26315789473685,
SEUMLD,OADNet_audio,s2_oracle_scalar_alpha,0.8,5.0,0.25,76,0.03417734254480485,-0.015487804878048789,0.005245345977849187,0.06506675212938308,0.0289,0.21307386802433947,0.42219110499231566,34,42,0,55.26315789473685,
SEUMLD,OADNet_audio,s2_oracle_scalar_alpha,0.8,5.0,0.5,76,0.05537029171361339,0.007083333333333325,0.024176032126214966,0.08886586762028048,0.0012,0.014536758639693082,0.9087769252754927,39,37,0,48.68421052631579,
SEUMLD,OADNet_audio,s2_oracle_scalar_alpha,0.8,5.0,1.0,76,0.16005126965948951,0.15881642512077299,0.08797318707791058,0.235045325326122,0.0,8.213492952228812e-05,0.0015162236642818601,51,23,2,30.263157894736842,
SEUMLD,OADNet_audio,s2_oracle_scalar_alpha,0.8,5.0,2.0,76,-0.11919810126563953,-0.13522727272727272,-0.2298543429069959,-0.007025547460259096,0.0434,0.04293432991868728,0.13538510529943087,31,45,0,59.210526315789465,
SEUMLD,OADNet_audio,s2_oracle_scalar_alpha,0.8,10.0,0.25,76,0.158041152373261,0.002441860465116269,0.08622224023709502,0.23426528540122782,0.0,0.01135028274808872,1.0,38,38,0,50.0,
SEUMLD,OADNet_audio,s2_oracle_scalar_alpha,0.8,10.0,0.5,76,0.1594948279502367,0.008194444444444431,0.08917661959130711,0.23334099598907593,0.0,0.005431745203212852,0.7310088822226056,40,36,0,47.368421052631575,
SEUMLD,OADNet_audio,s2_oracle_scalar_alpha,0.8,10.0,1.0,76,0.3427941087553544,0.2075,0.21658146681594692,0.48518808545589576,0.0,4.968520823894751e-07,5.268675318129165e-06,56,17,3,22.36842105263158,
SEUMLD,OADNet_audio,s2_oracle_scalar_alpha,0.8,10.0,2.0,76,0.4641529057183391,0.38680057388809186,0.269673513657177,0.6608381199304957,0.0,7.000779511985925e-05,0.0024442284992149655,51,24,1,31.57894736842105,
MDPE,OADNet_text,s2_oracle_scalar_alpha,0.8,1.0,0.25,191,0.0,0.0,0.0,0.0,1.0,1.0,1.0,0,0,191,0.0,
MDPE,OADNet_text,s2_oracle_scalar_alpha,0.8,1.0,0.5,191,0.0,0.0,0.0,0.0,1.0,1.0,1.0,0,0,191,0.0,
MDPE,OADNet_text,s2_oracle_scalar_alpha,0.8,1.0,1.0,191,0.0,0.0,0.0,0.0,1.0,1.0,1.0,0,0,191,0.0,
MDPE,OADNet_text,s2_oracle_scalar_alpha,0.8,1.0,2.0,191,0.0,0.0,0.0,0.0,1.0,1.0,1.0,0,0,191,0.0,
MDPE,OADNet_text,s2_oracle_scalar_alpha,0.8,2.0,0.25,191,-0.0020079292814325824,-0.004166666666666674,-0.004612688747249413,0.0006051649404355406,0.1218,0.006782329221934192,0.0003271304772716469,69,119,3,62.30366492146597,
MDPE,OADNet_text,s2_oracle_scalar_alpha,0.8,2.0,0.5,191,0.004176151453069277,0.004166666666666652,0.0010839213900902958,0.00735462193641399,0.0087,0.12058285326554388,0.13253419223810595,99,78,14,40.83769633507853,
MDPE,OADNet_text,s2_oracle_scalar_alpha,0.8,2.0,1.0,191,0.01402041126033842,0.016666666666666642,0.00679665566431444,0.021204235905607407,0.0002,0.00038501984316433393,0.0025505192526799423,114,72,5,37.696335078534034,
MDPE,OADNet_text,s2_oracle_scalar_alpha,0.8,2.0,2.0,191,-0.03325935199939297,-0.033333333333333284,-0.04239163631535017,-0.02419758707033918,0.0,5.1043102508010304e-11,1.5992185050097216e-07,58,130,3,68.06282722513089,
MDPE,OADNet_text,s2_oracle_scalar_alpha,0.8,3.0,0.25,191,0.00793117838986266,-0.002083333333333326,0.0032214484217315434,0.01262624250701874,0.0012,0.049180530139996424,0.8268803160573739,92,96,3,50.26178010471204,
MDPE,OADNet_text,s2_oracle_scalar_alpha,0.8,3.0,0.5,191,0.002287730480309583,-0.004166666666666663,-0.0018989016617345779,0.006570467220578186,0.2931,0.8543922134166058,0.14338908065653874,83,104,4,54.45026178010471,0.2931
MDPE,OADNet_text,s2_oracle_scalar_alpha,0.8,3.0,1.0,191,0.07664655891949312,0.07499999999999998,0.06534638439942334,0.08815781736095302,0.0,9.174212487570413e-23,5.263950007429619e-21,157,32,2,16.75392670157068,
MDPE,OADNet_text,s2_oracle_scalar_alpha,0.8,3.0,2.0,191,-0.05237309355793308,-0.049999999999999975,-0.06609961871158662,-0.03874905152135974,0.0,2.5199939672428004e-11,4.16237547111214e-08,56,131,4,68.58638743455498,
MDPE,OADNet_text,s2_oracle_scalar_alpha,0.8,5.0,0.25,191,0.0367103915319827,0.018750000000000006,0.026136692370437815,0.04805688737764625,0.0,4.13960477296046e-08,0.0071096234501092865,114,76,1,39.79057591623037,
MDPE,OADNet_text,s2_oracle_scalar_alpha,0.8,5.0,0.5,191,0.025446733439562937,0.012499999999999989,0.016916804196069505,0.034112437400409736,0.0,4.154382526886655e-06,0.02882825031214214,110,79,2,41.361256544502616,
MDPE,OADNet_text,s2_oracle_scalar_alpha,0.8,5.0,1.0,191,0.19282001669322407,0.19166666666666665,0.18250431557781321,0.20356063623947188,0.0,4.260888272273653e-33,6.372367644529809e-58,191,0,0,0.0,
MDPE,OADNet_text,s2_oracle_scalar_alpha,0.8,5.0,2.0,191,0.09754533727900447,0.09166666666666667,0.07517978412626147,0.11994105205250778,0.0,6.280410394817382e-14,1.2070197196411367e-12,144,47,0,24.60732984293194,
MDPE,OADNet_text,s2_oracle_scalar_alpha,0.8,10.0,0.25,191,0.1380771492525988,0.09375,0.11145202595037558,0.1666581659268533,0.0,2.007820440386012e-16,8.411757648898595e-05,123,68,0,35.602094240837694,
MDPE,OADNet_text,s2_oracle_scalar_alpha,0.8,10.0,0.5,191,0.12097275969345171,0.05833333333333335,0.09708741179148644,0.14631672547234234,0.0,7.067596591709778e-17,2.493922669842346e-08,134,57,0,29.84293193717277,
MDPE,OADNet_text,s2_oracle_scalar_alpha,0.8,10.0,1.0,191,0.23743265801654143,0.2166666666666667,0.22557643789361864,0.24984506601411335,0.0,4.263521808497153e-33,6.372367644529809e-58,191,0,0,0.0,
MDPE,OADNet_text,s2_oracle_scalar_alpha,0.8,10.0,2.0,191,0.639029896046741,0.6500000000000001,0.5951825347143183,0.682834575840352,0.0,5.342975089660142e-33,7.401326592827326e-52,188,3,0,1.5706806282722512,
MDPE,OADNet_audio,s2_oracle_scalar_alpha,0.8,1.0,0.25,191,0.0,0.0,0.0,0.0,1.0,1.0,1.0,0,0,191,0.0,
MDPE,OADNet_audio,s2_oracle_scalar_alpha,0.8,1.0,0.5,191,0.0,0.0,0.0,0.0,1.0,1.0,1.0,0,0,191,0.0,
MDPE,OADNet_audio,s2_oracle_scalar_alpha,0.8,1.0,1.0,191,0.0,0.0,0.0,0.0,1.0,1.0,1.0,0,0,191,0.0,
MDPE,OADNet_audio,s2_oracle_scalar_alpha,0.8,1.0,2.0,191,0.0,0.0,0.0,0.0,1.0,1.0,1.0,0,0,191,0.0,
MDPE,OADNet_audio,s2_oracle_scalar_alpha,0.8,2.0,0.25,191,0.0031204947264587618,-5.551115123125783e-18,-0.001015879903634568,0.007429065653691479,0.1501,0.8164779847749423,0.6609484635151924,90,97,4,50.78534031413613,
MDPE,OADNet_audio,s2_oracle_scalar_alpha,0.8,2.0,0.5,191,0.005112299871006907,0.0,0.001584860383944156,0.00865581607102208,0.0045,0.05731359707961449,0.8812234734185153,88,91,12,47.64397905759162,
MDPE,OADNet_audio,s2_oracle_scalar_alpha,0.8,2.0,1.0,191,-0.039623643675544426,-0.03333333333333335,-0.04656081645041353,-0.03299908946050535,0.0,2.834235891417657e-20,2.4541429975807847e-17,37,150,4,78.53403141361257,
MDPE,OADNet_audio,s2_oracle_scalar_alpha,0.8,2.0,2.0,191,-0.23577661431064575,-0.225,-0.2544809924880491,-0.21752319030275438,0.0,4.269782802374025e-33,6.372367644529809e-58,0,191,0,100.0,
MDPE,OADNet_audio,s2_oracle_scalar_alpha,0.8,3.0,0.25,191,0.015841016010319453,0.0020833333333333316,0.00808556700053115,0.02371667283177782,0.0001,0.00953633791586578,0.7723417190395665,98,93,0,48.69109947643979,
MDPE,OADNet_audio,s2_oracle_scalar_alpha,0.8,3.0,0.5,191,0.019462781698156156,0.004166666666666663,0.01273142878822369,0.026794663859169895,0.0,0.00033070551549762634,0.2419103304442694,102,85,4,44.50261780104712,0.0
MDPE,OADNet_audio,s2_oracle_scalar_alpha,0.8,3.0,1.0,191,0.052376887472494124,0.05,0.04256582441763411,0.062360858183473714,0.0,2.0625062314920407e-19,2.417596589733704e-20,154,32,5,16.75392670157068,
MDPE,OADNet_audio,s2_oracle_scalar_alpha,0.8,3.0,2.0,191,-0.23662834812960012,-0.22500000000000003,-0.25455094278776846,-0.218212260034904,0.0,4.3456457518387556e-33,1.2234945877497233e-55,1,190,0,99.47643979057592,
MDPE,OADNet_audio,s2_oracle_scalar_alpha,0.8,5.0,0.25,191,0.062233003262766526,0.024999999999999994,0.045658469440018216,0.07976514483268836,0.0,1.8329748720270852e-08,0.03511193479805759,110,80,1,41.8848167539267,
MDPE,OADNet_audio,s2_oracle_scalar_alpha,0.8,5.0,0.5,191,0.06342761211017528,0.025000000000000022,0.049075043630017454,0.07837290860459822,0.0,1.156661890821638e-13,1.6860965470030651e-06,127,61,3,31.93717277486911,
MDPE,OADNet_audio,s2_oracle_scalar_alpha,0.8,5.0,1.0,191,0.17666552849229838,0.15833333333333338,0.16280242241444723,0.19084533158813263,0.0,5.37196606529316e-33,3.4977172149731774e-50,187,4,0,2.094240837696335,
MDPE,OADNet_audio,s2_oracle_scalar_alpha,0.8,5.0,2.0,191,-0.024588360270126713,-0.025000000000000022,-0.04183767736550572,-0.007642840883223311,0.0043,0.005740394798066525,0.002287461485179226,74,117,0,61.25654450261781,
MDPE,OADNet_audio,s2_oracle_scalar_alpha,0.8,10.0,0.25,191,0.21076997496016386,0.07083333333333333,0.16811271720160859,0.2544764753585249,0.0,1.3088479399066385e-13,0.002287461485179226,117,74,0,38.7434554973822,
MDPE,OADNet_audio,s2_oracle_scalar_alpha,0.8,10.0,0.5,191,0.2155948858031717,0.10833333333333332,0.17501868502921314,0.2587234425980727,0.0,3.120373578202494e-17,3.987180563637137e-06,127,63,1,32.98429319371728,
MDPE,OADNet_audio,s2_oracle_scalar_alpha,0.8,10.0,1.0,191,0.28832233098110627,0.2166666666666667,0.2595435446543744,0.31867374231732304,0.0,6.967263010434812e-33,2.3126596655527583e-53,188,2,1,1.0471204188481675,
MDPE,OADNet_audio,s2_oracle_scalar_alpha,0.8,10.0,2.0,191,0.5812865164276501,0.5583333333333333,0.5402211377949768,0.6221224106533121,0.0,5.13657629108563e-33,7.401326592827326e-52,188,3,0,1.5706806282722512,
SEUMLD,OADNet_text,s3_empirical_equal_risk,,1.0,0.25,76,-0.0007742017988648014,0.0,-0.00353699843882287,0.0019549463569939972,0.5726,0.6717916440787942,0.906294324703081,37,35,4,46.05263157894737,
SEUMLD,OADNet_text,s3_empirical_equal_risk,,1.0,0.5,76,0.0033287940798887392,0.0021739130434782596,-0.00017706193036536228,0.007060833497535556,0.0817,0.07095433754828585,0.06811867428409976,42,26,8,34.21052631578947,
SEUMLD,OADNet_text,s3_empirical_equal_risk,,1.0,1.0,76,0.011534785837395816,0.004764605785592735,0.004441538427555032,0.019018911422833473,0.0021,0.0005881616483154289,0.00028711844966164033,48,18,10,23.684210526315788,
SEUMLD,OADNet_text,s3_empirical_equal_risk,,1.0,2.0,76,0.027946769352409983,0.014817073170731686,0.012890420783922236,0.04405738505817912,0.0001,0.0001451252373597991,0.00020771603022674048,52,20,4,26.31578947368421,
SEUMLD,OADNet_text,s3_empirical_equal_risk,,2.0,0.25,76,-0.0004291589677869215,-0.0022233201581027704,-0.0064798833019680735,0.005770953876637543,0.8913,0.5631142619781591,0.48868297090314317,34,41,1,53.94736842105263,
SEUMLD,OADNet_text,s3_empirical_equal_risk,,2.0,0.5,76,-0.007747359908740554,-0.005003126954346471,-0.014907835689300463,-0.0008284759680333438,0.0347,0.016407640899480266,0.004626293921895512,24,49,3,64.47368421052632,
SEUMLD,OADNet_text,s3_empirical_equal_risk,,2.0,1.0,76,-0.022383761790647827,-0.014166666666666638,-0.03284606355547271,-0.012783605314041636,0.0,5.528322672724929e-05,0.00020771603022674048,20,52,4,68.42105263157895,
SEUMLD,OADNet_text,s3_empirical_equal_risk,,2.0,2.0,76,-0.051656565554462366,-0.025543478260869536,-0.07136889827817881,-0.03428772145668806,0.0,7.805213537012309e-09,2.5534220074411045e-07,15,59,2,77.63157894736842,
SEUMLD,OADNet_text,s3_empirical_equal_risk,,3.0,0.25,76,0.01061700153999396,-0.0033367037411526747,-0.00016042686785773736,0.022086994705067312,0.0761,0.3707571855447319,0.8175538505509841,36,39,1,51.31578947368421,
SEUMLD,OADNet_text,s3_empirical_equal_risk,,3.0,0.5,76,-0.0006497106973740079,-0.007427536231884041,-0.012169283631911807,0.011645819833533045,0.918,0.5284932557416457,0.08050685743008208,29,45,2,59.210526315789465,0.918
SEUMLD,OADNet_text,s3_empirical_equal_risk,,3.0,1.0,76,-0.02318313517210995,-0.020869565217391306,-0.037580469158437046,-0.008893192782859681,0.0019,0.005004091303261216,0.04739297550405176,28,46,2,60.526315789473685,
SEUMLD,OADNet_text,s3_empirical_equal_risk,,3.0,2.0,76,-0.06824998412158183,-0.0447222222222222,-0.09242258880325704,-0.04535634036447522,0.0,5.40682330024065e-07,6.494900196551852e-05,20,55,1,72.36842105263158,
SEUMLD,OADNet_text,s3_empirical_equal_risk,,5.0,0.25,76,0.03770605764239486,0.005064102564102562,0.016677594119204244,0.061598375354732796,0.0015,0.012950439904895267,0.42219110499231566,42,34,0,44.73684210526316,
SEUMLD,OADNet_text,s3_empirical_equal_risk,,5.0,0.5,76,0.02232408082661048,0.00015299877600979386,-0.00021480371677874035,0.04698839092051281,0.0658,0.20187489230867883,1.0,38,38,0,50.0,
SEUMLD,OADNet_text,s3_empirical_equal_risk,,5.0,1.0,76,-0.008439872804958315,-0.022122838401908172,-0.03508743418395225,0.01882353511534398,0.5502,0.5602608341742611,0.20673684180839247,32,44,0,57.89473684210527,
SEUMLD,OADNet_text,s3_empirical_equal_risk,,5.0,2.0,76,-0.06996778006809587,-0.04641304347826085,-0.10944988447991971,-0.032210324817453465,0.0003,0.0022921753126373947,0.050452410247217666,29,47,0,61.8421052631579,
SEUMLD,OADNet_text,s3_empirical_equal_risk,,10.0,0.25,76,0.11634967485860781,0.027918353576248306,0.06934544280892398,0.16862996118948184,0.0,0.00022987946579602878,0.13538510529943087,45,31,0,40.78947368421053,
SEUMLD,OADNet_text,s3_empirical_equal_risk,,10.0,0.5,76,0.09727662752370322,0.016581196581196583,0.050727664182292534,0.15125125779117618,0.0,0.0038969665758342297,0.3018724904870079,43,33,0,43.42105263157895,
SEUMLD,OADNet_text,s3_empirical_equal_risk,,10.0,1.0,76,0.05913053285389404,-0.005128205128205121,0.007806264692992646,0.11370081407725253,0.0341,0.15677167955991017,1.0,38,38,0,50.0,
SEUMLD,OADNet_text,s3_empirical_equal_risk,,10.0,2.0,76,-0.01716165648572431,-0.0372222222222222,-0.07911335743528815,0.045143989272424266,0.5917,0.4466147574294924,0.13538510529943087,31,45,0,59.210526315789465,
SEUMLD,OADNet_audio,s3_empirical_equal_risk,,1.0,0.25,76,-0.00033867139295342427,2.2204460492503132e-17,-0.004778121112173005,0.0037376735023502863,0.8709,0.5147318676024537,0.6399729317539425,39,34,3,44.73684210526316,
SEUMLD,OADNet_audio,s3_empirical_equal_risk,,1.0,0.5,76,-0.000994735663014548,0.0010869565217391409,-0.005945926633384905,0.0036842219806954898,0.6899,0.44149253158154833,0.34918183817058834,41,32,3,42.10526315789473,
SEUMLD,OADNet_audio,s3_empirical_equal_risk,,1.0,1.0,76,-0.002306864203136799,0.0,-0.010457778458403122,0.005722008388104674,0.5889,0.9484528521502801,0.4426260049464714,34,27,15,35.526315789473685,
SEUMLD,OADNet_audio,s3_empirical_equal_risk,,1.0,2.0,76,-0.004931121283381294,0.004347826086956541,-0.02132793947003526,0.01132870323224658,0.5646,0.6881776855254587,0.6444639138942256,40,35,1,46.05263157894737,
SEUMLD,OADNet_audio,s3_empirical_equal_risk,,2.0,0.25,76,0.0033503561691749614,-0.001471861471861477,-0.0040164804746209894,0.010987402135593271,0.3885,0.7749750469881815,0.10064367752023572,29,44,3,57.89473684210527,
SEUMLD,OADNet_audio,s3_empirical_equal_risk,,2.0,0.5,76,0.0002860540498628468,-0.0021739130434782483,-0.007472772373612408,0.008188598362492944,0.9411,0.7672597508702707,0.3355576182340152,30,39,7,51.31578947368421,
SEUMLD,OADNet_audio,s3_empirical_equal_risk,,2.0,1.0,76,-0.005842550188761395,0.0,-0.016826512678790814,0.004569347358671657,0.2944,0.29395019005822276,0.46381761789686937,30,37,9,48.68421052631579,
SEUMLD,OADNet_audio,s3_empirical_equal_risk,,2.0,2.0,76,-0.01809975866600987,-0.0022222222222221923,-0.0388121511498695,0.0024373614021328364,0.0899,0.08893607036562456,0.47036853185814453,31,38,7,50.0,
SEUMLD,OADNet_audio,s3_empirical_equal_risk,,3.0,0.25,76,0.01875432822524041,-0.0026480836236933815,0.006196662587571428,0.032621866487962,0.008,0.16374063586747134,0.4159851975073046,33,41,2,53.94736842105263,
SEUMLD,OADNet_audio,s3_empirical_equal_risk,,3.0,0.5,76,0.013434845609654748,-0.0010869565217391352,0.000881969351232866,0.026364379200086666,0.044,0.2070606781947032,0.8151212352249976,35,38,3,50.0,0.088
SEUMLD,OADNet_audio,s3_empirical_equal_risk,,3.0,1.0,76,0.0027958803784834205,0.0,-0.012208198333796001,0.017644790297998036,0.7149,0.7453070873498248,0.6254068289416483,36,31,9,40.78947368421053,
SEUMLD,OADNet_audio,s3_empirical_equal_risk,,3.0,2.0,76,-0.018482050083859235,-0.011521739130434772,-0.044263414877756604,0.006623046779132087,0.1612,0.1373055186284225,0.7310088822226056,36,40,0,52.63157894736842,
SEUMLD,OADNet_audio,s3_empirical_equal_risk,,5.0,0.25,76,0.0615952904588544,-0.000609756097560979,0.0344166592916556,0.09051436533952217,0.0,0.010077793527509399,0.9087769252754927,37,39,0,51.31578947368421,
SEUMLD,OADNet_audio,s3_empirical_equal_risk,,5.0,0.5,76,0.05347669043571881,0.007083333333333336,0.027892272456871543,0.0805197150446203,0.0,0.007321219540035955,0.566573442398685,41,35,0,46.05263157894737,
SEUMLD,OADNet_audio,s3_empirical_equal_risk,,5.0,1.0,76,0.03723949038944757,0.012772785622593087,0.011566782265872728,0.06293904599542592,0.0072,0.010957088049909414,0.029493493531317295,44,25,7,32.89473684210527,
SEUMLD,OADNet_audio,s3_empirical_equal_risk,,5.0,2.0,76,0.0047650902969051225,0.018191214470284246,-0.028340190780684938,0.038233460845559106,0.7771,0.5177150532922045,0.16542794172425662,44,31,1,40.78947368421053,
SEUMLD,OADNet_audio,s3_empirical_equal_risk,,10.0,0.25,76,0.1765458463031313,0.004384057971014488,0.11132969634801906,0.24710222878832816,0.0,0.001505505631555865,0.8175538505509841,39,36,1,47.368421052631575,
SEUMLD,OADNet_audio,s3_empirical_equal_risk,,10.0,0.5,76,0.16633826827915885,0.013164251207729467,0.10445532708843185,0.2337604205612097,0.0,0.0003771430624148287,0.4159851975073046,41,33,2,43.42105263157895,
SEUMLD,OADNet_audio,s3_empirical_equal_risk,,10.0,1.0,76,0.14592311223121393,0.03818181818181818,0.08826263776834636,0.20819838254173137,0.0,3.917749890955326e-05,0.0009143907212875585,48,20,8,26.31578947368421,
SEUMLD,OADNet_audio,s3_empirical_equal_risk,,10.0,2.0,76,0.1050928001353241,0.0623481781376519,0.04793450047798395,0.16500058391382738,0.0001,0.0009494887727106553,0.0002564885942369215,53,21,2,27.631578947368425,
MDPE,OADNet_text,s3_empirical_equal_risk,,1.0,0.25,191,-0.0019785264435844903,0.0,-0.003876503338644813,-0.00011184934365278242,0.0431,0.20938168837458482,0.40973607358085473,83,95,13,49.73821989528796,
MDPE,OADNet_text,s3_empirical_equal_risk,,1.0,0.5,191,-6.829046209879397e-05,0.0,-0.0018419455193869033,0.0017214887320737538,0.9356,0.7237726751243356,0.5999362771492708,93,85,13,44.50261780104712,
MDPE,OADNet_text,s3_empirical_equal_risk,,1.0,1.0,191,0.0037521815008726,2.2204460492503132e-17,0.0006108202443280982,0.006849912739965095,0.017,0.005757948140915232,0.01850902739156191,97,66,28,34.55497382198953,
MDPE,OADNet_text,s3_empirical_equal_risk,,1.0,2.0,191,0.011393125426815387,0.00833333333333337,0.004021549434706732,0.018415661279307993,0.0014,8.917074434259527e-05,0.001619181270785962,111,68,12,35.602094240837694,
MDPE,OADNet_text,s3_empirical_equal_risk,,2.0,0.25,191,0.005318593975263677,0.0,0.0009512647962667881,0.009653141361256544,0.0155,0.3063475782567945,0.7687855622330493,90,95,6,49.73821989528796,
MDPE,OADNet_text,s3_empirical_equal_risk,,2.0,0.5,191,0.0023076485317550647,0.0,-0.001090750436300174,0.005793426094544349,0.1905,0.8968251240489598,0.6521216446590028,85,92,14,48.167539267015705,
MDPE,OADNet_text,s3_empirical_equal_risk,,2.0,1.0,191,-0.00371424235526216,0.0,-0.007204643751422718,-0.00018021094164959628,0.0341,0.02791971497230692,0.18950527217144367,75,93,23,48.69109947643979,
MDPE,OADNet_text,s3_empirical_equal_risk,,2.0,2.0,191,-0.015758024129296614,-0.008333333333333349,-0.024476629486303976,-0.0069883906214432134,0.0001,0.000454410192330667,0.04624472804214922,78,106,7,55.497382198952884,
MDPE,OADNet_text,s3_empirical_equal_risk,,3.0,0.25,191,0.021981940966689432,0.010416666666666663,0.01504095056529327,0.02910981722816602,0.0,1.808132793329873e-07,0.004537135222797169,115,75,1,39.26701570680628,
MDPE,OADNet_text,s3_empirical_equal_risk,,3.0,0.5,191,0.015522801426511875,0.004166666666666685,0.009831905872979737,0.02141392082100311,0.0,8.071910960688518e-05,0.010498774606726869,112,76,3,39.79057591623037,0.0
MDPE,OADNet_text,s3_empirical_equal_risk,,3.0,1.0,191,0.002604522346156763,-2.2204460492503132e-17,-0.002096137794976855,0.007479749981030429,0.2849,0.9502228307250147,0.30332705263989107,85,100,6,52.35602094240838,
MDPE,OADNet_text,s3_empirical_equal_risk,,3.0,2.0,191,-0.023232035814553458,-0.016666666666666698,-0.03207185674178618,-0.014316004628575772,0.0,2.0168891349100213e-07,4.8803454738950095e-05,65,121,5,63.35078534031413,
MDPE,OADNet_text,s3_empirical_equal_risk,,5.0,0.25,191,0.07326143865240155,0.05,0.05804279061385538,0.08896979806889749,0.0,1.2266573798406315e-17,4.192333604266897e-09,136,55,0,28.79581151832461,
MDPE,OADNet_text,s3_empirical_equal_risk,,5.0,0.5,191,0.06266408680476515,0.04166666666666667,0.04929428446771378,0.07674712136732681,0.0,5.822862932903215e-16,8.210999869008975e-08,132,58,1,30.36649214659686,
MDPE,OADNet_text,s3_empirical_equal_risk,,5.0,1.0,191,0.04146938310949237,0.024999999999999977,0.03059763639122847,0.053228858411108575,0.0,4.315092414331217e-10,9.384602382193332e-07,126,59,6,30.89005235602094,
MDPE,OADNet_text,s3_empirical_equal_risk,,5.0,2.0,191,-0.0009200242810531895,4.4408920985006264e-17,-0.012586548675923822,0.01064202519159268,0.8729,0.7217848182141255,0.7154689293504803,97,91,3,47.64397905759162,
MDPE,OADNet_text,s3_empirical_equal_risk,,10.0,0.25,191,0.20927659534107293,0.14375000000000002,0.17518996841566128,0.2450160648569694,0.0,2.044311399355244e-23,4.6330870548459496e-11,140,50,1,26.17801047120419,
MDPE,OADNet_text,s3_empirical_equal_risk,,10.0,0.5,191,0.19352853023749908,0.13333333333333336,0.16133548163745354,0.22740406138553756,0.0,1.2972518003344386e-22,2.41279437547409e-11,140,49,2,25.654450261780106,
MDPE,OADNet_text,s3_empirical_equal_risk,,10.0,1.0,191,0.16203240003035133,0.10833333333333332,0.13326063244555733,0.19315018210789894,0.0,2.161838007831145e-20,1.806437610887186e-14,145,42,4,21.98952879581152,
MDPE,OADNet_text,s3_empirical_equal_risk,,10.0,2.0,191,0.09904013961605586,0.06666666666666665,0.07436167387510433,0.12458390242051745,0.0,2.2058397164201205e-11,5.732642324625658e-07,129,60,2,31.413612565445025,
MDPE,OADNet_audio,s3_empirical_equal_risk,,1.0,0.25,191,-0.003992620836178769,0.0,-0.0071226003490401394,-0.0009159813908490814,0.0124,0.06959941935568492,0.3671138447980253,82,95,14,49.73821989528796,
MDPE,OADNet_audio,s3_empirical_equal_risk,,1.0,0.5,191,-0.0017385613475984526,-1.1102230246251566e-17,-0.0039637633735488285,0.0005274252598831471,0.1418,0.0537296558434519,0.06773846291156918,74,99,18,51.832460732984295,
MDPE,OADNet_audio,s3_empirical_equal_risk,,1.0,1.0,191,0.0027695576295621825,0.0,-0.0039951817285074735,0.009598603839441536,0.4301,0.6298963956729784,0.4070872345039546,82,94,15,49.21465968586388,
MDPE,OADNet_audio,s3_empirical_equal_risk,,1.0,2.0,191,0.01178579558388345,0.0,-0.0062190321723954705,0.029826286137036178,0.2098,0.41951778950090957,0.603970659729229,87,95,9,49.73821989528796,
MDPE,OADNet_audio,s3_empirical_equal_risk,,2.0,0.25,191,-0.00018542757417102957,-0.002083333333333326,-0.005946249715456407,0.0056392746035359275,0.9504,0.511426560264314,0.41747929168161513,86,98,7,51.30890052356021,
MDPE,OADNet_audio,s3_empirical_equal_risk,,2.0,0.5,191,3.88876242507023e-05,0.0,-0.0030820102056301675,0.0033320528871689805,0.9861,0.6320813442904158,0.5957764574073556,83,91,17,47.64397905759162,
MDPE,OADNet_audio,s3_empirical_equal_risk,,2.0,1.0,191,0.0004875180210941641,0.0,-0.00483349457470218,0.00564539229076561,0.8498,0.7198703901367556,0.5957764574073556,91,83,17,43.455497382198956,
MDPE,OADNet_audio,s3_empirical_equal_risk,,2.0,2.0,191,0.0013847788147810863,0.0,-0.01639540177555202,0.019315198421731534,0.8765,0.8772692209657673,0.8818760916964361,89,92,10,48.167539267015705,
MDPE,OADNet_audio,s3_empirical_equal_risk,,3.0,0.25,191,0.014014246149176719,-5.551115123125783e-18,0.005348411772516883,0.022880339934744667,0.0018,0.0783016455787554,0.6592367635355442,89,96,6,50.26178010471204,
MDPE,OADNet_audio,s3_empirical_equal_risk,,3.0,0.5,191,0.013199977236512637,2.2204460492503132e-17,0.00715302280142651,0.019571856741786173,0.0,0.0014926386762133305,0.2634986448445625,98,82,11,42.93193717277487,0.0
MDPE,OADNet_audio,s3_empirical_equal_risk,,3.0,1.0,191,0.01157143941118446,0.008333333333333326,0.006561385537597698,0.016492288868654677,0.0,1.1119912300913318e-05,0.00022108069170281456,110,61,20,31.93717277486911,
MDPE,OADNet_audio,s3_empirical_equal_risk,,3.0,2.0,191,0.008314363760528113,0.0,-0.007644974960163896,0.02457934972304423,0.3061,0.6356644068763959,1.0,92,93,6,48.69109947643979,
MDPE,OADNet_audio,s3_empirical_equal_risk,,5.0,0.25,191,0.04333836027012672,-0.002083333333333326,0.02818090095986038,0.05924068356855603,0.0,0.0005901195178729557,0.9421914836304657,94,96,1,50.26178010471204,
MDPE,OADNet_audio,s3_empirical_equal_risk,,5.0,0.5,191,0.04232585932164807,0.004166666666666674,0.029924145420745125,0.05595843766598376,0.0,1.8450022284805728e-06,0.04624472804214922,106,78,7,40.83769633507853,
MDPE,OADNet_audio,s3_empirical_equal_risk,,5.0,1.0,191,0.04030085742469079,0.025000000000000022,0.030861503148949088,0.05020876014872145,0.0,1.492797581303989e-14,5.3797561433867675e-11,133,46,12,24.083769633507853,
MDPE,OADNet_audio,s3_empirical_equal_risk,,5.0,2.0,191,0.03625085363077622,0.016666666666666653,0.021433720312618556,0.052143609150921914,0.0,0.00015569230701194196,0.012697856741469359,111,76,4,39.79057591623037,
MDPE,OADNet_audio,s3_empirical_equal_risk,,10.0,0.25,191,0.125032722513089,0.03541666666666666,0.09451248197890585,0.15764158414902496,0.0,1.2241953043335257e-08,0.3456448635746161,102,88,1,46.07329842931937,
MDPE,OADNet_audio,s3_empirical_equal_risk,,10.0,0.5,191,0.12397469458987782,0.04583333333333332,0.09613826921617723,0.15409363381136656,0.0,2.6164699064829634e-12,0.0009180999579128616,116,70,5,36.64921465968586,
MDPE,OADNet_audio,s3_empirical_equal_risk,,10.0,1.0,191,0.12185863874345551,0.05833333333333335,0.09735042491843084,0.1468741937931558,0.0,5.764486010441489e-22,2.2650807647215224e-18,149,34,8,17.801047120418847,
MDPE,OADNet_audio,s3_empirical_equal_risk,,10.0,2.0,191,0.11762652705061083,0.0916666666666666,0.09617919606950451,0.13998060361180664,0.0,1.8380864478988618e-19,2.0861836491005176e-15,148,41,2,21.465968586387437,
SEUMLD,OADNet_text,s4_prevalence_inverse,,1.0,0.25,76,-0.009800889699536847,-0.005495169082125603,-0.0157628661195834,-0.0038508540707741725,0.0022,0.008666765224416478,0.08464609267083598,30,46,0,60.526315789473685,
SEUMLD,OADNet_text,s4_prevalence_inverse,,1.0,0.5,76,-0.020461931317040764,-0.012619300106044541,-0.0274130255952293,-0.013646041643291926,0.0,2.0074478493770396e-06,0.0003713401159383162,21,52,3,68.42105263157895,
SEUMLD,OADNet_text,s4_prevalence_inverse,,1.0,1.0,76,-0.041784014552048616,-0.030434782608695664,-0.052380689830364695,-0.031549181114410386,0.0,4.884718406498315e-11,5.154208808246549e-11,10,65,1,85.52631578947368,
SEUMLD,OADNet_text,s4_prevalence_inverse,,1.0,2.0,76,-0.08442818102206429,-0.07525252525252524,-0.10393837501909864,-0.06614978620384783,0.0,7.959060882424554e-12,4.334352264140022e-12,9,67,0,88.1578947368421,
SEUMLD,OADNet_text,s4_prevalence_inverse,,2.0,0.25,76,0.012011207538818368,0.0036403508771929768,-0.002691028785227641,0.02727793412562253,0.1257,0.3420881720140794,0.7310088822226056,40,36,0,47.368421052631575,
SEUMLD,OADNet_text,s4_prevalence_inverse,,2.0,0.5,76,-0.007015805970849676,-0.00783619817997978,-0.022536904272062293,0.00846688276497649,0.3873,0.2701219965981041,0.42219110499231566,34,42,0,55.26315789473685,
SEUMLD,OADNet_text,s4_prevalence_inverse,,2.0,1.0,76,-0.045069832990185764,-0.035277777777777755,-0.064852778820487,-0.02610930858724127,0.0001,8.82405591213574e-05,0.005228243004014281,25,50,1,65.78947368421053,
SEUMLD,OADNet_text,s4_prevalence_inverse,,2.0,2.0,76,-0.12117788702885797,-0.10306577480490525,-0.15223379673643245,-0.09119443445728594,0.0,4.791434062176256e-10,9.842847414734726e-08,15,61,0,80.26315789473685,
SEUMLD,OADNet_text,s4_prevalence_inverse,,3.0,0.25,76,0.04185374558988825,0.017083333333333325,0.018075447707962614,0.06608471916603721,0.0012,0.008535986883963623,0.13538510529943087,45,31,0,40.78947368421053,
SEUMLD,OADNet_text,s4_prevalence_inverse,,3.0,0.5,76,0.020191356574992197,0.0036413708690330613,-0.004168946862258428,0.04543466961783021,0.1102,0.3089854357062476,0.9087769252754927,39,37,0,48.68421052631579,0.1254
SEUMLD,OADNet_text,s4_prevalence_inverse,,3.0,1.0,76,-0.02313342145479991,-0.026328502415458956,-0.05058193723405598,0.0046162584450548435,0.1027,0.10842831310693538,0.16542794172425662,31,44,1,57.89473684210527,
SEUMLD,OADNet_text,s4_prevalence_inverse,,3.0,2.0,76,-0.10978297751438412,-0.0872222222222222,-0.1484733779230701,-0.071803537984037,0.0,3.870424940863448e-06,0.001761872002940625,24,52,0,68.42105263157895,
SEUMLD,OADNet_text,s4_prevalence_inverse,,5.0,0.25,76,0.09997017761777897,0.06032608695652174,0.06001658646014035,0.14195665448104963,0.0,0.00010995891058062443,0.01544026202090637,49,27,0,35.526315789473685,
SEUMLD,OADNet_text,s4_prevalence_inverse,,5.0,0.5,76,0.07520910096489498,0.03916666666666667,0.033991986542865636,0.11681432012079801,0.0007,0.008799558391416063,0.20673684180839247,44,32,0,42.10526315789473,
SEUMLD,OADNet_text,s4_prevalence_inverse,,5.0,1.0,76,0.02568694765912704,0.004889683959451408,-0.016979544237130998,0.0708230796500637,0.2667,0.563113581717298,0.8175538505509841,39,36,1,47.368421052631575,
SEUMLD,OADNet_text,s4_prevalence_inverse,,5.0,2.0,76,-0.07335735895240886,-0.06532163742690053,-0.1306788571601774,-0.01870532051835388,0.0109,0.027233936992847842,0.050452410247217666,29,47,0,61.8421052631579,
SEUMLD,OADNet_text,s4_prevalence_inverse,,10.0,0.25,76,0.24268245999098234,0.1266304347826087,0.16543345897913717,0.32699170354089047,0.0,8.721292462361694e-07,0.01544026202090637,49,27,0,35.526315789473685,
SEUMLD,OADNet_text,s4_prevalence_inverse,,10.0,0.5,76,0.21519461712033172,0.11966183574879229,0.13616454885741922,0.2976603714514559,0.0,2.5335448015958425e-05,0.028626655508737896,48,28,0,36.84210526315789,
SEUMLD,OADNet_text,s4_prevalence_inverse,,10.0,1.0,76,0.16021893137903057,0.07470930232558139,0.0790369383077006,0.24372024373024193,0.0005,0.006021494997635076,0.20673684180839247,44,32,0,42.10526315789473,
SEUMLD,OADNet_text,s4_prevalence_inverse,,10.0,2.0,76,0.05026755989642826,-0.012077294685990336,-0.039758467936178814,0.1440911878314202,0.2905,0.5446792564175762,0.9087769252754927,37,39,0,51.31578947368421,
SEUMLD,OADNet_audio,s4_prevalence_inverse,,1.0,0.25,76,-0.00862818222762319,-0.009673659673659678,-0.013526061770308299,-0.0035696717297299275,0.0017,0.0008960110649788925,0.001761872002940625,24,52,0,68.42105263157895,
SEUMLD,OADNet_audio,s4_prevalence_inverse,,1.0,0.5,76,-0.013747275169494214,-0.015108695652173914,-0.01877331530460375,-0.008574060275759979,0.0,7.481137064430897e-06,0.0002564885942369215,21,53,2,69.73684210526315,
SEUMLD,OADNet_audio,s4_prevalence_inverse,,1.0,1.0,76,-0.023985461053236266,-0.017786561264822122,-0.03340045971289656,-0.014621108183364656,0.0,1.122566841891376e-05,3.884758279363993e-05,18,53,5,69.73684210526315,
SEUMLD,OADNet_audio,s4_prevalence_inverse,,1.0,2.0,76,-0.04446183282072038,-0.04396135265700481,-0.06586548991527937,-0.023443700722799683,0.0001,0.000244278341257014,0.01544026202090637,27,49,0,64.47368421052632,
SEUMLD,OADNet_audio,s4_prevalence_inverse,,2.0,0.25,76,0.005091231267185935,-0.009032634032634032,-0.006688633493662919,0.017239025039735494,0.4216,0.92986464100001,0.566573442398685,35,41,0,53.94736842105263,
SEUMLD,OADNet_audio,s4_prevalence_inverse,,2.0,0.5,76,-0.0008658552194368643,-0.005361305361305352,-0.012313351238765355,0.011337493494019784,0.8846,0.6669266015654373,0.8175538505509841,36,39,1,51.31578947368421,
SEUMLD,OADNet_audio,s4_prevalence_inverse,,2.0,1.0,76,-0.01278002819268248,-0.004612937433722164,-0.02883060150233072,0.0029991772497511672,0.1249,0.17629726178898097,0.34247099841986794,31,40,5,52.63157894736842,
SEUMLD,OADNet_audio,s4_prevalence_inverse,,2.0,2.0,76,-0.0366083741391737,-0.018644986449864474,-0.06833425578800964,-0.005497358819093055,0.0252,0.045643485916972065,0.20067820312938567,31,43,2,56.57894736842105,
SEUMLD,OADNet_audio,s4_prevalence_inverse,,3.0,0.25,76,0.025375646030687576,-0.006026570048309185,0.005443667467029698,0.047128041300845296,0.0163,0.27012360161446414,0.7310088822226056,36,40,0,52.63157894736842,
SEUMLD,OADNet_audio,s4_prevalence_inverse,,3.0,0.5,76,0.01868195181343974,0.0026021080368906326,-8.687063090000768e-06,0.038611332784126845,0.0627,0.28384699069978003,0.9087769252754927,39,37,0,48.68421052631579,0.1254
SEUMLD,OADNet_audio,s4_prevalence_inverse,,3.0,1.0,76,0.005294563378944088,0.004547803617571056,-0.01576770816859601,0.026593509954425876,0.6333,0.6569968996973634,0.34247099841986794,40,31,5,40.78947368421053,
SEUMLD,OADNet_audio,s4_prevalence_inverse,,3.0,2.0,76,-0.021480213490047213,0.0028571428571428693,-0.05834672730527818,0.0144942973962589,0.2528,0.39522912738451044,1.0,38,37,1,48.68421052631579,
SEUMLD,OADNet_audio,s4_prevalence_inverse,,5.0,0.25,76,0.07834049866518755,0.0027536231884057877,0.040156905902404734,0.11914666071135806,0.0001,0.020370223023301777,0.9087769252754927,39,37,0,48.68421052631579,
SEUMLD,OADNet_audio,s4_prevalence_inverse,,5.0,0.5,76,0.0695217039195802,0.016473429951690814,0.03400034560088141,0.1084261760710628,0.0002,0.014702830665358407,0.24804574189252784,43,32,1,42.10526315789473,
SEUMLD,OADNet_audio,s4_prevalence_inverse,,5.0,1.0,76,0.05188411442836547,0.0202020202020202,0.01824285460089324,0.08837516631127364,0.0054,0.01464989625075257,0.09592363141082376,43,28,5,36.84210526315789,
SEUMLD,OADNet_audio,s4_prevalence_inverse,,5.0,2.0,76,0.016608935445936012,0.0419512195121952,-0.02690093267029458,0.059214828337238526,0.4614,0.2645390220667405,0.08464609267083598,46,30,0,39.473684210526315,
SEUMLD,OADNet_audio,s4_prevalence_inverse,,10.0,0.25,76,0.2212815012788514,0.018478260869565222,0.13718806171040268,0.31466080971617966,0.0,0.0009919632162532508,0.566573442398685,41,35,0,46.05263157894737,
SEUMLD,OADNet_audio,s4_prevalence_inverse,,10.0,0.5,76,0.20981026845675183,0.03853073463268365,0.1296309805289224,0.29781922229782076,0.0,0.0002322263472373927,0.13538510529943087,45,31,0,40.78947368421053,
SEUMLD,OADNet_audio,s4_prevalence_inverse,,10.0,1.0,76,0.1868678028125527,0.06899313501144164,0.10991150937101998,0.27079117373795314,0.0,6.455083717890637e-05,0.0005349642016498918,51,21,4,27.631578947368425,
SEUMLD,OADNet_audio,s4_prevalence_inverse,,10.0,2.0,76,0.1409828715241545,0.1,0.06752912435095694,0.21675206630186977,0.0002,0.0010010760623647055,0.0007645817391550476,53,23,0,30.263157894736842,
MDPE,OADNet_text,s4_prevalence_inverse,,1.0,0.25,191,-0.0032290955307686473,-0.004166666666666663,-0.005027920839972684,-0.001449749601638971,0.0005,0.00035199712830538454,0.00968355509533104,74,110,7,57.59162303664922,
MDPE,OADNet_text,s4_prevalence_inverse,,1.0,0.5,191,-0.006241937931557781,-0.008333333333333314,-0.007727279194172546,-0.004783177782836331,0.0,1.5427978339651864e-12,8.024591151207604e-11,46,132,13,69.10994764397905,
MDPE,OADNet_text,s4_prevalence_inverse,,1.0,1.0,191,-0.012267622733136047,-0.008333333333333349,-0.014929053797708473,-0.009604247287351087,0.0,4.101169411768041e-15,1.1841800255738732e-14,35,133,23,69.63350785340315,
MDPE,OADNet_text,s4_prevalence_inverse,,1.0,2.0,191,-0.024318992336292585,-0.016666666666666698,-0.03099248804916913,-0.017943271492525985,0.0,7.583009319300073e-11,6.951517566970433e-08,57,131,3,68.58638743455498,
MDPE,OADNet_text,s4_prevalence_inverse,,2.0,0.25,191,0.011580449958266941,0.004166666666666663,0.006851252466044464,0.01653626270961378,0.0,0.0003483160572778105,0.0164358569934817,112,78,1,40.83769633507853,
MDPE,OADNet_text,s4_prevalence_inverse,,2.0,0.5,191,0.003734160406707642,-1.1102230246251566e-17,-0.0002363371651870389,0.007822340465892705,0.0673,0.31568261819467125,0.7711746227039273,92,97,2,50.78534031413613,
MDPE,OADNet_text,s4_prevalence_inverse,,2.0,1.0,191,-0.011958418696410959,-0.008333333333333326,-0.016281774034448745,-0.007614339100083469,0.0,1.2501229910916409e-06,2.730264826749428e-05,62,119,10,62.30366492146597,
MDPE,OADNet_text,s4_prevalence_inverse,,2.0,2.0,191,-0.04334357690264816,-0.04166666666666665,-0.05350576675013277,-0.033342628424007884,0.0,3.567363917293169e-13,4.0672472733377856e-10,51,136,4,71.20418848167539,
MDPE,OADNet_text,s4_prevalence_inverse,,3.0,0.25,191,0.037279952955459446,0.031249999999999993,0.029150542529782227,0.045507566488352684,0.0,3.5937424773856564e-13,3.0175689862078705e-07,131,60,0,31.413612565445025,
MDPE,OADNet_text,s4_prevalence_inverse,,3.0,0.5,191,0.026030047803323467,0.016666666666666673,0.01917347200091054,0.03324581246680324,0.0,2.16158198439782e-09,0.00011944598083062452,119,66,6,34.55497382198953,0.0
MDPE,OADNet_text,s4_prevalence_inverse,,3.0,1.0,191,0.003530237499051522,0.008333333333333304,-0.0025381762652705066,0.00983387396615828,0.2522,0.3254017819870796,0.18316836464552844,101,82,8,42.93193717277487,
MDPE,OADNet_text,s4_prevalence_inverse,,3.0,2.0,191,-0.04146938310949238,-0.04166666666666665,-0.05239230025039838,-0.030439904393353062,0.0,6.841831605570514e-11,1.0790020404868343e-06,60,127,4,66.49214659685863,
MDPE,OADNet_text,s4_prevalence_inverse,,5.0,0.25,191,0.09832735791789969,0.06875,0.0816021345511799,0.11570948573488123,0.0,7.39941486527425e-20,3.1264598795579136e-11,141,50,0,26.17801047120419,
MDPE,OADNet_text,s4_prevalence_inverse,,5.0,0.5,191,0.08444779573564001,0.058333333333333307,0.06934747040746642,0.10049652856817663,0.0,4.981895140048841e-18,6.380140059120238e-10,138,53,0,27.748691099476442,
MDPE,OADNet_text,s4_prevalence_inverse,,5.0,1.0,191,0.05668867137112072,0.033333333333333395,0.043702054404734805,0.07032234046589268,0.0,5.05646295149129e-13,4.16237547111214e-08,131,56,4,29.31937172774869,
MDPE,OADNet_text,s4_prevalence_inverse,,5.0,2.0,191,0.001170422642082103,0.008333333333333349,-0.012595843766598376,0.015122733136049771,0.8608,0.6180401977074793,0.27391998687270525,102,86,3,45.0261780104712,
MDPE,OADNet_text,s4_prevalence_inverse,,10.0,0.25,191,0.2674785643827301,0.20625000000000004,0.22937239168373927,0.30658384076940587,0.0,2.378155590664125e-25,3.0443674477449006e-15,149,42,0,21.98952879581152,
MDPE,OADNet_text,s4_prevalence_inverse,,10.0,0.5,191,0.24770657864784884,0.18333333333333335,0.21188085685560362,0.28498712440245844,0.0,8.629109814251876e-25,4.761866709466042e-15,148,42,1,21.98952879581152,
MDPE,OADNet_text,s4_prevalence_inverse,,10.0,1.0,191,0.20816260717808635,0.15000000000000002,0.17503978867895892,0.24107310873359128,0.0,3.4900314033076526e-23,3.586135686776723e-16,150,40,1,20.94240837696335,
MDPE,OADNet_text,s4_prevalence_inverse,,10.0,2.0,191,0.12907466423856134,0.09999999999999995,0.10105058236588511,0.15749838758631146,0.0,1.686285828568253e-14,2.779309612709914e-10,137,51,3,26.701570680628272,
MDPE,OADNet_audio,s4_prevalence_inverse,,1.0,0.25,191,-0.003916268305637758,-0.004166666666666663,-0.00598633479399044,-0.0017693869034069358,0.0006,2.5431606021280377e-05,0.00018306973677066906,68,120,3,62.82722513089005,
MDPE,OADNet_audio,s4_prevalence_inverse,,1.0,0.5,191,-0.00661089612261932,-0.004166666666666685,-0.00800613191440929,-0.005191972076788832,0.0,3.0926325323734693e-15,1.5647461671951278e-14,38,138,15,72.25130890052355,
MDPE,OADNet_audio,s4_prevalence_inverse,,1.0,1.0,191,-0.012000151756582441,-0.008333333333333326,-0.01627594089081114,-0.00789888269216177,0.0,7.851090550972599e-07,7.370834538660162e-05,58,110,23,57.59162303664922,
MDPE,OADNet_audio,s4_prevalence_inverse,,1.0,2.0,191,-0.022778663024508695,-0.016666666666666653,-0.034820547841262615,-0.011521833978298814,0.0002,0.0009105405819455955,0.006223898536964392,73,111,7,58.1151832460733,
MDPE,OADNet_audio,s4_prevalence_inverse,,2.0,0.25,191,0.007584035207527126,-1.1102230246251566e-17,0.002133424861522119,0.013312371955383562,0.0088,0.10224256773191931,0.8843829672609315,93,96,2,50.26178010471204,
MDPE,OADNet_audio,s4_prevalence_inverse,,2.0,0.5,191,0.003632673192199711,-1.1102230246251566e-17,0.00019818461188254085,0.007232149631990287,0.0436,0.46217462982643687,0.30069693751806376,84,99,8,51.832460732984295,
MDPE,OADNet_audio,s4_prevalence_inverse,,2.0,1.0,191,-0.004270050838455118,0.0,-0.009729541315729572,0.0010585495864633135,0.1231,0.1772877050516276,0.880559917404093,87,90,14,47.12041884816754,
MDPE,OADNet_audio,s4_prevalence_inverse,,2.0,2.0,191,-0.020075498899764784,-0.016666666666666698,-0.03717286971697398,-0.003381800591850685,0.021,0.022715076419388757,0.08058113741204015,82,107,2,56.02094240837696,
MDPE,OADNet_audio,s4_prevalence_inverse,,3.0,0.25,191,0.029249658547689503,0.0020833333333333424,0.01936034600500797,0.039359563510129744,0.0,2.27695900212421e-05,0.3430902789249582,101,87,3,45.54973821989529,
MDPE,OADNet_audio,s4_prevalence_inverse,,3.0,0.5,191,0.02421750512178465,0.004166666666666674,0.017077097086273613,0.03183570927232719,0.0,7.724049154467198e-07,0.026306663874610302,107,76,8,39.79057591623037,0.0
MDPE,OADNet_audio,s4_prevalence_inverse,,3.0,1.0,191,0.01415319826997496,0.016666666666666653,0.008175885879050007,0.020147820396084676,0.0,1.0673434375304873e-06,2.6805234637092865e-07,124,55,12,28.79581151832461,
MDPE,OADNet_audio,s4_prevalence_inverse,,3.0,2.0,191,-0.005975415433644437,-0.008333333333333349,-0.02336861673875104,0.011393409970407461,0.5006,0.39452878552685644,0.18793326274141772,84,103,4,53.92670157068062,
MDPE,OADNet_audio,s4_prevalence_inverse,,5.0,0.25,191,0.07444608847408757,0.014583333333333342,0.055737288015023895,0.0935563088056757,0.0,4.0499480661353305e-08,0.12540008404533773,105,83,3,43.455497382198956,
MDPE,OADNet_audio,s4_prevalence_inverse,,5.0,0.5,191,0.06886524015479173,0.012500000000000034,0.053054528037028606,0.08535774243114046,0.0,2.6388849036820258e-11,3.356683146427528e-05,121,64,6,33.50785340314136,
MDPE,OADNet_audio,s4_prevalence_inverse,,5.0,1.0,191,0.057703543516200016,0.04166666666666667,0.04597081531223916,0.06985165794066318,0.0,6.30743494999814e-18,4.7572728085613036e-14,141,41,9,21.465968586387437,
MDPE,OADNet_audio,s4_prevalence_inverse,,5.0,2.0,191,0.03538015023901661,0.025,0.019584518931633668,0.051749279156233396,0.0,1.9457110386293212e-05,0.0005333992648071433,117,69,5,36.12565445026178,
MDPE,OADNet_audio,s4_prevalence_inverse,,10.0,0.25,191,0.199840181349116,0.05416666666666668,0.15547706104408526,0.24614188529099323,0.0,1.2558803991208995e-11,0.048643466997886096,108,80,3,41.8848167539267,
MDPE,OADNet_audio,s4_prevalence_inverse,,10.0,0.5,191,0.19282855300098645,0.05416666666666666,0.15285017831398437,0.23600469971166246,0.0,8.016463912201027e-15,2.2931910535192875e-06,126,61,4,31.93717277486911,
MDPE,OADNet_audio,s4_prevalence_inverse,,10.0,1.0,191,0.17880529630472722,0.06666666666666668,0.14385751005387357,0.21520904469231353,0.0,7.988547037269359e-23,6.339331068662102e-20,150,31,10,16.230366492146597,
MDPE,OADNet_audio,s4_prevalence_inverse,,10.0,2.0,191,0.15075878291220882,0.1333333333333333,0.124640289475681,0.17766916116549059,0.0,5.747944481806974e-21,9.628713725647099e-18,150,36,5,18.848167539267017,
SEUMLD,OADNet_text,s5_exact_budget_match,,1.0,0.25,76,0.0,0.0,0.0,0.0,1.0,1.0,1.0,0,0,76,0.0,
SEUMLD,OADNet_text,s5_exact_budget_match,,1.0,0.5,76,0.0,0.0,0.0,0.0,1.0,1.0,1.0,0,0,76,0.0,
SEUMLD,OADNet_text,s5_exact_budget_match,,1.0,1.0,76,0.0,0.0,0.0,0.0,1.0,1.0,1.0,0,0,76,0.0,
SEUMLD,OADNet_text,s5_exact_budget_match,,1.0,2.0,76,0.0,0.0,0.0,0.0,1.0,1.0,1.0,0,0,76,0.0,
SEUMLD,OADNet_text,s5_exact_budget_match,,2.0,0.25,76,0.0032075881909390917,-0.0019490254872563673,-0.0035790263998529545,0.010535971577576483,0.3694,0.894966326212415,0.42219110499231566,34,42,0,55.26315789473685,
SEUMLD,OADNet_text,s5_exact_budget_match,,2.0,0.5,76,-0.0059117804131991,-0.007681159420289829,-0.01301260820367257,0.0014143474426279144,0.1155,0.06045480956616281,0.007084252673880489,25,49,2,64.47368421052632,
SEUMLD,OADNet_text,s5_exact_budget_match,,2.0,1.0,76,-0.024150517621475492,-0.019758454106280188,-0.03327756722257472,-0.01518748850795125,0.0,8.794546321151667e-06,4.3689322062244415e-05,20,56,0,73.68421052631578,
SEUMLD,OADNet_text,s5_exact_budget_match,,2.0,2.0,76,-0.06062799203802826,-0.051219512195121976,-0.07590197664327618,-0.04622637376475857,0.0,5.763515501762853e-10,3.108521862394645e-10,11,64,1,84.21052631578947,
SEUMLD,OADNet_text,s5_exact_budget_match,,3.0,0.25,76,0.01734806728350829,0.0023772204806687515,0.0046987660234857455,0.030375863114539384,0.0099,0.13324184316247986,0.9087769252754927,39,37,0,48.68421052631579,
SEUMLD,OADNet_text,s5_exact_budget_match,,3.0,0.5,76,0.004813961197199156,-0.0067424242424242165,-0.008054811193666026,0.017884025734866943,0.4806,0.9463383415568286,0.566573442398685,35,41,0,53.94736842105263,0.4806
SEUMLD,OADNet_text,s5_exact_budget_match,,3.0,1.0,76,-0.020254250975419122,-0.01996047430830039,-0.0354689218804001,-0.005202246879313785,0.0109,0.017291472282762423,0.060370037339928545,28,45,3,59.210526315789465,
SEUMLD,OADNet_text,s5_exact_budget_match,,3.0,2.0,76,-0.07039067532065568,-0.0747093023255814,-0.09358751451783968,-0.048337796576145176,0.0,2.3456889861740323e-07,0.0007645817391550476,23,53,0,69.73684210526315,
SEUMLD,OADNet_text,s5_exact_budget_match,,5.0,0.25,76,0.04455354665495832,0.011812200956937788,0.022335158926518342,0.06876519449268687,0.0003,0.007787108383950831,0.42219110499231566,42,34,0,44.73684210526316,
SEUMLD,OADNet_text,s5_exact_budget_match,,5.0,0.5,76,0.02912847558592306,0.0015151515151515138,0.006285187258486687,0.053552325337826175,0.0175,0.11136246687351375,1.0,38,37,1,48.68421052631579,
SEUMLD,OADNet_text,s5_exact_budget_match,,5.0,1.0,76,-0.0017216665521474824,-0.018191214470284246,-0.027878164826360616,0.02516798060707431,0.9059,0.5666823351363618,0.6444639138942256,35,40,1,52.63157894736842,
SEUMLD,OADNet_text,s5_exact_budget_match,,5.0,2.0,76,-0.06342195082828857,-0.05122242098986285,-0.09911185788854394,-0.02808979978141229,0.0004,0.0022532843333861064,0.007905180027859783,26,50,0,65.78947368421053,
SEUMLD,OADNet_text,s5_exact_budget_match,,10.0,0.25,76,0.13341744348526824,0.05170289855072464,0.08481539817164416,0.18781684354219932,0.0,6.851510441580584e-05,0.13538510529943087,45,31,0,40.78947368421053,
SEUMLD,OADNet_text,s5_exact_budget_match,,10.0,0.5,76,0.11422035344461873,0.03430232558139535,0.0639543280573917,0.16965985619733104,0.0,0.0018771493415593408,0.42219110499231566,42,34,0,44.73684210526316,
SEUMLD,OADNet_text,s5_exact_budget_match,,10.0,1.0,76,0.07582617336331976,-1.1102230246251566e-17,0.022535298908214464,0.13106719046001017,0.0092,0.06457415527292969,1.0,37,38,1,50.0,
SEUMLD,OADNet_text,s5_exact_budget_match,,10.0,2.0,76,-0.0009621867992781933,-0.047580645161290236,-0.061539766314579435,0.06113100049097337,0.9746,0.6598828064875757,0.3018724904870079,33,43,0,56.57894736842105,
SEUMLD,OADNet_audio,s5_exact_budget_match,,1.0,0.25,76,0.0,0.0,0.0,0.0,1.0,1.0,1.0,0,0,76,0.0,
SEUMLD,OADNet_audio,s5_exact_budget_match,,1.0,0.5,76,0.0,0.0,0.0,0.0,1.0,1.0,1.0,0,0,76,0.0,
SEUMLD,OADNet_audio,s5_exact_budget_match,,1.0,1.0,76,0.0,0.0,0.0,0.0,1.0,1.0,1.0,0,0,76,0.0,
SEUMLD,OADNet_audio,s5_exact_budget_match,,1.0,2.0,76,0.0,0.0,0.0,0.0,1.0,1.0,1.0,0,0,76,0.0,
SEUMLD,OADNet_audio,s5_exact_budget_match,,2.0,0.25,76,0.0025920802686471927,-0.004545454545454547,-0.003441444462979639,0.009184263130458706,0.4324,0.3842767218763451,0.02651683255068482,27,47,2,61.8421052631579,
SEUMLD,OADNet_audio,s5_exact_budget_match,,2.0,0.5,76,-0.00036371899600909206,-0.004598308668076118,-0.006354943301836752,0.005903782358607085,0.9093,0.35712727912458997,0.10064367752023572,29,44,3,57.89473684210527,
SEUMLD,OADNet_audio,s5_exact_budget_match,,2.0,1.0,76,-0.006275317525321673,0.0,-0.014070386377934247,0.001368836310925087,0.1242,0.20495538153381276,0.8099490529189248,33,36,7,47.368421052631575,
SEUMLD,OADNet_audio,s5_exact_budget_match,,2.0,2.0,76,-0.01809851458394682,-2.2204460492503132e-17,-0.033216450525482596,-0.003769718732245403,0.0179,0.04661606759800416,0.5504125118224712,32,38,6,50.0,
SEUMLD,OADNet_audio,s5_exact_budget_match,,3.0,0.25,76,0.014577575464550446,-0.005971479500891263,0.0023089555469112343,0.028331652399862746,0.0307,0.8037366033617028,0.13538510529943087,31,45,0,59.210526315789465,
SEUMLD,OADNet_audio,s5_exact_budget_match,,3.0,0.5,76,0.010034536439633972,-0.00582497212931995,-0.0015174916952193944,0.02237731600426583,0.107,0.81262634801716,0.13017768031912758,30,44,2,57.89473684210527,0.214
SEUMLD,OADNet_audio,s5_exact_budget_match,,3.0,1.0,76,0.00094845838980102,0.0,-0.011644895598619536,0.013846037479000334,0.8838,0.9451817318974454,1.0,35,34,7,44.73684210526316,
SEUMLD,OADNet_audio,s5_exact_budget_match,,3.0,2.0,76,-0.01722369770986487,-0.007125603864734287,-0.03880193056008767,0.0036558584667392416,0.1121,0.23577172874423025,0.7310088822226056,36,40,0,52.63157894736842,
SEUMLD,OADNet_audio,s5_exact_budget_match,,5.0,0.25,76,0.052262963196173726,-0.006155303030303041,0.02563697055618976,0.0820306382089823,0.0,0.1421634666900294,0.42219110499231566,34,42,0,55.26315789473685,
SEUMLD,OADNet_audio,s5_exact_budget_match,,5.0,0.5,76,0.0447811790997038,-0.001219512195121958,0.019809171932379247,0.07226524957871777,0.0009,0.06119627367058283,0.7275470834894697,35,39,2,51.31578947368421,
SEUMLD,OADNet_audio,s5_exact_budget_match,,5.0,1.0,76,0.029817610906763943,0.009423503325942361,0.006897588071745762,0.054554617123370494,0.0177,0.049867501099617885,0.1480321806927584,41,28,7,36.84210526315789,
SEUMLD,OADNet_audio,s5_exact_budget_match,,5.0,2.0,76,-0.00010952547911577184,0.030709534368070956,-0.029935302220110448,0.02860800139865157,0.9949,0.6655153074774715,0.42219110499231566,42,34,0,44.73684210526316,
SEUMLD,OADNet_audio,s5_exact_budget_match,,10.0,0.25,76,0.16151004098587923,-0.0047727272727272705,0.09541496225968528,0.2357188163482051,0.0,0.030792203596687155,0.8175538505509841,36,39,1,51.31578947368421,
SEUMLD,OADNet_audio,s5_exact_budget_match,,10.0,0.5,76,0.15153355361065157,0.0026021080368906603,0.08851095622287809,0.2234584929286834,0.0,0.006154780288878007,0.7275470834894697,39,35,2,46.05263157894737,
SEUMLD,OADNet_audio,s5_exact_budget_match,,10.0,1.0,76,0.13158057886019633,0.030368906455862998,0.07342246121546245,0.19609772779117537,0.0,0.00033086902458389896,0.004903382516355935,46,22,8,28.947368421052634,
SEUMLD,OADNet_audio,s5_exact_budget_match,,10.0,2.0,76,0.09167462935928579,0.06304347826086959,0.03679144464669368,0.14829846165894228,0.0012,0.0038067090376790315,0.005228243004014281,50,25,1,32.89473684210527,
MDPE,OADNet_text,s5_exact_budget_match,,1.0,0.25,191,0.0,0.0,0.0,0.0,1.0,1.0,1.0,0,0,191,0.0,
MDPE,OADNet_text,s5_exact_budget_match,,1.0,0.5,191,0.0,0.0,0.0,0.0,1.0,1.0,1.0,0,0,191,0.0,
MDPE,OADNet_text,s5_exact_budget_match,,1.0,1.0,191,0.0,0.0,0.0,0.0,1.0,1.0,1.0,0,0,191,0.0,
MDPE,OADNet_text,s5_exact_budget_match,,1.0,2.0,191,0.0,0.0,0.0,0.0,1.0,1.0,1.0,0,0,191,0.0,
MDPE,OADNet_text,s5_exact_budget_match,,2.0,0.25,191,0.005198611427270658,0.004166666666666663,0.002365458304878974,0.008077777619698003,0.0004,0.012169060650217594,0.21492179659284366,103,85,3,44.50261780104712,
MDPE,OADNet_text,s5_exact_budget_match,,2.0,0.5,191,0.0010072843159572055,0.0,-0.0014454814477577952,0.0034372865923059425,0.4204,0.854301837941074,0.7094997422022832,87,93,11,48.69109947643979,
MDPE,OADNet_text,s5_exact_budget_match,,2.0,1.0,191,-0.007375369906669699,-0.008333333333333326,-0.010420033765839588,-0.004370589574322786,0.0,2.6941465819114586e-05,0.0013382290107702688,65,108,18,56.54450261780105,
MDPE,OADNet_text,s5_exact_budget_match,,2.0,2.0,191,-0.024140678351923513,-0.024999999999999956,-0.031053427801805897,-0.01740832953941877,0.0,8.412746896511361e-10,5.90386192308644e-07,58,126,7,65.96858638743456,
MDPE,OADNet_text,s5_exact_budget_match,,3.0,0.25,191,0.021901794521587376,0.014583333333333327,0.016216008896729646,0.02792049614917672,0.0,1.6702417790740022e-09,0.0006125635007924331,119,71,1,37.17277486910995,
MDPE,OADNet_text,s5_exact_budget_match,,3.0,0.5,191,0.014427308597010394,0.008333333333333326,0.00941457527126489,0.01958421067607557,0.0,1.7746803418203133e-05,0.03511193479805759,110,80,1,41.8848167539267,0.0
MDPE,OADNet_text,s5_exact_budget_match,,3.0,1.0,191,-0.0005216632521435612,0.0,-0.005131316867744137,0.004146890887017221,0.8259,0.5687826634892874,0.4044033069094141,81,93,17,48.69109947643979,
MDPE,OADNet_text,s5_exact_budget_match,,3.0,2.0,191,-0.03041960695045148,-0.025,-0.03866568024888079,-0.022342268002124598,0.0,1.7407447367052555e-10,3.086880963477329e-07,58,128,5,67.01570680628272,
MDPE,OADNet_text,s5_exact_budget_match,,5.0,0.25,191,0.06916116549055315,0.03958333333333334,0.05552629894149785,0.0835606599514379,0.0,1.19775764355994e-15,5.8641749693511004e-08,133,58,0,30.36649214659686,
MDPE,OADNet_text,s5_exact_budget_match,,5.0,0.5,191,0.05818157675089156,0.033333333333333305,0.04521177156840427,0.07148408452841641,0.0,2.0736705263993111e-13,1.6860965470030651e-06,127,61,3,31.93717277486911,
MDPE,OADNet_text,s5_exact_budget_match,,5.0,1.0,191,0.0362223992715684,0.016666666666666653,0.025261211017527888,0.04757787009636543,0.0,1.2406485298811874e-07,0.00014165227387663654,121,68,2,35.602094240837694,
MDPE,OADNet_text,s5_exact_budget_match,,5.0,2.0,191,-0.007695955687077924,-0.008333333333333304,-0.01927531489490856,0.0038567038470293624,0.1905,0.1383534800880247,0.5071267761548859,87,97,7,50.78534031413613,
MDPE,OADNet_text,s5_exact_budget_match,,10.0,0.25,191,0.1961747856438273,0.13333333333333333,0.16450899631990287,0.22928060266332806,0.0,2.5288845415659152e-23,2.3960182267252e-10,139,52,0,27.225130890052355,
MDPE,OADNet_text,s5_exact_budget_match,,10.0,0.5,191,0.18001176113513923,0.12083333333333332,0.1503583589422566,0.21202715968586386,0.0,2.8257660840853904e-21,4.6330870548459496e-11,140,50,1,26.17801047120419,
MDPE,OADNet_text,s5_exact_budget_match,,10.0,1.0,191,0.14768571211776313,0.09166666666666663,0.11970658813263525,0.17656930533424386,0.0,5.221124033717918e-18,8.268710330655722e-12,141,48,2,25.13089005235602,
MDPE,OADNet_text,s5_exact_budget_match,,10.0,2.0,191,0.08303361408301087,0.05,0.0587165187039988,0.10748918734350103,0.0,1.0928483365732227e-08,2.6065301536566627e-06,127,62,2,32.460732984293195,
MDPE,OADNet_audio,s5_exact_budget_match,,1.0,0.25,191,0.0,0.0,0.0,0.0,1.0,1.0,1.0,0,0,191,0.0,
MDPE,OADNet_audio,s5_exact_budget_match,,1.0,0.5,191,0.0,0.0,0.0,0.0,1.0,1.0,1.0,0,0,191,0.0,
MDPE,OADNet_audio,s5_exact_budget_match,,1.0,1.0,191,0.0,0.0,0.0,0.0,1.0,1.0,1.0,0,0,191,0.0,
MDPE,OADNet_audio,s5_exact_budget_match,,1.0,2.0,191,0.0,0.0,0.0,0.0,1.0,1.0,1.0,0,0,191,0.0,
MDPE,OADNet_audio,s5_exact_budget_match,,2.0,0.25,191,0.001403748387586312,-0.002083333333333337,-0.0016580236550572888,0.004735433739282189,0.4016,0.720005373654413,0.10173298321807797,79,102,10,53.403141361256544,
MDPE,OADNet_audio,s5_exact_budget_match,,2.0,0.5,191,-0.0006051293724865312,0.0,-0.002796115031489491,0.001675985469307231,0.6033,0.21159726555642366,0.28989252377520636,80,95,16,49.73821989528796,
MDPE,OADNet_audio,s5_exact_budget_match,,2.0,1.0,191,-0.004622884892632219,0.0,-0.007938813642916764,-0.0012633735488276818,0.0071,0.022234100838320756,0.6343339062839166,76,83,32,43.455497382198956,
MDPE,OADNet_audio,s5_exact_budget_match,,2.0,2.0,191,-0.012658395932923594,0.0,-0.022393628120494734,-0.0033632578344335745,0.0091,0.023292535412894524,0.40973607358085473,83,95,13,49.73821989528796,
MDPE,OADNet_audio,s5_exact_budget_match,,3.0,0.25,191,0.015387168980954548,-1.1102230246251566e-17,0.008940644206692468,0.02253158433872069,0.0,0.004158581588029013,0.7699893951857697,91,96,4,50.26178010471204,
MDPE,OADNet_audio,s5_exact_budget_match,,3.0,0.5,191,0.012252447074891875,0.0,0.007395287958115182,0.017364746945898776,0.0,0.00120862490787689,0.5000546060016107,94,84,13,43.97905759162304,0.0
MDPE,OADNet_audio,s5_exact_budget_match,,3.0,1.0,191,0.005983003262766523,0.008333333333333326,0.0017945215873738532,0.010209424083769635,0.0067,0.006416843033928027,0.0031719670751109417,108,68,15,35.602094240837694,
MDPE,OADNet_audio,s5_exact_budget_match,,3.0,2.0,191,-0.006555884361484181,-4.4408920985006264e-17,-0.01874004097427726,0.005267850368009704,0.2972,0.31185200557456505,0.5565347647566327,88,97,6,50.78534031413613,
MDPE,OADNet_audio,s5_exact_budget_match,,5.0,0.25,191,0.050958911905303876,0.0,0.036031553513164886,0.06708033376963352,0.0,9.1318082501781e-06,0.9415748463707182,92,94,5,49.21465968586388,
MDPE,OADNet_audio,s5_exact_budget_match,,5.0,0.5,191,0.04652477426208362,1.1102230246251566e-17,0.033809943850064486,0.05993555087639425,0.0,1.7065302126698e-07,0.11727865310746043,101,79,11,41.361256544502616,
MDPE,OADNet_audio,s5_exact_budget_match,,5.0,1.0,191,0.03765649897564307,0.016666666666666698,0.028207565065634727,0.047492459594809924,0.0,2.637762284653255e-13,2.063009137768868e-11,132,44,15,23.036649214659686,
MDPE,OADNet_audio,s5_exact_budget_match,,5.0,2.0,191,0.019919948402761966,0.01666666666666674,0.008154924501100232,0.03176293724865315,0.0012,0.001286108095908778,0.0009180999579128616,116,70,5,36.64921465968586,
MDPE,OADNet_audio,s5_exact_budget_match,,10.0,0.25,191,0.143470198801123,0.0,0.10746361398816298,0.18140334528416419,0.0,1.524865137713369e-06,0.7687855622330493,90,95,6,49.73821989528796,
MDPE,OADNet_audio,s5_exact_budget_match,,10.0,0.5,191,0.13821515289475683,0.004166666666666674,0.10455810380150242,0.1732718956294104,0.0,2.038720158334361e-08,0.15653146957815167,100,80,11,41.8848167539267,
MDPE,OADNet_audio,s5_exact_budget_match,,10.0,1.0,191,0.12770506108202442,0.04166666666666665,0.09908267888307153,0.15754813529099324,0.0,1.315538816212887e-18,5.172890389187347e-14,139,40,12,20.94240837696335,
MDPE,OADNet_audio,s5_exact_budget_match,,10.0,2.0,191,0.10668487745655968,0.0833333333333333,0.0857572653463844,0.12900926663631535,0.0,1.0431023958430088e-18,3.973373933536242e-16,146,38,7,19.895287958115183,
